ashkenazi_reference_test/02_finalize_clean_manifest.sh	8760 bytes	2026-07-18 06:49:00.2328167640
ashkenazi_reference_test/02_review_qc_and_build_manifest.sh	9047 bytes	2026-07-18 06:42:21.3819180380
ashkenazi_reference_test/03_subset_eigenstrat_panel.sh	11913 bytes	2026-07-18 06:56:23.6960211850
ashkenazi_reference_test/03a_transpose_aadr_genotype.sh	3702 bytes	2026-07-18 07:12:49.7933482140
ashkenazi_reference_test/03b_build_exact_panel_subsets.sh	12313 bytes	2026-07-18 07:22:01.9460411390
ashkenazi_reference_test/03c_audit_panel_integrity.py	5612 bytes	2026-07-18 07:28:40.5732158200
ashkenazi_reference_test/04a_convert_panels_to_plink.sh	3677 bytes	2026-07-18 07:29:57.9832585060
ashkenazi_reference_test/05_analyze_pca.py	18456 bytes	2026-07-18 08:30:25.1794426020
ashkenazi_reference_test/06_run_fst.py	69012 bytes	2026-07-18 09:00:41.4961494220
ashkenazi_reference_test/256	0 bytes	2026-07-18 07:50:01.5545702300
ashkenazi_reference_test/__pycache__/05_analyze_pca.cpython-312.pyc	24748 bytes	2026-07-18 08:30:25.2172936490
ashkenazi_reference_test/__pycache__/06_run_fst.cpython-312.pyc	92920 bytes	2026-07-18 09:00:41.5409659250
ashkenazi_reference_test/aadr_latest.json	23556 bytes	2026-07-18 05:33:20.6031783040
ashkenazi_reference_test/backups/02_finalize_clean_manifest_20260718_064900/modern_panel_exclusions.tsv	3965 bytes	2026-07-18 06:48:17.1739361920
ashkenazi_reference_test/backups/02_finalize_clean_manifest_20260718_064900/modern_panel_primary.tsv	54787 bytes	2026-07-18 06:48:17.1726601980
ashkenazi_reference_test/backups/02_finalize_clean_manifest_20260718_064900/modern_panel_primary_ids.txt	4981 bytes	2026-07-18 06:48:17.1737879850
ashkenazi_reference_test/backups/02_finalize_clean_manifest_20260718_064900/modern_panel_strict_pass.tsv	31513 bytes	2026-07-18 06:48:17.1734086210
ashkenazi_reference_test/backups/02_finalize_clean_manifest_20260718_064900/modern_panel_strict_pass_ids.txt	3349 bytes	2026-07-18 06:48:17.1738544360
ashkenazi_reference_test/backups/02_review_qc_and_build_manifest_before_header_fix_20260718_064221.sh	9121 bytes	2026-07-18 06:38:36.7854253700
ashkenazi_reference_test/backups/03a_transpose_aadr_genotype.sh.before_regex_header_fix	3403 bytes	2026-07-18 07:12:49.7932159340
ashkenazi_reference_test/backups/03a_transpose_aadr_genotype_before_header_fix_20260718_070853.sh	3403 bytes	2026-07-18 07:06:03.7944128710
ashkenazi_reference_test/backups/03b_build_exact_panel_subsets_20260718_072201/modern_primary.geno	25735518 bytes	2026-07-18 07:19:30.5851079370
ashkenazi_reference_test/backups/03b_build_exact_panel_subsets_20260718_072201/modern_primary.ind	13234 bytes	2026-07-18 07:19:30.5913429000
ashkenazi_reference_test/backups/03b_build_exact_panel_subsets_20260718_072201/modern_primary.snp	17433675 bytes	2026-07-18 07:19:30.0599699150
ashkenazi_reference_test/backups/03b_build_exact_panel_subsets_20260718_072201/modern_strict_pass.geno	17157012 bytes	2026-07-18 07:19:33.6332775150
ashkenazi_reference_test/backups/03b_build_exact_panel_subsets_20260718_072201/modern_strict_pass.ind	8923 bytes	2026-07-18 07:19:33.6398248230
ashkenazi_reference_test/backups/03b_build_exact_panel_subsets_20260718_072201/modern_strict_pass.snp	17433675 bytes	2026-07-18 07:19:33.2265916770
ashkenazi_reference_test/data/eigenstrat/modern_primary.geno	25735518 bytes	2026-07-18 07:22:35.1038949800
ashkenazi_reference_test/data/eigenstrat/modern_primary.ind	13234 bytes	2026-07-18 07:22:35.1067450910
ashkenazi_reference_test/data/eigenstrat/modern_primary.snp	17433675 bytes	2026-07-18 07:22:34.5427437260
ashkenazi_reference_test/data/eigenstrat/modern_strict_pass.geno	17157012 bytes	2026-07-18 07:22:38.2099857200
ashkenazi_reference_test/data/eigenstrat/modern_strict_pass.ind	8923 bytes	2026-07-18 07:22:38.2142811930
ashkenazi_reference_test/data/eigenstrat/modern_strict_pass.snp	17433675 bytes	2026-07-18 07:22:37.7594840120
ashkenazi_reference_test/data/eigenstrat/v66.p1_compatibility_HO.aadr.patch.PUB.packed.geno	1909132674 bytes	2026-07-18 07:07:21.0167312950
ashkenazi_reference_test/data/plink/modern_primary.bed	25735428 bytes	2026-07-18 07:30:00.1709941720
ashkenazi_reference_test/data/plink/modern_primary.bim	12737973 bytes	2026-07-18 07:29:59.4757502240
ashkenazi_reference_test/data/plink/modern_primary.fam	11516 bytes	2026-07-18 07:29:59.4799776910
ashkenazi_reference_test/data/plink/modern_primary_audit.frq.counts	15219930 bytes	2026-07-18 07:30:00.3020578700
ashkenazi_reference_test/data/plink/modern_primary_audit.imiss	25984 bytes	2026-07-18 07:30:00.3258876350
ashkenazi_reference_test/data/plink/modern_primary_audit.lmiss	14113026 bytes	2026-07-18 07:30:00.3258876350
ashkenazi_reference_test/data/plink/modern_primary_audit.log	1252 bytes	2026-07-18 07:30:00.3258876350
ashkenazi_reference_test/data/plink/modern_primary_audit.nosex	171 bytes	2026-07-18 07:30:00.2657946720
ashkenazi_reference_test/data/plink/modern_primary_ld.log	2567 bytes	2026-07-18 08:01:49.0795060480
ashkenazi_reference_test/data/plink/modern_primary_ld.nosex	171 bytes	2026-07-18 08:01:48.5361288470
ashkenazi_reference_test/data/plink/modern_primary_ld.prune.in	784965 bytes	2026-07-18 08:01:49.0778114820
ashkenazi_reference_test/data/plink/modern_primary_ld.prune.out	1124716 bytes	2026-07-18 08:01:49.0794554050
ashkenazi_reference_test/data/plink/modern_primary_pca_admixture.bed	6559293 bytes	2026-07-18 08:10:11.9796326280
ashkenazi_reference_test/data/plink/modern_primary_pca_admixture.bim	2462473 bytes	2026-07-18 08:10:11.9855881310
ashkenazi_reference_test/data/plink/modern_primary_pca_admixture.fam	9301 bytes	2026-07-18 08:10:11.9855385300
ashkenazi_reference_test/data/plink/modern_primary_pca_admixture.log	1366 bytes	2026-07-18 08:10:11.9877754850
ashkenazi_reference_test/data/plink/modern_primary_pca_admixture.nosex	171 bytes	2026-07-18 08:10:11.8999046960
ashkenazi_reference_test/data/plink/modern_primary_qc_candidates.log	1394 bytes	2026-07-18 08:01:00.1207848270
ashkenazi_reference_test/data/plink/modern_primary_qc_candidates.nosex	171 bytes	2026-07-18 08:01:00.0843118070
ashkenazi_reference_test/data/plink/modern_primary_qc_candidates.snplist	1925234 bytes	2026-07-18 08:01:00.1207848270
ashkenazi_reference_test/data/plink/modern_strict_pass.bed	17156953 bytes	2026-07-18 07:30:01.9578933190
ashkenazi_reference_test/data/plink/modern_strict_pass.bim	12737973 bytes	2026-07-18 07:30:01.4219103420
ashkenazi_reference_test/data/plink/modern_strict_pass.fam	7810 bytes	2026-07-18 07:30:01.4285356150
ashkenazi_reference_test/data/plink/modern_strict_pass_audit.frq.counts	15219930 bytes	2026-07-18 07:30:02.0611015250
ashkenazi_reference_test/data/plink/modern_strict_pass_audit.imiss	17444 bytes	2026-07-18 07:30:02.0809466960
ashkenazi_reference_test/data/plink/modern_strict_pass_audit.lmiss	14113026 bytes	2026-07-18 07:30:02.0809466960
ashkenazi_reference_test/data/plink/modern_strict_pass_audit.log	1275 bytes	2026-07-18 07:30:02.0809466960
ashkenazi_reference_test/data/plink/modern_strict_pass_audit.nosex	102 bytes	2026-07-18 07:30:02.0200975550
ashkenazi_reference_test/data/plink/modern_strict_pass_ld.log	2584 bytes	2026-07-18 08:01:49.6470201140
ashkenazi_reference_test/data/plink/modern_strict_pass_ld.nosex	102 bytes	2026-07-18 08:01:49.1560892170
ashkenazi_reference_test/data/plink/modern_strict_pass_ld.prune.in	787371 bytes	2026-07-18 08:01:49.6453665420
ashkenazi_reference_test/data/plink/modern_strict_pass_ld.prune.out	1122310 bytes	2026-07-18 08:01:49.6470201140
ashkenazi_reference_test/data/plink/modern_strict_pass_pca_admixture.bed	4372863 bytes	2026-07-18 08:10:12.1787562600
ashkenazi_reference_test/data/plink/modern_strict_pass_pca_admixture.bim	2462473 bytes	2026-07-18 08:10:12.1828187600
ashkenazi_reference_test/data/plink/modern_strict_pass_pca_admixture.fam	6205 bytes	2026-07-18 08:10:12.1813583160
ashkenazi_reference_test/data/plink/modern_strict_pass_pca_admixture.log	1388 bytes	2026-07-18 08:10:12.1868812590
ashkenazi_reference_test/data/plink/modern_strict_pass_pca_admixture.nosex	102 bytes	2026-07-18 08:10:12.1026509390
ashkenazi_reference_test/data/plink/modern_strict_pass_qc_candidates.log	1407 bytes	2026-07-18 08:01:00.2423238620
ashkenazi_reference_test/data/plink/modern_strict_pass_qc_candidates.nosex	102 bytes	2026-07-18 08:01:00.2041290590
ashkenazi_reference_test/data/plink/modern_strict_pass_qc_candidates.snplist	1989987 bytes	2026-07-18 08:01:00.2423238620
ashkenazi_reference_test/logs/02_finalize_clean_manifest_20260718_064816.log	1274 bytes	2026-07-18 06:48:17.2167773550
ashkenazi_reference_test/logs/02_finalize_clean_manifest_20260718_064900.log	1274 bytes	2026-07-18 06:49:00.4827903920
ashkenazi_reference_test/logs/02_review_qc_and_build_manifest_20260718_063836.log	384 bytes	2026-07-18 06:38:36.9413940620
ashkenazi_reference_test/logs/02_review_qc_and_build_manifest_20260718_064221.log	1524 bytes	2026-07-18 06:42:21.6212968100
ashkenazi_reference_test/logs/03_subset_eigenstrat_panel_20260718_065623.log	1440 bytes	2026-07-18 06:56:30.4702468680
ashkenazi_reference_test/logs/03_subset_eigenstrat_panel_20260718_075002.log	257 bytes	2026-07-18 07:50:02.6032659320
ashkenazi_reference_test/logs/03a_transpose_aadr_genotype_20260718_070603.log	506 bytes	2026-07-18 07:07:21.1114981600
ashkenazi_reference_test/logs/03a_transpose_aadr_genotype_20260718_070853.log	410 bytes	2026-07-18 07:08:53.6547186400
ashkenazi_reference_test/logs/03a_transpose_aadr_genotype_20260718_071249.log	729 bytes	2026-07-18 07:12:53.0727877400
ashkenazi_reference_test/logs/03b_build_exact_panel_subsets_20260718_071858.log	4126 bytes	2026-07-18 07:19:33.7280392630
ashkenazi_reference_test/logs/03b_build_exact_panel_subsets_20260718_072201.log	4126 bytes	2026-07-18 07:22:38.3127317260
ashkenazi_reference_test/logs/04a_convert_panels_to_plink_20260718_072957.log	6254 bytes	2026-07-18 07:30:02.1365131740
ashkenazi_reference_test/manifests/02_final_manifest_checksums_20260718_064816.sha256	524 bytes	2026-07-18 06:48:17.2167773550
ashkenazi_reference_test/manifests/02_final_manifest_checksums_20260718_064900.sha256	524 bytes	2026-07-18 06:49:00.4827903920
ashkenazi_reference_test/manifests/02_input_checksums_20260718_063836.sha256	307 bytes	2026-07-18 06:38:36.8034803220
ashkenazi_reference_test/manifests/02_input_checksums_20260718_064221.sha256	307 bytes	2026-07-18 06:42:21.3925913910
ashkenazi_reference_test/manifests/03a_transpose_checksums_20260718_071249.sha256	243 bytes	2026-07-18 07:12:53.0688443040
ashkenazi_reference_test/manifests/03b_manifest_validation_20260718_071858.tsv	78 bytes	2026-07-18 07:19:33.6729737790
ashkenazi_reference_test/manifests/03b_manifest_validation_20260718_072201.tsv	78 bytes	2026-07-18 07:22:38.2540190050
ashkenazi_reference_test/manifests/03b_panel_checksums_20260718_071858.sha256	620 bytes	2026-07-18 07:19:33.7122456370
ashkenazi_reference_test/manifests/03b_panel_checksums_20260718_072201.sha256	620 bytes	2026-07-18 07:22:38.2929728790
ashkenazi_reference_test/manifests/03c_panel_integrity_audit_20260718_072840.tsv	682 bytes	2026-07-18 07:28:40.7005974490
ashkenazi_reference_test/manifests/03c_panel_integrity_audit_20260718_075620.tsv	682 bytes	2026-07-18 07:56:20.3002309310
ashkenazi_reference_test/manifests/04a_plink_checksums_20260718_072957.sha256	588 bytes	2026-07-18 07:30:02.1246060720
ashkenazi_reference_test/manifests/clean_population_ids.txt	2932 bytes	2026-07-18 06:42:21.5646449550
ashkenazi_reference_test/manifests/clean_population_manifest.tsv	31854 bytes	2026-07-18 06:42:21.5643372220
ashkenazi_reference_test/manifests/modern_panel_exclusions.tsv	3965 bytes	2026-07-18 06:49:00.4401931240
ashkenazi_reference_test/manifests/modern_panel_original_populations.txt	186 bytes	2026-07-18 07:22:38.2528018950
ashkenazi_reference_test/manifests/modern_panel_primary.tsv	54787 bytes	2026-07-18 06:49:00.4387008590
ashkenazi_reference_test/manifests/modern_panel_primary_ids.txt	4981 bytes	2026-07-18 06:49:00.4399567470
ashkenazi_reference_test/manifests/modern_panel_strict_pass.tsv	31513 bytes	2026-07-18 06:49:00.4394760230
ashkenazi_reference_test/manifests/modern_panel_strict_pass_ids.txt	3349 bytes	2026-07-18 06:49:00.4400490630
ashkenazi_reference_test/manifests/modern_primary_poplist.txt	217 bytes	2026-07-18 06:56:23.7293694880
ashkenazi_reference_test/manifests/modern_primary_relabel_full.ind	683054 bytes	2026-07-18 06:56:23.7241100410
ashkenazi_reference_test/manifests/pca_admixture_shared_ld_pruned_snps.txt	730439 bytes	2026-07-18 08:01:49.6983290040
ashkenazi_reference_test/manifests/pca_admixture_shared_qc_snps.txt	1909681 bytes	2026-07-18 08:01:00.3281265350
ashkenazi_reference_test/manifests/provisional_and_italian_review.tsv	14492 bytes	2026-07-18 06:44:40.0592187270
ashkenazi_reference_test/manifests/target_sample_review.tsv	61802 bytes	2026-07-18 06:42:21.5634586800
ashkenazi_reference_test/modern_italian_manifest.tsv	715 bytes	2026-07-18 05:51:33.6162688540
ashkenazi_reference_test/params/03_convertf_primary.par	786 bytes	2026-07-18 06:56:23.7328258450
ashkenazi_reference_test/params/03b_convertf_broad_20260718_071858.par	921 bytes	2026-07-18 07:18:58.2237720090
ashkenazi_reference_test/params/03b_convertf_broad_20260718_072201.par	921 bytes	2026-07-18 07:22:02.0062076710
ashkenazi_reference_test/params/03b_convertf_primary_20260718_071858.par	858 bytes	2026-07-18 07:19:26.2826725300
ashkenazi_reference_test/params/03b_convertf_primary_20260718_072201.par	858 bytes	2026-07-18 07:22:30.7265624020
ashkenazi_reference_test/params/03b_convertf_strict_pass_20260718_071858.par	868 bytes	2026-07-18 07:19:30.6156803230
ashkenazi_reference_test/params/03b_convertf_strict_pass_20260718_072201.par	868 bytes	2026-07-18 07:22:35.1311265310
ashkenazi_reference_test/params/04a_convert_primary_20260718_072957.par	700 bytes	2026-07-18 07:29:57.9954229440
ashkenazi_reference_test/params/04a_convert_strict_pass_20260718_072957.par	724 bytes	2026-07-18 07:30:00.3407609350
ashkenazi_reference_test/results/admixture/METHODS_STAGE07_ADMIXTURE.txt	1917 bytes	2026-07-18 10:54:56.0092946630
ashkenazi_reference_test/results/admixture/aligned/primary/K02/ashkenazi_comparator_component_distances.tsv	1565 bytes	2026-07-18 10:54:57.3636610570
ashkenazi_reference_test/results/admixture/aligned/primary/K02/best_replicate_unaligned.P	1269540 bytes	2026-07-18 09:34:28.9074140160
ashkenazi_reference_test/results/admixture/aligned/primary/K02/best_replicate_unaligned.Q	6642 bytes	2026-07-18 09:34:28.8154940130
ashkenazi_reference_test/results/admixture/aligned/primary/K02/consensus.P	1833780 bytes	2026-07-18 10:54:56.5867749460
ashkenazi_reference_test/results/admixture/aligned/primary/K02/consensus.Q	9594 bytes	2026-07-18 10:54:56.5233055410
ashkenazi_reference_test/results/admixture/aligned/primary/K02/population_mean_consensus_q.tsv	734 bytes	2026-07-18 10:54:56.5925953030
ashkenazi_reference_test/results/admixture/aligned/primary/K02/replicate_component_alignment.tsv	690 bytes	2026-07-18 10:54:56.5940971650
ashkenazi_reference_test/results/admixture/aligned/primary/K02/sample_consensus_q.tsv	20476 bytes	2026-07-18 10:54:56.5936322750
ashkenazi_reference_test/results/admixture/aligned/primary/K03/ashkenazi_comparator_component_distances.tsv	1564 bytes	2026-07-18 10:54:59.7378142340
ashkenazi_reference_test/results/admixture/aligned/primary/K03/best_replicate_unaligned.P	1904310 bytes	2026-07-18 09:35:09.4797165010
ashkenazi_reference_test/results/admixture/aligned/primary/K03/best_replicate_unaligned.Q	9963 bytes	2026-07-18 09:35:09.3759137850
ashkenazi_reference_test/results/admixture/aligned/primary/K03/consensus.P	2750670 bytes	2026-07-18 10:54:58.8467800570
ashkenazi_reference_test/results/admixture/aligned/primary/K03/consensus.Q	14391 bytes	2026-07-18 10:54:58.7703386650
ashkenazi_reference_test/results/admixture/aligned/primary/K03/population_mean_consensus_q.tsv	980 bytes	2026-07-18 10:54:58.8514772220
ashkenazi_reference_test/results/admixture/aligned/primary/K03/replicate_component_alignment.tsv	700 bytes	2026-07-18 10:54:58.8529418640
ashkenazi_reference_test/results/admixture/aligned/primary/K03/sample_consensus_q.tsv	25285 bytes	2026-07-18 10:54:58.8525571660
ashkenazi_reference_test/results/admixture/aligned/primary/K04/ashkenazi_comparator_component_distances.tsv	1561 bytes	2026-07-18 10:55:02.4515507160
ashkenazi_reference_test/results/admixture/aligned/primary/K04/best_replicate_unaligned.P	2539080 bytes	2026-07-18 09:35:47.7326096240
ashkenazi_reference_test/results/admixture/aligned/primary/K04/best_replicate_unaligned.Q	13284 bytes	2026-07-18 09:35:47.6208480220
ashkenazi_reference_test/results/admixture/aligned/primary/K04/consensus.P	3667560 bytes	2026-07-18 10:55:01.4067863660
ashkenazi_reference_test/results/admixture/aligned/primary/K04/consensus.Q	19188 bytes	2026-07-18 10:55:01.3362846660
ashkenazi_reference_test/results/admixture/aligned/primary/K04/population_mean_consensus_q.tsv	1226 bytes	2026-07-18 10:55:01.4130135000
ashkenazi_reference_test/results/admixture/aligned/primary/K04/replicate_component_alignment.tsv	711 bytes	2026-07-18 10:55:01.4144902020
ashkenazi_reference_test/results/admixture/aligned/primary/K04/sample_consensus_q.tsv	30094 bytes	2026-07-18 10:55:01.4140573630
ashkenazi_reference_test/results/admixture/aligned/primary/K05/ashkenazi_comparator_component_distances.tsv	1560 bytes	2026-07-18 10:55:05.4886203850
ashkenazi_reference_test/results/admixture/aligned/primary/K05/best_replicate_unaligned.P	3173850 bytes	2026-07-18 09:38:19.0028013720
ashkenazi_reference_test/results/admixture/aligned/primary/K05/best_replicate_unaligned.Q	16605 bytes	2026-07-18 09:38:18.8749932520
ashkenazi_reference_test/results/admixture/aligned/primary/K05/consensus.P	4584450 bytes	2026-07-18 10:55:04.3267879040
ashkenazi_reference_test/results/admixture/aligned/primary/K05/consensus.Q	23985 bytes	2026-07-18 10:55:04.2429097990
ashkenazi_reference_test/results/admixture/aligned/primary/K05/population_mean_consensus_q.tsv	1472 bytes	2026-07-18 10:55:04.3311465290
ashkenazi_reference_test/results/admixture/aligned/primary/K05/replicate_component_alignment.tsv	721 bytes	2026-07-18 10:55:04.3333276320
ashkenazi_reference_test/results/admixture/aligned/primary/K05/sample_consensus_q.tsv	34903 bytes	2026-07-18 10:55:04.3325552660
ashkenazi_reference_test/results/admixture/aligned/primary/K06/ashkenazi_comparator_component_distances.tsv	1561 bytes	2026-07-18 10:55:08.7715870610
ashkenazi_reference_test/results/admixture/aligned/primary/K06/best_replicate_unaligned.P	3808620 bytes	2026-07-18 09:40:09.4020514610
ashkenazi_reference_test/results/admixture/aligned/primary/K06/best_replicate_unaligned.Q	19926 bytes	2026-07-18 09:40:09.2653372480
ashkenazi_reference_test/results/admixture/aligned/primary/K06/consensus.P	5501340 bytes	2026-07-18 10:55:07.4547880050
ashkenazi_reference_test/results/admixture/aligned/primary/K06/consensus.Q	28782 bytes	2026-07-18 10:55:07.3669729430
ashkenazi_reference_test/results/admixture/aligned/primary/K06/population_mean_consensus_q.tsv	1718 bytes	2026-07-18 10:55:07.4625314900
ashkenazi_reference_test/results/admixture/aligned/primary/K06/replicate_component_alignment.tsv	732 bytes	2026-07-18 10:55:07.4641840630
ashkenazi_reference_test/results/admixture/aligned/primary/K06/sample_consensus_q.tsv	39712 bytes	2026-07-18 10:55:07.4636516830
ashkenazi_reference_test/results/admixture/aligned/primary/K07/ashkenazi_comparator_component_distances.tsv	1557 bytes	2026-07-18 10:55:12.3802621500
ashkenazi_reference_test/results/admixture/aligned/primary/K07/best_replicate_unaligned.P	4443390 bytes	2026-07-18 09:43:58.5857738890
ashkenazi_reference_test/results/admixture/aligned/primary/K07/best_replicate_unaligned.Q	23247 bytes	2026-07-18 09:43:58.4337173030
ashkenazi_reference_test/results/admixture/aligned/primary/K07/consensus.P	6418230 bytes	2026-07-18 10:55:10.8907914010
ashkenazi_reference_test/results/admixture/aligned/primary/K07/consensus.Q	33579 bytes	2026-07-18 10:55:10.7910303590
ashkenazi_reference_test/results/admixture/aligned/primary/K07/population_mean_consensus_q.tsv	1964 bytes	2026-07-18 10:55:10.8973478660
ashkenazi_reference_test/results/admixture/aligned/primary/K07/replicate_component_alignment.tsv	744 bytes	2026-07-18 10:55:10.8993655650
ashkenazi_reference_test/results/admixture/aligned/primary/K07/sample_consensus_q.tsv	44521 bytes	2026-07-18 10:55:10.8986591250
ashkenazi_reference_test/results/admixture/aligned/primary/K08/ashkenazi_comparator_component_distances.tsv	1562 bytes	2026-07-18 10:55:16.5701396070
ashkenazi_reference_test/results/admixture/aligned/primary/K08/best_replicate_unaligned.P	5078160 bytes	2026-07-18 09:45:47.6501914610
ashkenazi_reference_test/results/admixture/aligned/primary/K08/best_replicate_unaligned.Q	26568 bytes	2026-07-18 09:45:47.4902818030
ashkenazi_reference_test/results/admixture/aligned/primary/K08/consensus.P	7335120 bytes	2026-07-18 10:55:14.9307778480
ashkenazi_reference_test/results/admixture/aligned/primary/K08/consensus.Q	38376 bytes	2026-07-18 10:55:14.8056326610
ashkenazi_reference_test/results/admixture/aligned/primary/K08/population_mean_consensus_q.tsv	2210 bytes	2026-07-18 10:55:14.9405220070
ashkenazi_reference_test/results/admixture/aligned/primary/K08/replicate_component_alignment.tsv	751 bytes	2026-07-18 10:55:14.9428270980
ashkenazi_reference_test/results/admixture/aligned/primary/K08/sample_consensus_q.tsv	49330 bytes	2026-07-18 10:55:14.9421253220
ashkenazi_reference_test/results/admixture/aligned/primary/K09/ashkenazi_comparator_component_distances.tsv	1563 bytes	2026-07-18 10:55:20.9682801940
ashkenazi_reference_test/results/admixture/aligned/primary/K09/best_replicate_unaligned.P	5712930 bytes	2026-07-18 09:50:28.5547892590
ashkenazi_reference_test/results/admixture/aligned/primary/K09/best_replicate_unaligned.Q	29889 bytes	2026-07-18 09:50:28.3827855310
ashkenazi_reference_test/results/admixture/aligned/primary/K09/consensus.P	8252010 bytes	2026-07-18 10:55:19.1787759430
ashkenazi_reference_test/results/admixture/aligned/primary/K09/consensus.Q	43173 bytes	2026-07-18 10:55:19.0439412270
ashkenazi_reference_test/results/admixture/aligned/primary/K09/population_mean_consensus_q.tsv	2456 bytes	2026-07-18 10:55:19.1860365490
ashkenazi_reference_test/results/admixture/aligned/primary/K09/replicate_component_alignment.tsv	764 bytes	2026-07-18 10:55:19.1893674550
ashkenazi_reference_test/results/admixture/aligned/primary/K09/sample_consensus_q.tsv	54139 bytes	2026-07-18 10:55:19.1881439650
ashkenazi_reference_test/results/admixture/aligned/primary/K10/ashkenazi_comparator_component_distances.tsv	1582 bytes	2026-07-18 10:55:25.7379102120
ashkenazi_reference_test/results/admixture/aligned/primary/K10/best_replicate_unaligned.P	6347700 bytes	2026-07-18 09:52:40.3145019840
ashkenazi_reference_test/results/admixture/aligned/primary/K10/best_replicate_unaligned.Q	33210 bytes	2026-07-18 09:52:40.1305047880
ashkenazi_reference_test/results/admixture/aligned/primary/K10/consensus.P	9168900 bytes	2026-07-18 10:55:23.7227675850
ashkenazi_reference_test/results/admixture/aligned/primary/K10/consensus.Q	47970 bytes	2026-07-18 10:55:23.5950299800
ashkenazi_reference_test/results/admixture/aligned/primary/K10/population_mean_consensus_q.tsv	2703 bytes	2026-07-18 10:55:23.7306325090
ashkenazi_reference_test/results/admixture/aligned/primary/K10/replicate_component_alignment.tsv	783 bytes	2026-07-18 10:55:23.7328485880
ashkenazi_reference_test/results/admixture/aligned/primary/K10/sample_consensus_q.tsv	58949 bytes	2026-07-18 10:55:23.7319921490
ashkenazi_reference_test/results/admixture/aligned/primary/K11/ashkenazi_comparator_component_distances.tsv	1579 bytes	2026-07-18 10:55:30.9471021290
ashkenazi_reference_test/results/admixture/aligned/primary/K11/best_replicate_unaligned.P	6982470 bytes	2026-07-18 10:01:48.6786536330
ashkenazi_reference_test/results/admixture/aligned/primary/K11/best_replicate_unaligned.Q	36531 bytes	2026-07-18 10:01:48.4786523960
ashkenazi_reference_test/results/admixture/aligned/primary/K11/consensus.P	10085790 bytes	2026-07-18 10:55:28.7547625170
ashkenazi_reference_test/results/admixture/aligned/primary/K11/consensus.Q	52767 bytes	2026-07-18 10:55:28.5954158630
ashkenazi_reference_test/results/admixture/aligned/primary/K11/population_mean_consensus_q.tsv	2950 bytes	2026-07-18 10:55:28.7636710930
ashkenazi_reference_test/results/admixture/aligned/primary/K11/replicate_component_alignment.tsv	797 bytes	2026-07-18 10:55:28.7659582180
ashkenazi_reference_test/results/admixture/aligned/primary/K11/sample_consensus_q.tsv	63759 bytes	2026-07-18 10:55:28.7650711540
ashkenazi_reference_test/results/admixture/aligned/primary/K12/ashkenazi_comparator_component_distances.tsv	1575 bytes	2026-07-18 10:55:36.5236601380
ashkenazi_reference_test/results/admixture/aligned/primary/K12/best_replicate_unaligned.P	7617240 bytes	2026-07-18 10:04:04.4866716640
ashkenazi_reference_test/results/admixture/aligned/primary/K12/best_replicate_unaligned.Q	39852 bytes	2026-07-18 10:04:04.2826713870
ashkenazi_reference_test/results/admixture/aligned/primary/K12/consensus.P	11002680 bytes	2026-07-18 10:55:34.2187728170
ashkenazi_reference_test/results/admixture/aligned/primary/K12/consensus.Q	57564 bytes	2026-07-18 10:55:34.0458650870
ashkenazi_reference_test/results/admixture/aligned/primary/K12/population_mean_consensus_q.tsv	3197 bytes	2026-07-18 10:55:34.2303225510
ashkenazi_reference_test/results/admixture/aligned/primary/K12/replicate_component_alignment.tsv	812 bytes	2026-07-18 10:55:34.2331074870
ashkenazi_reference_test/results/admixture/aligned/primary/K12/sample_consensus_q.tsv	68569 bytes	2026-07-18 10:55:34.2321299880
ashkenazi_reference_test/results/admixture/aligned/strict_pass/K02/ashkenazi_comparator_component_distances.tsv	1625 bytes	2026-07-18 10:54:58.1101009300
ashkenazi_reference_test/results/admixture/aligned/strict_pass/K02/best_replicate_unaligned.P	1269540 bytes	2026-07-18 10:10:10.6066822560
ashkenazi_reference_test/results/admixture/aligned/strict_pass/K02/best_replicate_unaligned.Q	4446 bytes	2026-07-18 10:10:10.5106823050
ashkenazi_reference_test/results/admixture/aligned/strict_pass/K02/consensus.P	1833780 bytes	2026-07-18 10:54:57.4547768610
ashkenazi_reference_test/results/admixture/aligned/strict_pass/K02/consensus.Q	6422 bytes	2026-07-18 10:54:57.4019397200
ashkenazi_reference_test/results/admixture/aligned/strict_pass/K02/population_mean_consensus_q.tsv	734 bytes	2026-07-18 10:54:57.4595754820
ashkenazi_reference_test/results/admixture/aligned/strict_pass/K02/replicate_component_alignment.tsv	710 bytes	2026-07-18 10:54:57.4606139950
ashkenazi_reference_test/results/admixture/aligned/strict_pass/K02/sample_consensus_q.tsv	13784 bytes	2026-07-18 10:54:57.4603380790
ashkenazi_reference_test/results/admixture/aligned/strict_pass/K03/ashkenazi_comparator_component_distances.tsv	1626 bytes	2026-07-18 10:55:00.6213360330
ashkenazi_reference_test/results/admixture/aligned/strict_pass/K03/best_replicate_unaligned.P	1904310 bytes	2026-07-18 10:10:54.6466872870
ashkenazi_reference_test/results/admixture/aligned/strict_pass/K03/best_replicate_unaligned.Q	6669 bytes	2026-07-18 10:10:54.5426873180
ashkenazi_reference_test/results/admixture/aligned/strict_pass/K03/consensus.P	2750670 bytes	2026-07-18 10:54:59.8747825250
ashkenazi_reference_test/results/admixture/aligned/strict_pass/K03/consensus.Q	9633 bytes	2026-07-18 10:54:59.8100289850
ashkenazi_reference_test/results/admixture/aligned/strict_pass/K03/population_mean_consensus_q.tsv	980 bytes	2026-07-18 10:54:59.8823802100
ashkenazi_reference_test/results/admixture/aligned/strict_pass/K03/replicate_component_alignment.tsv	720 bytes	2026-07-18 10:54:59.8835524360
ashkenazi_reference_test/results/admixture/aligned/strict_pass/K03/sample_consensus_q.tsv	17007 bytes	2026-07-18 10:54:59.8832088280
ashkenazi_reference_test/results/admixture/aligned/strict_pass/K04/ashkenazi_comparator_component_distances.tsv	1632 bytes	2026-07-18 10:55:03.5962654530
ashkenazi_reference_test/results/admixture/aligned/strict_pass/K04/best_replicate_unaligned.P	2539080 bytes	2026-07-18 10:11:13.9386847070
ashkenazi_reference_test/results/admixture/aligned/strict_pass/K04/best_replicate_unaligned.Q	8892 bytes	2026-07-18 10:11:13.8226847550
ashkenazi_reference_test/results/admixture/aligned/strict_pass/K04/consensus.P	3667560 bytes	2026-07-18 10:55:02.6347881850
ashkenazi_reference_test/results/admixture/aligned/strict_pass/K04/consensus.Q	12844 bytes	2026-07-18 10:55:02.5381811230
ashkenazi_reference_test/results/admixture/aligned/strict_pass/K04/population_mean_consensus_q.tsv	1226 bytes	2026-07-18 10:55:02.6420896930
ashkenazi_reference_test/results/admixture/aligned/strict_pass/K04/replicate_component_alignment.tsv	732 bytes	2026-07-18 10:55:02.6434719290
ashkenazi_reference_test/results/admixture/aligned/strict_pass/K04/sample_consensus_q.tsv	20230 bytes	2026-07-18 10:55:02.6430606510
ashkenazi_reference_test/results/admixture/aligned/strict_pass/K05/ashkenazi_comparator_component_distances.tsv	1631 bytes	2026-07-18 10:55:06.6387672920
ashkenazi_reference_test/results/admixture/aligned/strict_pass/K05/best_replicate_unaligned.P	3173850 bytes	2026-07-18 10:12:15.7946915020
ashkenazi_reference_test/results/admixture/aligned/strict_pass/K05/best_replicate_unaligned.Q	11115 bytes	2026-07-18 10:12:15.6666914910
ashkenazi_reference_test/results/admixture/aligned/strict_pass/K05/consensus.P	4584450 bytes	2026-07-18 10:55:05.6827878500
ashkenazi_reference_test/results/admixture/aligned/strict_pass/K05/consensus.Q	16055 bytes	2026-07-18 10:55:05.6021437270
ashkenazi_reference_test/results/admixture/aligned/strict_pass/K05/population_mean_consensus_q.tsv	1472 bytes	2026-07-18 10:55:05.6894061350
ashkenazi_reference_test/results/admixture/aligned/strict_pass/K05/replicate_component_alignment.tsv	740 bytes	2026-07-18 10:55:05.6910796670
ashkenazi_reference_test/results/admixture/aligned/strict_pass/K05/sample_consensus_q.tsv	23453 bytes	2026-07-18 10:55:05.6905507270
ashkenazi_reference_test/results/admixture/aligned/strict_pass/K06/ashkenazi_comparator_component_distances.tsv	1619 bytes	2026-07-18 10:55:10.1060591070
ashkenazi_reference_test/results/admixture/aligned/strict_pass/K06/best_replicate_unaligned.P	3808620 bytes	2026-07-18 10:13:50.2466873560
ashkenazi_reference_test/results/admixture/aligned/strict_pass/K06/best_replicate_unaligned.Q	13338 bytes	2026-07-18 10:13:50.1066873900
ashkenazi_reference_test/results/admixture/aligned/strict_pass/K06/consensus.P	5501340 bytes	2026-07-18 10:55:08.9827914270
ashkenazi_reference_test/results/admixture/aligned/strict_pass/K06/consensus.Q	19266 bytes	2026-07-18 10:55:08.8920373260
ashkenazi_reference_test/results/admixture/aligned/strict_pass/K06/population_mean_consensus_q.tsv	1718 bytes	2026-07-18 10:55:08.9880563500
ashkenazi_reference_test/results/admixture/aligned/strict_pass/K06/replicate_component_alignment.tsv	752 bytes	2026-07-18 10:55:08.9893151480
ashkenazi_reference_test/results/admixture/aligned/strict_pass/K06/sample_consensus_q.tsv	26676 bytes	2026-07-18 10:55:08.9889044190
ashkenazi_reference_test/results/admixture/aligned/strict_pass/K07/ashkenazi_comparator_component_distances.tsv	1624 bytes	2026-07-18 10:55:13.8710356400
ashkenazi_reference_test/results/admixture/aligned/strict_pass/K07/best_replicate_unaligned.P	4443390 bytes	2026-07-18 10:16:30.1226805000
ashkenazi_reference_test/results/admixture/aligned/strict_pass/K07/best_replicate_unaligned.Q	15561 bytes	2026-07-18 10:16:29.9746799820
ashkenazi_reference_test/results/admixture/aligned/strict_pass/K07/consensus.P	6418230 bytes	2026-07-18 10:55:12.6547822820
ashkenazi_reference_test/results/admixture/aligned/strict_pass/K07/consensus.Q	22477 bytes	2026-07-18 10:55:12.5508233830
ashkenazi_reference_test/results/admixture/aligned/strict_pass/K07/population_mean_consensus_q.tsv	1964 bytes	2026-07-18 10:55:12.6622780950
ashkenazi_reference_test/results/admixture/aligned/strict_pass/K07/replicate_component_alignment.tsv	763 bytes	2026-07-18 10:55:12.6636021440
ashkenazi_reference_test/results/admixture/aligned/strict_pass/K07/sample_consensus_q.tsv	29899 bytes	2026-07-18 10:55:12.6632039580
ashkenazi_reference_test/results/admixture/aligned/strict_pass/K08/ashkenazi_comparator_component_distances.tsv	1625 bytes	2026-07-18 10:55:18.2163512020
ashkenazi_reference_test/results/admixture/aligned/strict_pass/K08/best_replicate_unaligned.P	5078160 bytes	2026-07-18 10:21:33.6706917300
ashkenazi_reference_test/results/admixture/aligned/strict_pass/K08/best_replicate_unaligned.Q	17784 bytes	2026-07-18 10:21:33.5106911700
ashkenazi_reference_test/results/admixture/aligned/strict_pass/K08/consensus.P	7335120 bytes	2026-07-18 10:55:16.8707835690
ashkenazi_reference_test/results/admixture/aligned/strict_pass/K08/consensus.Q	25688 bytes	2026-07-18 10:55:16.7630172510
ashkenazi_reference_test/results/admixture/aligned/strict_pass/K08/population_mean_consensus_q.tsv	2210 bytes	2026-07-18 10:55:16.8791363720
ashkenazi_reference_test/results/admixture/aligned/strict_pass/K08/replicate_component_alignment.tsv	772 bytes	2026-07-18 10:55:16.8807013470
ashkenazi_reference_test/results/admixture/aligned/strict_pass/K08/sample_consensus_q.tsv	33122 bytes	2026-07-18 10:55:16.8801437550
ashkenazi_reference_test/results/admixture/aligned/strict_pass/K09/ashkenazi_comparator_component_distances.tsv	1623 bytes	2026-07-18 10:55:22.7565732700
ashkenazi_reference_test/results/admixture/aligned/strict_pass/K09/best_replicate_unaligned.P	5712930 bytes	2026-07-18 10:27:45.7067005740
ashkenazi_reference_test/results/admixture/aligned/strict_pass/K09/best_replicate_unaligned.Q	20007 bytes	2026-07-18 10:27:45.5307006210
ashkenazi_reference_test/results/admixture/aligned/strict_pass/K09/consensus.P	8252010 bytes	2026-07-18 10:55:21.2907616850
ashkenazi_reference_test/results/admixture/aligned/strict_pass/K09/consensus.Q	28899 bytes	2026-07-18 10:55:21.1672866060
ashkenazi_reference_test/results/admixture/aligned/strict_pass/K09/population_mean_consensus_q.tsv	2456 bytes	2026-07-18 10:55:21.2993446950
ashkenazi_reference_test/results/admixture/aligned/strict_pass/K09/replicate_component_alignment.tsv	783 bytes	2026-07-18 10:55:21.3010431820
ashkenazi_reference_test/results/admixture/aligned/strict_pass/K09/sample_consensus_q.tsv	36345 bytes	2026-07-18 10:55:21.3004959810
ashkenazi_reference_test/results/admixture/aligned/strict_pass/K10/ashkenazi_comparator_component_distances.tsv	1640 bytes	2026-07-18 10:55:27.6418975030
ashkenazi_reference_test/results/admixture/aligned/strict_pass/K10/best_replicate_unaligned.P	6347700 bytes	2026-07-18 10:30:52.6227063030
ashkenazi_reference_test/results/admixture/aligned/strict_pass/K10/best_replicate_unaligned.Q	22230 bytes	2026-07-18 10:30:52.4427062700
ashkenazi_reference_test/results/admixture/aligned/strict_pass/K10/consensus.P	9168900 bytes	2026-07-18 10:55:26.0587736840
ashkenazi_reference_test/results/admixture/aligned/strict_pass/K10/consensus.Q	32110 bytes	2026-07-18 10:55:25.9197876010
ashkenazi_reference_test/results/admixture/aligned/strict_pass/K10/population_mean_consensus_q.tsv	2703 bytes	2026-07-18 10:55:26.0667737060
ashkenazi_reference_test/results/admixture/aligned/strict_pass/K10/replicate_component_alignment.tsv	801 bytes	2026-07-18 10:55:26.0701036950
ashkenazi_reference_test/results/admixture/aligned/strict_pass/K10/sample_consensus_q.tsv	39569 bytes	2026-07-18 10:55:26.0695624630
ashkenazi_reference_test/results/admixture/aligned/strict_pass/K11/ashkenazi_comparator_component_distances.tsv	1635 bytes	2026-07-18 10:55:33.1002258720
ashkenazi_reference_test/results/admixture/aligned/strict_pass/K11/best_replicate_unaligned.P	6982470 bytes	2026-07-18 10:42:58.7187288600
ashkenazi_reference_test/results/admixture/aligned/strict_pass/K11/best_replicate_unaligned.Q	24453 bytes	2026-07-18 10:42:58.5187288640
ashkenazi_reference_test/results/admixture/aligned/strict_pass/K11/consensus.P	10085790 bytes	2026-07-18 10:55:31.3227656490
ashkenazi_reference_test/results/admixture/aligned/strict_pass/K11/consensus.Q	35321 bytes	2026-07-18 10:55:31.1682218690
ashkenazi_reference_test/results/admixture/aligned/strict_pass/K11/population_mean_consensus_q.tsv	2950 bytes	2026-07-18 10:55:31.3308498550
ashkenazi_reference_test/results/admixture/aligned/strict_pass/K11/replicate_component_alignment.tsv	818 bytes	2026-07-18 10:55:31.3327102260
ashkenazi_reference_test/results/admixture/aligned/strict_pass/K11/sample_consensus_q.tsv	42793 bytes	2026-07-18 10:55:31.3320683820
ashkenazi_reference_test/results/admixture/aligned/strict_pass/K12/ashkenazi_comparator_component_distances.tsv	1633 bytes	2026-07-18 10:55:38.8056169100
ashkenazi_reference_test/results/admixture/aligned/strict_pass/K12/best_replicate_unaligned.P	7617240 bytes	2026-07-18 10:50:08.4502803780
ashkenazi_reference_test/results/admixture/aligned/strict_pass/K12/best_replicate_unaligned.Q	26676 bytes	2026-07-18 10:50:08.2382962680
ashkenazi_reference_test/results/admixture/aligned/strict_pass/K12/consensus.P	11002680 bytes	2026-07-18 10:55:36.9627547250
ashkenazi_reference_test/results/admixture/aligned/strict_pass/K12/consensus.Q	38532 bytes	2026-07-18 10:55:36.7864143190
ashkenazi_reference_test/results/admixture/aligned/strict_pass/K12/population_mean_consensus_q.tsv	3197 bytes	2026-07-18 10:55:36.9748015040
ashkenazi_reference_test/results/admixture/aligned/strict_pass/K12/replicate_component_alignment.tsv	834 bytes	2026-07-18 10:55:36.9774690040
ashkenazi_reference_test/results/admixture/aligned/strict_pass/K12/sample_consensus_q.tsv	46017 bytes	2026-07-18 10:55:36.9763700410
ashkenazi_reference_test/results/admixture/cross_panel/K02/primary_strict_population_component_sensitivity.tsv	1048 bytes	2026-07-18 10:54:58.1120565330
ashkenazi_reference_test/results/admixture/cross_panel/K02/strict_consensus_q_aligned_to_primary.Q	6422 bytes	2026-07-18 10:54:58.1116553740
ashkenazi_reference_test/results/admixture/cross_panel/K02/strict_population_means_aligned_to_primary.tsv	734 bytes	2026-07-18 10:54:58.1117970370
ashkenazi_reference_test/results/admixture/cross_panel/K03/primary_strict_population_component_sensitivity.tsv	1080 bytes	2026-07-18 10:55:00.6236272230
ashkenazi_reference_test/results/admixture/cross_panel/K03/strict_consensus_q_aligned_to_primary.Q	9633 bytes	2026-07-18 10:55:00.6230776910
ashkenazi_reference_test/results/admixture/cross_panel/K03/strict_population_means_aligned_to_primary.tsv	980 bytes	2026-07-18 10:55:00.6233394160
ashkenazi_reference_test/results/admixture/cross_panel/K04/primary_strict_population_component_sensitivity.tsv	1076 bytes	2026-07-18 10:55:03.5991151580
ashkenazi_reference_test/results/admixture/cross_panel/K04/strict_consensus_q_aligned_to_primary.Q	12844 bytes	2026-07-18 10:55:03.5984090140
ashkenazi_reference_test/results/admixture/cross_panel/K04/strict_population_means_aligned_to_primary.tsv	1226 bytes	2026-07-18 10:55:03.5987476310
ashkenazi_reference_test/results/admixture/cross_panel/K05/primary_strict_population_component_sensitivity.tsv	1087 bytes	2026-07-18 10:55:06.6414955060
ashkenazi_reference_test/results/admixture/cross_panel/K05/strict_consensus_q_aligned_to_primary.Q	16055 bytes	2026-07-18 10:55:06.6409309440
ashkenazi_reference_test/results/admixture/cross_panel/K05/strict_population_means_aligned_to_primary.tsv	1472 bytes	2026-07-18 10:55:06.6412724310
ashkenazi_reference_test/results/admixture/cross_panel/K06/primary_strict_population_component_sensitivity.tsv	1076 bytes	2026-07-18 10:55:10.1089270730
ashkenazi_reference_test/results/admixture/cross_panel/K06/strict_consensus_q_aligned_to_primary.Q	19266 bytes	2026-07-18 10:55:10.1083370590
ashkenazi_reference_test/results/admixture/cross_panel/K06/strict_population_means_aligned_to_primary.tsv	1718 bytes	2026-07-18 10:55:10.1087122280
ashkenazi_reference_test/results/admixture/cross_panel/K07/primary_strict_population_component_sensitivity.tsv	1076 bytes	2026-07-18 10:55:13.8746501620
ashkenazi_reference_test/results/admixture/cross_panel/K07/strict_consensus_q_aligned_to_primary.Q	22477 bytes	2026-07-18 10:55:13.8737814500
ashkenazi_reference_test/results/admixture/cross_panel/K07/strict_population_means_aligned_to_primary.tsv	1964 bytes	2026-07-18 10:55:13.8743158570
ashkenazi_reference_test/results/admixture/cross_panel/K08/primary_strict_population_component_sensitivity.tsv	1069 bytes	2026-07-18 10:55:18.2207997370
ashkenazi_reference_test/results/admixture/cross_panel/K08/strict_consensus_q_aligned_to_primary.Q	25688 bytes	2026-07-18 10:55:18.2200091300
ashkenazi_reference_test/results/admixture/cross_panel/K08/strict_population_means_aligned_to_primary.tsv	2210 bytes	2026-07-18 10:55:18.2205271440
ashkenazi_reference_test/results/admixture/cross_panel/K09/primary_strict_population_component_sensitivity.tsv	1070 bytes	2026-07-18 10:55:22.7616549510
ashkenazi_reference_test/results/admixture/cross_panel/K09/strict_consensus_q_aligned_to_primary.Q	28899 bytes	2026-07-18 10:55:22.7608562730
ashkenazi_reference_test/results/admixture/cross_panel/K09/strict_population_means_aligned_to_primary.tsv	2456 bytes	2026-07-18 10:55:22.7614040050
ashkenazi_reference_test/results/admixture/cross_panel/K10/primary_strict_population_component_sensitivity.tsv	1082 bytes	2026-07-18 10:55:27.6482465380
ashkenazi_reference_test/results/admixture/cross_panel/K10/strict_consensus_q_aligned_to_primary.Q	32110 bytes	2026-07-18 10:55:27.6473467550
ashkenazi_reference_test/results/admixture/cross_panel/K10/strict_population_means_aligned_to_primary.tsv	2703 bytes	2026-07-18 10:55:27.6480262450
ashkenazi_reference_test/results/admixture/cross_panel/K11/primary_strict_population_component_sensitivity.tsv	1081 bytes	2026-07-18 10:55:33.1133909840
ashkenazi_reference_test/results/admixture/cross_panel/K11/strict_consensus_q_aligned_to_primary.Q	35321 bytes	2026-07-18 10:55:33.1122126280
ashkenazi_reference_test/results/admixture/cross_panel/K11/strict_population_means_aligned_to_primary.tsv	2950 bytes	2026-07-18 10:55:33.1130645570
ashkenazi_reference_test/results/admixture/cross_panel/K12/primary_strict_population_component_sensitivity.tsv	1084 bytes	2026-07-18 10:55:38.8193455580
ashkenazi_reference_test/results/admixture/cross_panel/K12/strict_consensus_q_aligned_to_primary.Q	38532 bytes	2026-07-18 10:55:38.8184624390
ashkenazi_reference_test/results/admixture/cross_panel/K12/strict_population_means_aligned_to_primary.tsv	3197 bytes	2026-07-18 10:55:38.8191295730
ashkenazi_reference_test/results/admixture/figures/cross_panel/K02_population_means_aligned.pdf	20861 bytes	2026-07-18 10:54:58.5147792850
ashkenazi_reference_test/results/admixture/figures/cross_panel/K02_population_means_aligned.png	188190 bytes	2026-07-18 10:54:58.4427791170
ashkenazi_reference_test/results/admixture/figures/cross_panel/K02_population_sensitivity.pdf	19080 bytes	2026-07-18 10:54:58.6947797040
ashkenazi_reference_test/results/admixture/figures/cross_panel/K02_population_sensitivity.png	140558 bytes	2026-07-18 10:54:58.6427795820
ashkenazi_reference_test/results/admixture/figures/cross_panel/K03_population_means_aligned.pdf	22059 bytes	2026-07-18 10:55:01.0187853680
ashkenazi_reference_test/results/admixture/figures/cross_panel/K03_population_means_aligned.png	188985 bytes	2026-07-18 10:55:00.9427851770
ashkenazi_reference_test/results/admixture/figures/cross_panel/K03_population_sensitivity.pdf	18790 bytes	2026-07-18 10:55:01.2627859950
ashkenazi_reference_test/results/admixture/figures/cross_panel/K03_population_sensitivity.png	135633 bytes	2026-07-18 10:55:01.2147858710
ashkenazi_reference_test/results/admixture/figures/cross_panel/K04_population_means_aligned.pdf	22321 bytes	2026-07-18 10:55:03.9707879360
ashkenazi_reference_test/results/admixture/figures/cross_panel/K04_population_means_aligned.png	189075 bytes	2026-07-18 10:55:03.8947879490
ashkenazi_reference_test/results/admixture/figures/cross_panel/K04_population_sensitivity.pdf	19042 bytes	2026-07-18 10:55:04.1507879180
ashkenazi_reference_test/results/admixture/figures/cross_panel/K04_population_sensitivity.png	138928 bytes	2026-07-18 10:55:04.0987879230
ashkenazi_reference_test/results/admixture/figures/cross_panel/K05_population_means_aligned.pdf	23354 bytes	2026-07-18 10:55:07.0867879460
ashkenazi_reference_test/results/admixture/figures/cross_panel/K05_population_means_aligned.png	189652 bytes	2026-07-18 10:55:07.0027879320
ashkenazi_reference_test/results/admixture/figures/cross_panel/K05_population_sensitivity.pdf	18823 bytes	2026-07-18 10:55:07.2547879720
ashkenazi_reference_test/results/admixture/figures/cross_panel/K05_population_sensitivity.png	136985 bytes	2026-07-18 10:55:07.2067879650
ashkenazi_reference_test/results/admixture/figures/cross_panel/K06_population_means_aligned.pdf	23675 bytes	2026-07-18 10:55:10.4867935310
ashkenazi_reference_test/results/admixture/figures/cross_panel/K06_population_means_aligned.png	190476 bytes	2026-07-18 10:55:10.3987939950
ashkenazi_reference_test/results/admixture/figures/cross_panel/K06_population_sensitivity.pdf	19267 bytes	2026-07-18 10:55:10.6547926450
ashkenazi_reference_test/results/admixture/figures/cross_panel/K06_population_sensitivity.png	137405 bytes	2026-07-18 10:55:10.6067928980
ashkenazi_reference_test/results/admixture/figures/cross_panel/K07_population_means_aligned.pdf	24760 bytes	2026-07-18 10:55:14.3387761680
ashkenazi_reference_test/results/admixture/figures/cross_panel/K07_population_means_aligned.png	190279 bytes	2026-07-18 10:55:14.2427758970
ashkenazi_reference_test/results/admixture/figures/cross_panel/K07_population_sensitivity.pdf	18525 bytes	2026-07-18 10:55:14.6307769970
ashkenazi_reference_test/results/admixture/figures/cross_panel/K07_population_sensitivity.png	135497 bytes	2026-07-18 10:55:14.5827768610
ashkenazi_reference_test/results/admixture/figures/cross_panel/K08_population_means_aligned.pdf	25318 bytes	2026-07-18 10:55:18.6987814950
ashkenazi_reference_test/results/admixture/figures/cross_panel/K08_population_means_aligned.png	191718 bytes	2026-07-18 10:55:18.6067825630
ashkenazi_reference_test/results/admixture/figures/cross_panel/K08_population_sensitivity.pdf	19356 bytes	2026-07-18 10:55:18.8707795010
ashkenazi_reference_test/results/admixture/figures/cross_panel/K08_population_sensitivity.png	139394 bytes	2026-07-18 10:55:18.8187801030
ashkenazi_reference_test/results/admixture/figures/cross_panel/K09_population_means_aligned.pdf	26635 bytes	2026-07-18 10:55:23.2147663120
ashkenazi_reference_test/results/admixture/figures/cross_panel/K09_population_means_aligned.png	191917 bytes	2026-07-18 10:55:23.1147660630
ashkenazi_reference_test/results/admixture/figures/cross_panel/K09_population_sensitivity.pdf	19252 bytes	2026-07-18 10:55:23.3827667330
ashkenazi_reference_test/results/admixture/figures/cross_panel/K09_population_sensitivity.png	137326 bytes	2026-07-18 10:55:23.3347666130
ashkenazi_reference_test/results/admixture/figures/cross_panel/K10_population_means_aligned.pdf	26912 bytes	2026-07-18 10:55:28.1027653850
ashkenazi_reference_test/results/admixture/figures/cross_panel/K10_population_means_aligned.png	192560 bytes	2026-07-18 10:55:28.0027658240
ashkenazi_reference_test/results/admixture/figures/cross_panel/K10_population_sensitivity.pdf	18836 bytes	2026-07-18 10:55:28.2787646120
ashkenazi_reference_test/results/admixture/figures/cross_panel/K10_population_sensitivity.png	137284 bytes	2026-07-18 10:55:28.2267648400
ashkenazi_reference_test/results/admixture/figures/cross_panel/K11_population_means_aligned.pdf	27587 bytes	2026-07-18 10:55:33.5587713630
ashkenazi_reference_test/results/admixture/figures/cross_panel/K11_population_means_aligned.png	192341 bytes	2026-07-18 10:55:33.4547710890
ashkenazi_reference_test/results/admixture/figures/cross_panel/K11_population_sensitivity.pdf	18330 bytes	2026-07-18 10:55:33.7267718060
ashkenazi_reference_test/results/admixture/figures/cross_panel/K11_population_sensitivity.png	135098 bytes	2026-07-18 10:55:33.6787716790
ashkenazi_reference_test/results/admixture/figures/cross_panel/K12_population_means_aligned.pdf	28284 bytes	2026-07-18 10:55:39.3747599970
ashkenazi_reference_test/results/admixture/figures/cross_panel/K12_population_means_aligned.png	193046 bytes	2026-07-18 10:55:39.2667597500
ashkenazi_reference_test/results/admixture/figures/cross_panel/K12_population_sensitivity.pdf	18334 bytes	2026-07-18 10:55:39.5387603720
ashkenazi_reference_test/results/admixture/figures/cross_panel/K12_population_sensitivity.png	135678 bytes	2026-07-18 10:55:39.4907602620
ashkenazi_reference_test/results/admixture/figures/primary/K02_individual_consensus.pdf	34511 bytes	2026-07-18 10:54:57.1507761780
ashkenazi_reference_test/results/admixture/figures/primary/K02_individual_consensus.png	135077 bytes	2026-07-18 10:54:57.0227758910
ashkenazi_reference_test/results/admixture/figures/primary/K02_population_mean_consensus.pdf	18324 bytes	2026-07-18 10:54:57.3587766460
ashkenazi_reference_test/results/admixture/figures/primary/K02_population_mean_consensus.png	147563 bytes	2026-07-18 10:54:57.3107765380
ashkenazi_reference_test/results/admixture/figures/primary/K03_individual_consensus.pdf	44436 bytes	2026-07-18 10:54:59.5187816660
ashkenazi_reference_test/results/admixture/figures/primary/K03_individual_consensus.png	137462 bytes	2026-07-18 10:54:59.3507812610
ashkenazi_reference_test/results/admixture/figures/primary/K03_population_mean_consensus.pdf	19213 bytes	2026-07-18 10:54:59.7347821870
ashkenazi_reference_test/results/admixture/figures/primary/K03_population_mean_consensus.png	149131 bytes	2026-07-18 10:54:59.6787820520
ashkenazi_reference_test/results/admixture/figures/primary/K04_individual_consensus.pdf	54183 bytes	2026-07-18 10:55:02.2227882850
ashkenazi_reference_test/results/admixture/figures/primary/K04_individual_consensus.png	138354 bytes	2026-07-18 10:55:02.0187879450
ashkenazi_reference_test/results/admixture/figures/primary/K04_population_mean_consensus.pdf	19622 bytes	2026-07-18 10:55:02.4467882300
ashkenazi_reference_test/results/admixture/figures/primary/K04_population_mean_consensus.png	149485 bytes	2026-07-18 10:55:02.3907882430
ashkenazi_reference_test/results/admixture/figures/primary/K05_individual_consensus.pdf	65286 bytes	2026-07-18 10:55:05.2507878500
ashkenazi_reference_test/results/admixture/figures/primary/K05_individual_consensus.png	142536 bytes	2026-07-18 10:55:05.0107878490
ashkenazi_reference_test/results/admixture/figures/primary/K05_population_mean_consensus.pdf	20389 bytes	2026-07-18 10:55:05.4827878500
ashkenazi_reference_test/results/admixture/figures/primary/K05_population_mean_consensus.png	150284 bytes	2026-07-18 10:55:05.4227878500
ashkenazi_reference_test/results/admixture/figures/primary/K06_individual_consensus.pdf	74401 bytes	2026-07-18 10:55:08.5147899610
ashkenazi_reference_test/results/admixture/figures/primary/K06_individual_consensus.png	142779 bytes	2026-07-18 10:55:08.2347890830
ashkenazi_reference_test/results/admixture/figures/primary/K06_population_mean_consensus.pdf	20821 bytes	2026-07-18 10:55:08.7667907500
ashkenazi_reference_test/results/admixture/figures/primary/K06_population_mean_consensus.png	151344 bytes	2026-07-18 10:55:08.7027905500
ashkenazi_reference_test/results/admixture/figures/primary/K07_individual_consensus.pdf	84482 bytes	2026-07-18 10:55:12.1227850030
ashkenazi_reference_test/results/admixture/figures/primary/K07_individual_consensus.png	143811 bytes	2026-07-18 10:55:11.8027866560
ashkenazi_reference_test/results/admixture/figures/primary/K07_population_mean_consensus.pdf	21432 bytes	2026-07-18 10:55:12.3747837150
ashkenazi_reference_test/results/admixture/figures/primary/K07_population_mean_consensus.png	151857 bytes	2026-07-18 10:55:12.3067840620
ashkenazi_reference_test/results/admixture/figures/primary/K08_individual_consensus.pdf	94242 bytes	2026-07-18 10:55:16.3027818670
ashkenazi_reference_test/results/admixture/figures/primary/K08_individual_consensus.png	147146 bytes	2026-07-18 10:55:15.9467808060
ashkenazi_reference_test/results/admixture/figures/primary/K08_population_mean_consensus.pdf	21850 bytes	2026-07-18 10:55:16.5667826590
ashkenazi_reference_test/results/admixture/figures/primary/K08_population_mean_consensus.png	153916 bytes	2026-07-18 10:55:16.4947824430
ashkenazi_reference_test/results/admixture/figures/primary/K09_individual_consensus.pdf	104415 bytes	2026-07-18 10:55:20.6947603100
ashkenazi_reference_test/results/admixture/figures/primary/K09_individual_consensus.png	148298 bytes	2026-07-18 10:55:20.2867632030
ashkenazi_reference_test/results/admixture/figures/primary/K09_population_mean_consensus.pdf	22709 bytes	2026-07-18 10:55:20.9627609180
ashkenazi_reference_test/results/admixture/figures/primary/K09_population_mean_consensus.png	155069 bytes	2026-07-18 10:55:20.8907607540
ashkenazi_reference_test/results/admixture/figures/primary/K10_individual_consensus.pdf	113638 bytes	2026-07-18 10:55:25.4507720620
ashkenazi_reference_test/results/admixture/figures/primary/K10_individual_consensus.png	148829 bytes	2026-07-18 10:55:25.0187709120
ashkenazi_reference_test/results/admixture/figures/primary/K10_population_mean_consensus.pdf	23127 bytes	2026-07-18 10:55:25.7347728170
ashkenazi_reference_test/results/admixture/figures/primary/K10_population_mean_consensus.png	156065 bytes	2026-07-18 10:55:25.6587726160
ashkenazi_reference_test/results/admixture/figures/primary/K11_individual_consensus.pdf	121725 bytes	2026-07-18 10:55:30.6507640090
ashkenazi_reference_test/results/admixture/figures/primary/K11_individual_consensus.png	152780 bytes	2026-07-18 10:55:30.1707628550
ashkenazi_reference_test/results/admixture/figures/primary/K11_population_mean_consensus.pdf	23541 bytes	2026-07-18 10:55:30.9427647120
ashkenazi_reference_test/results/admixture/figures/primary/K11_population_mean_consensus.png	156149 bytes	2026-07-18 10:55:30.8627645190
ashkenazi_reference_test/results/admixture/figures/primary/K12_individual_consensus.pdf	132087 bytes	2026-07-18 10:55:36.2067531700
ashkenazi_reference_test/results/admixture/figures/primary/K12_individual_consensus.png	152963 bytes	2026-07-18 10:55:35.6907579440
ashkenazi_reference_test/results/admixture/figures/primary/K12_population_mean_consensus.pdf	23904 bytes	2026-07-18 10:55:36.5187538130
ashkenazi_reference_test/results/admixture/figures/primary/K12_population_mean_consensus.png	157530 bytes	2026-07-18 10:55:36.4347536390
ashkenazi_reference_test/results/admixture/figures/primary_cv_error.pdf	16473 bytes	2026-07-18 10:54:56.2187741490
ashkenazi_reference_test/results/admixture/figures/primary_cv_error.png	88484 bytes	2026-07-18 10:54:56.1147739250
ashkenazi_reference_test/results/admixture/figures/primary_replicate_stability.pdf	16529 bytes	2026-07-18 10:55:39.6987607370
ashkenazi_reference_test/results/admixture/figures/primary_replicate_stability.png	149000 bytes	2026-07-18 10:55:39.6467606170
ashkenazi_reference_test/results/admixture/figures/primary_strict_cv_error.pdf	15642 bytes	2026-07-18 10:54:56.4787747120
ashkenazi_reference_test/results/admixture/figures/primary_strict_cv_error.png	95648 bytes	2026-07-18 10:54:56.4427746340
ashkenazi_reference_test/results/admixture/figures/strict_pass/K02_individual_consensus.pdf	29651 bytes	2026-07-18 10:54:57.8987778580
ashkenazi_reference_test/results/admixture/figures/strict_pass/K02_individual_consensus.png	137092 bytes	2026-07-18 10:54:57.8027776430
ashkenazi_reference_test/results/admixture/figures/strict_pass/K02_population_mean_consensus.pdf	18327 bytes	2026-07-18 10:54:58.1067783340
ashkenazi_reference_test/results/admixture/figures/strict_pass/K02_population_mean_consensus.png	147488 bytes	2026-07-18 10:54:58.0547782130
ashkenazi_reference_test/results/admixture/figures/strict_pass/K03_individual_consensus.pdf	37019 bytes	2026-07-18 10:55:00.3987838200
ashkenazi_reference_test/results/admixture/figures/strict_pass/K03_individual_consensus.png	138751 bytes	2026-07-18 10:55:00.2707835000
ashkenazi_reference_test/results/admixture/figures/strict_pass/K03_population_mean_consensus.pdf	19215 bytes	2026-07-18 10:55:00.6187843690
ashkenazi_reference_test/results/admixture/figures/strict_pass/K03_population_mean_consensus.png	149036 bytes	2026-07-18 10:55:00.5627842290
ashkenazi_reference_test/results/admixture/figures/strict_pass/K04_individual_consensus.pdf	43693 bytes	2026-07-18 10:55:03.2547880520
ashkenazi_reference_test/results/admixture/figures/strict_pass/K04_individual_consensus.png	140582 bytes	2026-07-18 10:55:03.0987880790
ashkenazi_reference_test/results/admixture/figures/strict_pass/K04_population_mean_consensus.pdf	19619 bytes	2026-07-18 10:55:03.5907879980
ashkenazi_reference_test/results/admixture/figures/strict_pass/K04_population_mean_consensus.png	149608 bytes	2026-07-18 10:55:03.5347880070
ashkenazi_reference_test/results/admixture/figures/strict_pass/K05_individual_consensus.pdf	50254 bytes	2026-07-18 10:55:06.4027878830
ashkenazi_reference_test/results/admixture/figures/strict_pass/K05_individual_consensus.png	142266 bytes	2026-07-18 10:55:06.2227878680
ashkenazi_reference_test/results/admixture/figures/strict_pass/K05_population_mean_consensus.pdf	20400 bytes	2026-07-18 10:55:06.6347879020
ashkenazi_reference_test/results/admixture/figures/strict_pass/K05_population_mean_consensus.png	150258 bytes	2026-07-18 10:55:06.5747878970
ashkenazi_reference_test/results/admixture/figures/strict_pass/K06_individual_consensus.pdf	56996 bytes	2026-07-18 10:55:09.8147941000
ashkenazi_reference_test/results/admixture/figures/strict_pass/K06_individual_consensus.png	142791 bytes	2026-07-18 10:55:09.6027934190
ashkenazi_reference_test/results/admixture/figures/strict_pass/K06_population_mean_consensus.pdf	20809 bytes	2026-07-18 10:55:10.1027950340
ashkenazi_reference_test/results/admixture/figures/strict_pass/K06_population_mean_consensus.png	151330 bytes	2026-07-18 10:55:10.0387948220
ashkenazi_reference_test/results/admixture/figures/strict_pass/K07_individual_consensus.pdf	64580 bytes	2026-07-18 10:55:13.6147774230
ashkenazi_reference_test/results/admixture/figures/strict_pass/K07_individual_consensus.png	144735 bytes	2026-07-18 10:55:13.3867785700
ashkenazi_reference_test/results/admixture/figures/strict_pass/K07_population_mean_consensus.pdf	21456 bytes	2026-07-18 10:55:13.8667761550
ashkenazi_reference_test/results/admixture/figures/strict_pass/K07_population_mean_consensus.png	151876 bytes	2026-07-18 10:55:13.7987764970
ashkenazi_reference_test/results/admixture/figures/strict_pass/K08_individual_consensus.pdf	70616 bytes	2026-07-18 10:55:17.9347868300
ashkenazi_reference_test/results/admixture/figures/strict_pass/K08_individual_consensus.png	146229 bytes	2026-07-18 10:55:17.6747860300
ashkenazi_reference_test/results/admixture/figures/strict_pass/K08_population_mean_consensus.pdf	21839 bytes	2026-07-18 10:55:18.2107871550
ashkenazi_reference_test/results/admixture/figures/strict_pass/K08_population_mean_consensus.png	153841 bytes	2026-07-18 10:55:18.1387874680
ashkenazi_reference_test/results/admixture/figures/strict_pass/K09_individual_consensus.pdf	78245 bytes	2026-07-18 10:55:22.4747645020
ashkenazi_reference_test/results/admixture/figures/strict_pass/K09_individual_consensus.png	149080 bytes	2026-07-18 10:55:22.1907638130
ashkenazi_reference_test/results/admixture/figures/strict_pass/K09_population_mean_consensus.pdf	22685 bytes	2026-07-18 10:55:22.7507651700
ashkenazi_reference_test/results/admixture/figures/strict_pass/K09_population_mean_consensus.png	155187 bytes	2026-07-18 10:55:22.6747649870
ashkenazi_reference_test/results/admixture/figures/strict_pass/K10_individual_consensus.pdf	84203 bytes	2026-07-18 10:55:27.3547687260
ashkenazi_reference_test/results/admixture/figures/strict_pass/K10_individual_consensus.png	149592 bytes	2026-07-18 10:55:27.0467701040
ashkenazi_reference_test/results/admixture/figures/strict_pass/K10_population_mean_consensus.pdf	23109 bytes	2026-07-18 10:55:27.6387674540
ashkenazi_reference_test/results/admixture/figures/strict_pass/K10_population_mean_consensus.png	156309 bytes	2026-07-18 10:55:27.5587678130
ashkenazi_reference_test/results/admixture/figures/strict_pass/K11_individual_consensus.pdf	90846 bytes	2026-07-18 10:55:32.7147691590
ashkenazi_reference_test/results/admixture/figures/strict_pass/K11_individual_consensus.png	150106 bytes	2026-07-18 10:55:32.3787683000
ashkenazi_reference_test/results/admixture/figures/strict_pass/K11_population_mean_consensus.pdf	23526 bytes	2026-07-18 10:55:33.0947701400
ashkenazi_reference_test/results/admixture/figures/strict_pass/K11_population_mean_consensus.png	155889 bytes	2026-07-18 10:55:32.9227696920
ashkenazi_reference_test/results/admixture/figures/strict_pass/K12_individual_consensus.pdf	96218 bytes	2026-07-18 10:55:38.5027580440
ashkenazi_reference_test/results/admixture/figures/strict_pass/K12_individual_consensus.png	152348 bytes	2026-07-18 10:55:38.1427572470
ashkenazi_reference_test/results/admixture/figures/strict_pass/K12_population_mean_consensus.pdf	23911 bytes	2026-07-18 10:55:38.8027587050
ashkenazi_reference_test/results/admixture/figures/strict_pass/K12_population_mean_consensus.png	157320 bytes	2026-07-18 10:55:38.7187585190
ashkenazi_reference_test/results/admixture/figures/strict_pass_cv_error.pdf	16010 bytes	2026-07-18 10:54:56.3547744440
ashkenazi_reference_test/results/admixture/figures/strict_pass_cv_error.png	83064 bytes	2026-07-18 10:54:56.3147743570
ashkenazi_reference_test/results/admixture/figures/strict_pass_replicate_stability.pdf	16788 bytes	2026-07-18 10:55:39.8667611210
ashkenazi_reference_test/results/admixture/figures/strict_pass_replicate_stability.png	154798 bytes	2026-07-18 10:55:39.8147610010
ashkenazi_reference_test/results/admixture/runs/primary/K02/rep01/admixture.log	5463 bytes	2026-07-18 09:34:00.7318259150
ashkenazi_reference_test/results/admixture/runs/primary/K02/rep01/admixture_attempt01_admixture_j8.log	5463 bytes	2026-07-18 09:34:00.7318259150
ashkenazi_reference_test/results/admixture/runs/primary/K02/rep01/complete.json	824 bytes	2026-07-18 09:34:00.8413663460
ashkenazi_reference_test/results/admixture/runs/primary/K02/rep01/dataset.2.P	1269540 bytes	2026-07-18 09:34:00.8276700980
ashkenazi_reference_test/results/admixture/runs/primary/K02/rep01/dataset.2.Q	6642 bytes	2026-07-18 09:34:00.7358194230
ashkenazi_reference_test/results/admixture/runs/primary/K02/rep02/admixture.log	3365 bytes	2026-07-18 09:34:08.9081220150
ashkenazi_reference_test/results/admixture/runs/primary/K02/rep02/admixture_attempt01_admixture_j8.log	3365 bytes	2026-07-18 09:34:08.9081220150
ashkenazi_reference_test/results/admixture/runs/primary/K02/rep02/complete.json	823 bytes	2026-07-18 09:34:09.0142585830
ashkenazi_reference_test/results/admixture/runs/primary/K02/rep02/dataset.2.P	1269540 bytes	2026-07-18 09:34:08.9999327230
ashkenazi_reference_test/results/admixture/runs/primary/K02/rep02/dataset.2.Q	6642 bytes	2026-07-18 09:34:08.9081220150
ashkenazi_reference_test/results/admixture/runs/primary/K02/rep03/admixture.log	4656 bytes	2026-07-18 09:34:19.4150942600
ashkenazi_reference_test/results/admixture/runs/primary/K02/rep03/admixture_attempt01_admixture_j8.log	4656 bytes	2026-07-18 09:34:19.4150942600
ashkenazi_reference_test/results/admixture/runs/primary/K02/rep03/complete.json	823 bytes	2026-07-18 09:34:19.5267668060
ashkenazi_reference_test/results/admixture/runs/primary/K02/rep03/dataset.2.P	1269540 bytes	2026-07-18 09:34:19.5113352950
ashkenazi_reference_test/results/admixture/runs/primary/K02/rep03/dataset.2.Q	6642 bytes	2026-07-18 09:34:19.4191043020
ashkenazi_reference_test/results/admixture/runs/primary/K02/rep04/admixture.log	4207 bytes	2026-07-18 09:34:28.8154940130
ashkenazi_reference_test/results/admixture/runs/primary/K02/rep04/admixture_attempt01_admixture_j8.log	4207 bytes	2026-07-18 09:34:28.8154940130
ashkenazi_reference_test/results/admixture/runs/primary/K02/rep04/complete.json	823 bytes	2026-07-18 09:34:28.9210199700
ashkenazi_reference_test/results/admixture/runs/primary/K02/rep04/dataset.2.P	1269540 bytes	2026-07-18 09:34:28.9074140160
ashkenazi_reference_test/results/admixture/runs/primary/K02/rep04/dataset.2.Q	6642 bytes	2026-07-18 09:34:28.8154940130
ashkenazi_reference_test/results/admixture/runs/primary/K02/rep05/admixture.log	4276 bytes	2026-07-18 09:34:38.3407284080
ashkenazi_reference_test/results/admixture/runs/primary/K02/rep05/admixture_attempt01_admixture_j8.log	4276 bytes	2026-07-18 09:34:38.3407284080
ashkenazi_reference_test/results/admixture/runs/primary/K02/rep05/complete.json	823 bytes	2026-07-18 09:34:38.4500195110
ashkenazi_reference_test/results/admixture/runs/primary/K02/rep05/dataset.2.P	1269540 bytes	2026-07-18 09:34:38.4325481150
ashkenazi_reference_test/results/admixture/runs/primary/K02/rep05/dataset.2.Q	6642 bytes	2026-07-18 09:34:38.3407284080
ashkenazi_reference_test/results/admixture/runs/primary/K03/rep01/admixture.log	3549 bytes	2026-07-18 09:34:48.0665291410
ashkenazi_reference_test/results/admixture/runs/primary/K03/rep01/admixture_attempt01_admixture_j8.log	3549 bytes	2026-07-18 09:34:48.0665291410
ashkenazi_reference_test/results/admixture/runs/primary/K03/rep01/complete.json	822 bytes	2026-07-18 09:34:48.1902950180
ashkenazi_reference_test/results/admixture/runs/primary/K03/rep01/dataset.3.P	1904310 bytes	2026-07-18 09:34:48.1710502290
ashkenazi_reference_test/results/admixture/runs/primary/K03/rep01/dataset.3.Q	9963 bytes	2026-07-18 09:34:48.0705491840
ashkenazi_reference_test/results/admixture/runs/primary/K03/rep02/admixture.log	3775 bytes	2026-07-18 09:34:58.5581341470
ashkenazi_reference_test/results/admixture/runs/primary/K03/rep02/admixture_attempt01_admixture_j8.log	3775 bytes	2026-07-18 09:34:58.5581341470
ashkenazi_reference_test/results/admixture/runs/primary/K03/rep02/complete.json	824 bytes	2026-07-18 09:34:58.6813038360
ashkenazi_reference_test/results/admixture/runs/primary/K03/rep02/dataset.3.P	1904310 bytes	2026-07-18 09:34:58.6620940040
ashkenazi_reference_test/results/admixture/runs/primary/K03/rep02/dataset.3.Q	9963 bytes	2026-07-18 09:34:58.5581341470
ashkenazi_reference_test/results/admixture/runs/primary/K03/rep03/admixture.log	3918 bytes	2026-07-18 09:35:09.3759137850
ashkenazi_reference_test/results/admixture/runs/primary/K03/rep03/admixture_attempt01_admixture_j8.log	3918 bytes	2026-07-18 09:35:09.3759137850
ashkenazi_reference_test/results/admixture/runs/primary/K03/rep03/complete.json	824 bytes	2026-07-18 09:35:09.4979220130
ashkenazi_reference_test/results/admixture/runs/primary/K03/rep03/dataset.3.P	1904310 bytes	2026-07-18 09:35:09.4797165010
ashkenazi_reference_test/results/admixture/runs/primary/K03/rep03/dataset.3.Q	9963 bytes	2026-07-18 09:35:09.3759137850
ashkenazi_reference_test/results/admixture/runs/primary/K03/rep04/admixture.log	4150 bytes	2026-07-18 09:35:20.2579769800
ashkenazi_reference_test/results/admixture/runs/primary/K03/rep04/admixture_attempt01_admixture_j8.log	4150 bytes	2026-07-18 09:35:20.2579769800
ashkenazi_reference_test/results/admixture/runs/primary/K03/rep04/complete.json	824 bytes	2026-07-18 09:35:20.3832749340
ashkenazi_reference_test/results/admixture/runs/primary/K03/rep04/dataset.3.P	1904310 bytes	2026-07-18 09:35:20.3665664060
ashkenazi_reference_test/results/admixture/runs/primary/K03/rep04/dataset.3.Q	9963 bytes	2026-07-18 09:35:20.2579769800
ashkenazi_reference_test/results/admixture/runs/primary/K03/rep05/admixture.log	3624 bytes	2026-07-18 09:35:29.7832917340
ashkenazi_reference_test/results/admixture/runs/primary/K03/rep05/admixture_attempt01_admixture_j8.log	3624 bytes	2026-07-18 09:35:29.7832917340
ashkenazi_reference_test/results/admixture/runs/primary/K03/rep05/complete.json	823 bytes	2026-07-18 09:35:29.9034657860
ashkenazi_reference_test/results/admixture/runs/primary/K03/rep05/dataset.3.P	1904310 bytes	2026-07-18 09:35:29.8872920240
ashkenazi_reference_test/results/admixture/runs/primary/K03/rep05/dataset.3.Q	9963 bytes	2026-07-18 09:35:29.7872917440
ashkenazi_reference_test/results/admixture/runs/primary/K04/rep01/admixture.log	6123 bytes	2026-07-18 09:35:47.6208480220
ashkenazi_reference_test/results/admixture/runs/primary/K04/rep01/admixture_attempt01_admixture_j8.log	6123 bytes	2026-07-18 09:35:47.6208480220
ashkenazi_reference_test/results/admixture/runs/primary/K04/rep01/complete.json	823 bytes	2026-07-18 09:35:47.7587397570
ashkenazi_reference_test/results/admixture/runs/primary/K04/rep01/dataset.4.P	2539080 bytes	2026-07-18 09:35:47.7326096240
ashkenazi_reference_test/results/admixture/runs/primary/K04/rep01/dataset.4.Q	13284 bytes	2026-07-18 09:35:47.6208480220
ashkenazi_reference_test/results/admixture/runs/primary/K04/rep02/admixture.log	6121 bytes	2026-07-18 09:36:05.6841372760
ashkenazi_reference_test/results/admixture/runs/primary/K04/rep02/admixture_attempt01_admixture_j8.log	6121 bytes	2026-07-18 09:36:05.6841372760
ashkenazi_reference_test/results/admixture/runs/primary/K04/rep02/complete.json	823 bytes	2026-07-18 09:36:05.8232357010
ashkenazi_reference_test/results/admixture/runs/primary/K04/rep02/dataset.4.P	2539080 bytes	2026-07-18 09:36:05.7999881630
ashkenazi_reference_test/results/admixture/runs/primary/K04/rep02/dataset.4.Q	13284 bytes	2026-07-18 09:36:05.6881321330
ashkenazi_reference_test/results/admixture/runs/primary/K04/rep03/admixture.log	5228 bytes	2026-07-18 09:36:20.6571926790
ashkenazi_reference_test/results/admixture/runs/primary/K04/rep03/admixture_attempt01_admixture_j8.log	5228 bytes	2026-07-18 09:36:20.6571926790
ashkenazi_reference_test/results/admixture/runs/primary/K04/rep03/complete.json	824 bytes	2026-07-18 09:36:20.7986024810
ashkenazi_reference_test/results/admixture/runs/primary/K04/rep03/dataset.4.P	2539080 bytes	2026-07-18 09:36:20.7729287970
ashkenazi_reference_test/results/admixture/runs/primary/K04/rep03/dataset.4.Q	13284 bytes	2026-07-18 09:36:20.6611835800
ashkenazi_reference_test/results/admixture/runs/primary/K04/rep04/admixture.log	5540 bytes	2026-07-18 09:36:37.2898182270
ashkenazi_reference_test/results/admixture/runs/primary/K04/rep04/admixture_attempt01_admixture_j8.log	5540 bytes	2026-07-18 09:36:37.2898182270
ashkenazi_reference_test/results/admixture/runs/primary/K04/rep04/complete.json	824 bytes	2026-07-18 09:36:37.4307434680
ashkenazi_reference_test/results/admixture/runs/primary/K04/rep04/dataset.4.P	2539080 bytes	2026-07-18 09:36:37.4057355530
ashkenazi_reference_test/results/admixture/runs/primary/K04/rep04/dataset.4.Q	13284 bytes	2026-07-18 09:36:37.2938088710
ashkenazi_reference_test/results/admixture/runs/primary/K04/rep05/admixture.log	5066 bytes	2026-07-18 09:36:52.3819083410
ashkenazi_reference_test/results/admixture/runs/primary/K04/rep05/admixture_attempt01_admixture_j8.log	5066 bytes	2026-07-18 09:36:52.3819083410
ashkenazi_reference_test/results/admixture/runs/primary/K04/rep05/complete.json	824 bytes	2026-07-18 09:36:52.5190349590
ashkenazi_reference_test/results/admixture/runs/primary/K04/rep05/dataset.4.P	2539080 bytes	2026-07-18 09:36:52.4937446680
ashkenazi_reference_test/results/admixture/runs/primary/K04/rep05/dataset.4.Q	13284 bytes	2026-07-18 09:36:52.3819083410
ashkenazi_reference_test/results/admixture/runs/primary/K05/rep01/admixture.log	5410 bytes	2026-07-18 09:37:11.1973160530
ashkenazi_reference_test/results/admixture/runs/primary/K05/rep01/admixture_attempt01_admixture_j8.log	5410 bytes	2026-07-18 09:37:11.1973160530
ashkenazi_reference_test/results/admixture/runs/primary/K05/rep01/complete.json	823 bytes	2026-07-18 09:37:11.3533963640
ashkenazi_reference_test/results/admixture/runs/primary/K05/rep01/dataset.5.P	3173850 bytes	2026-07-18 09:37:11.3251732080
ashkenazi_reference_test/results/admixture/runs/primary/K05/rep01/dataset.5.Q	16605 bytes	2026-07-18 09:37:11.1973160530
ashkenazi_reference_test/results/admixture/runs/primary/K05/rep02/admixture.log	10173 bytes	2026-07-18 09:37:47.0696376300
ashkenazi_reference_test/results/admixture/runs/primary/K05/rep02/admixture_attempt01_admixture_j8.log	10173 bytes	2026-07-18 09:37:47.0696376300
ashkenazi_reference_test/results/admixture/runs/primary/K05/rep02/complete.json	822 bytes	2026-07-18 09:37:47.2200673730
ashkenazi_reference_test/results/admixture/runs/primary/K05/rep02/dataset.5.P	3173850 bytes	2026-07-18 09:37:47.1934058240
ashkenazi_reference_test/results/admixture/runs/primary/K05/rep02/dataset.5.Q	16605 bytes	2026-07-18 09:37:47.0696376300
ashkenazi_reference_test/results/admixture/runs/primary/K05/rep03/admixture.log	9273 bytes	2026-07-18 09:38:18.8749932520
ashkenazi_reference_test/results/admixture/runs/primary/K05/rep03/admixture_attempt01_admixture_j8.log	9273 bytes	2026-07-18 09:38:18.8749932520
ashkenazi_reference_test/results/admixture/runs/primary/K05/rep03/complete.json	823 bytes	2026-07-18 09:38:19.0292528210
ashkenazi_reference_test/results/admixture/runs/primary/K05/rep03/dataset.5.P	3173850 bytes	2026-07-18 09:38:19.0028013720
ashkenazi_reference_test/results/admixture/runs/primary/K05/rep03/dataset.5.Q	16605 bytes	2026-07-18 09:38:18.8749932520
ashkenazi_reference_test/results/admixture/runs/primary/K05/rep04/admixture.log	6899 bytes	2026-07-18 09:38:43.4945183720
ashkenazi_reference_test/results/admixture/runs/primary/K05/rep04/admixture_attempt01_admixture_j8.log	6899 bytes	2026-07-18 09:38:43.4945183720
ashkenazi_reference_test/results/admixture/runs/primary/K05/rep04/complete.json	824 bytes	2026-07-18 09:38:43.6464765120
ashkenazi_reference_test/results/admixture/runs/primary/K05/rep04/dataset.5.P	3173850 bytes	2026-07-18 09:38:43.6224981410
ashkenazi_reference_test/results/admixture/runs/primary/K05/rep04/dataset.5.Q	16605 bytes	2026-07-18 09:38:43.4945183720
ashkenazi_reference_test/results/admixture/runs/primary/K05/rep05/admixture.log	6481 bytes	2026-07-18 09:39:06.2435942720
ashkenazi_reference_test/results/admixture/runs/primary/K05/rep05/admixture_attempt01_admixture_j8.log	6481 bytes	2026-07-18 09:39:06.2435942720
ashkenazi_reference_test/results/admixture/runs/primary/K05/rep05/complete.json	823 bytes	2026-07-18 09:39:06.3983913890
ashkenazi_reference_test/results/admixture/runs/primary/K05/rep05/dataset.5.P	3173850 bytes	2026-07-18 09:39:06.3721977210
ashkenazi_reference_test/results/admixture/runs/primary/K05/rep05/dataset.5.Q	16605 bytes	2026-07-18 09:39:06.2435942720
ashkenazi_reference_test/results/admixture/runs/primary/K06/rep01/admixture.log	6953 bytes	2026-07-18 09:39:36.4170240010
ashkenazi_reference_test/results/admixture/runs/primary/K06/rep01/admixture_attempt01_admixture_j8.log	6953 bytes	2026-07-18 09:39:36.4170240010
ashkenazi_reference_test/results/admixture/runs/primary/K06/rep01/complete.json	824 bytes	2026-07-18 09:39:36.5871192760
ashkenazi_reference_test/results/admixture/runs/primary/K06/rep01/dataset.6.P	3808620 bytes	2026-07-18 09:39:36.5578881410
ashkenazi_reference_test/results/admixture/runs/primary/K06/rep01/dataset.6.Q	19926 bytes	2026-07-18 09:39:36.4170240010
ashkenazi_reference_test/results/admixture/runs/primary/K06/rep02/admixture.log	7457 bytes	2026-07-18 09:40:09.2653372480
ashkenazi_reference_test/results/admixture/runs/primary/K06/rep02/admixture_attempt01_admixture_j8.log	7457 bytes	2026-07-18 09:40:09.2653372480
ashkenazi_reference_test/results/admixture/runs/primary/K06/rep02/complete.json	823 bytes	2026-07-18 09:40:09.4344286190
ashkenazi_reference_test/results/admixture/runs/primary/K06/rep02/dataset.6.P	3808620 bytes	2026-07-18 09:40:09.4020514610
ashkenazi_reference_test/results/admixture/runs/primary/K06/rep02/dataset.6.Q	19926 bytes	2026-07-18 09:40:09.2653372480
ashkenazi_reference_test/results/admixture/runs/primary/K06/rep03/admixture.log	6649 bytes	2026-07-18 09:40:36.6807516540
ashkenazi_reference_test/results/admixture/runs/primary/K06/rep03/admixture_attempt01_admixture_j8.log	6649 bytes	2026-07-18 09:40:36.6807516540
ashkenazi_reference_test/results/admixture/runs/primary/K06/rep03/complete.json	824 bytes	2026-07-18 09:40:36.8482662660
ashkenazi_reference_test/results/admixture/runs/primary/K06/rep03/dataset.6.P	3808620 bytes	2026-07-18 09:40:36.8165252810
ashkenazi_reference_test/results/admixture/runs/primary/K06/rep03/dataset.6.Q	19926 bytes	2026-07-18 09:40:36.6807516540
ashkenazi_reference_test/results/admixture/runs/primary/K06/rep04/admixture.log	5526 bytes	2026-07-18 09:40:59.5038433830
ashkenazi_reference_test/results/admixture/runs/primary/K06/rep04/admixture_attempt01_admixture_j8.log	5526 bytes	2026-07-18 09:40:59.5038433830
ashkenazi_reference_test/results/admixture/runs/primary/K06/rep04/complete.json	824 bytes	2026-07-18 09:40:59.6672182940
ashkenazi_reference_test/results/admixture/runs/primary/K06/rep04/dataset.6.P	3808620 bytes	2026-07-18 09:40:59.6396855090
ashkenazi_reference_test/results/admixture/runs/primary/K06/rep04/dataset.6.Q	19926 bytes	2026-07-18 09:40:59.5038433830
ashkenazi_reference_test/results/admixture/runs/primary/K06/rep05/admixture.log	5913 bytes	2026-07-18 09:41:24.3891537420
ashkenazi_reference_test/results/admixture/runs/primary/K06/rep05/admixture_attempt01_admixture_j8.log	5913 bytes	2026-07-18 09:41:24.3891537420
ashkenazi_reference_test/results/admixture/runs/primary/K06/rep05/complete.json	824 bytes	2026-07-18 09:41:24.5564968610
ashkenazi_reference_test/results/admixture/runs/primary/K06/rep05/dataset.6.P	3808620 bytes	2026-07-18 09:41:24.5251312700
ashkenazi_reference_test/results/admixture/runs/primary/K06/rep05/dataset.6.Q	19926 bytes	2026-07-18 09:41:24.3891537420
ashkenazi_reference_test/results/admixture/runs/primary/K07/rep01/admixture.log	11241 bytes	2026-07-18 09:42:20.1938637640
ashkenazi_reference_test/results/admixture/runs/primary/K07/rep01/admixture_attempt01_admixture_j8.log	11241 bytes	2026-07-18 09:42:20.1938637640
ashkenazi_reference_test/results/admixture/runs/primary/K07/rep01/complete.json	823 bytes	2026-07-18 09:42:20.3774512270
ashkenazi_reference_test/results/admixture/runs/primary/K07/rep01/dataset.7.P	4443390 bytes	2026-07-18 09:42:20.3458519700
ashkenazi_reference_test/results/admixture/runs/primary/K07/rep01/dataset.7.Q	23247 bytes	2026-07-18 09:42:20.1978634540
ashkenazi_reference_test/results/admixture/runs/primary/K07/rep02/admixture.log	5804 bytes	2026-07-18 09:42:49.3226381220
ashkenazi_reference_test/results/admixture/runs/primary/K07/rep02/admixture_attempt01_admixture_j8.log	5804 bytes	2026-07-18 09:42:49.3226381220
ashkenazi_reference_test/results/admixture/runs/primary/K07/rep02/complete.json	824 bytes	2026-07-18 09:42:49.5028227530
ashkenazi_reference_test/results/admixture/runs/primary/K07/rep02/dataset.7.P	4443390 bytes	2026-07-18 09:42:49.4706386260
ashkenazi_reference_test/results/admixture/runs/primary/K07/rep02/dataset.7.Q	23247 bytes	2026-07-18 09:42:49.3226381220
ashkenazi_reference_test/results/admixture/runs/primary/K07/rep03/admixture.log	6173 bytes	2026-07-18 09:43:19.2026574850
ashkenazi_reference_test/results/admixture/runs/primary/K07/rep03/admixture_attempt01_admixture_j8.log	6173 bytes	2026-07-18 09:43:19.2026574850
ashkenazi_reference_test/results/admixture/runs/primary/K07/rep03/complete.json	824 bytes	2026-07-18 09:43:19.3847336850
ashkenazi_reference_test/results/admixture/runs/primary/K07/rep03/dataset.7.P	4443390 bytes	2026-07-18 09:43:19.3506574830
ashkenazi_reference_test/results/admixture/runs/primary/K07/rep03/dataset.7.Q	23247 bytes	2026-07-18 09:43:19.2026574850
ashkenazi_reference_test/results/admixture/runs/primary/K07/rep04/admixture.log	8258 bytes	2026-07-18 09:43:58.4337173030
ashkenazi_reference_test/results/admixture/runs/primary/K07/rep04/admixture_attempt01_admixture_j8.log	8258 bytes	2026-07-18 09:43:58.4337173030
ashkenazi_reference_test/results/admixture/runs/primary/K07/rep04/complete.json	824 bytes	2026-07-18 09:43:58.6183318380
ashkenazi_reference_test/results/admixture/runs/primary/K07/rep04/dataset.7.P	4443390 bytes	2026-07-18 09:43:58.5857738890
ashkenazi_reference_test/results/admixture/runs/primary/K07/rep04/dataset.7.Q	23247 bytes	2026-07-18 09:43:58.4337173030
ashkenazi_reference_test/results/admixture/runs/primary/K07/rep05/admixture.log	4757 bytes	2026-07-18 09:44:21.7503395510
ashkenazi_reference_test/results/admixture/runs/primary/K07/rep05/admixture_attempt01_admixture_j8.log	4757 bytes	2026-07-18 09:44:21.7503395510
ashkenazi_reference_test/results/admixture/runs/primary/K07/rep05/complete.json	824 bytes	2026-07-18 09:44:21.9326786310
ashkenazi_reference_test/results/admixture/runs/primary/K07/rep05/dataset.7.P	4443390 bytes	2026-07-18 09:44:21.9023283180
ashkenazi_reference_test/results/admixture/runs/primary/K07/rep05/dataset.7.Q	23247 bytes	2026-07-18 09:44:21.7503395510
ashkenazi_reference_test/results/admixture/runs/primary/K08/rep01/admixture.log	8251 bytes	2026-07-18 09:45:07.5941523600
ashkenazi_reference_test/results/admixture/runs/primary/K08/rep01/admixture_attempt01_admixture_j8.log	8251 bytes	2026-07-18 09:45:07.5941523600
ashkenazi_reference_test/results/admixture/runs/primary/K08/rep01/complete.json	824 bytes	2026-07-18 09:45:07.7922367260
ashkenazi_reference_test/results/admixture/runs/primary/K08/rep01/dataset.8.P	5078160 bytes	2026-07-18 09:45:07.7541764070
ashkenazi_reference_test/results/admixture/runs/primary/K08/rep01/dataset.8.Q	26568 bytes	2026-07-18 09:45:07.5981529610
ashkenazi_reference_test/results/admixture/runs/primary/K08/rep02/admixture.log	7231 bytes	2026-07-18 09:45:47.4902818030
ashkenazi_reference_test/results/admixture/runs/primary/K08/rep02/admixture_attempt01_admixture_j8.log	7231 bytes	2026-07-18 09:45:47.4902818030
ashkenazi_reference_test/results/admixture/runs/primary/K08/rep02/complete.json	823 bytes	2026-07-18 09:45:47.6861711320
ashkenazi_reference_test/results/admixture/runs/primary/K08/rep02/dataset.8.P	5078160 bytes	2026-07-18 09:45:47.6501914610
ashkenazi_reference_test/results/admixture/runs/primary/K08/rep02/dataset.8.Q	26568 bytes	2026-07-18 09:45:47.4902818030
ashkenazi_reference_test/results/admixture/runs/primary/K08/rep03/admixture.log	7824 bytes	2026-07-18 09:46:30.2654476670
ashkenazi_reference_test/results/admixture/runs/primary/K08/rep03/admixture_attempt01_admixture_j8.log	7824 bytes	2026-07-18 09:46:30.2654476670
ashkenazi_reference_test/results/admixture/runs/primary/K08/rep03/complete.json	822 bytes	2026-07-18 09:46:30.4642273850
ashkenazi_reference_test/results/admixture/runs/primary/K08/rep03/dataset.8.P	5078160 bytes	2026-07-18 09:46:30.4254283680
ashkenazi_reference_test/results/admixture/runs/primary/K08/rep03/dataset.8.Q	26568 bytes	2026-07-18 09:46:30.2654476670
ashkenazi_reference_test/results/admixture/runs/primary/K08/rep04/admixture.log	6006 bytes	2026-07-18 09:47:03.6419670240
ashkenazi_reference_test/results/admixture/runs/primary/K08/rep04/admixture_attempt01_admixture_j8.log	6006 bytes	2026-07-18 09:47:03.6419670240
ashkenazi_reference_test/results/admixture/runs/primary/K08/rep04/complete.json	823 bytes	2026-07-18 09:47:03.8438109300
ashkenazi_reference_test/results/admixture/runs/primary/K08/rep04/dataset.8.P	5078160 bytes	2026-07-18 09:47:03.8059563620
ashkenazi_reference_test/results/admixture/runs/primary/K08/rep04/dataset.8.Q	26568 bytes	2026-07-18 09:47:03.6459667640
ashkenazi_reference_test/results/admixture/runs/primary/K08/rep05/admixture.log	6896 bytes	2026-07-18 09:47:41.7823471290
ashkenazi_reference_test/results/admixture/runs/primary/K08/rep05/admixture_attempt01_admixture_j8.log	6896 bytes	2026-07-18 09:47:41.7823471290
ashkenazi_reference_test/results/admixture/runs/primary/K08/rep05/complete.json	823 bytes	2026-07-18 09:47:41.9830798350
ashkenazi_reference_test/results/admixture/runs/primary/K08/rep05/dataset.8.P	5078160 bytes	2026-07-18 09:47:41.9463415830
ashkenazi_reference_test/results/admixture/runs/primary/K08/rep05/dataset.8.Q	26568 bytes	2026-07-18 09:47:41.7823471290
ashkenazi_reference_test/results/admixture/runs/primary/K09/rep01/admixture.log	7123 bytes	2026-07-18 09:48:27.7385202160
ashkenazi_reference_test/results/admixture/runs/primary/K09/rep01/admixture_attempt01_admixture_j8.log	7123 bytes	2026-07-18 09:48:27.7385202160
ashkenazi_reference_test/results/admixture/runs/primary/K09/rep01/complete.json	823 bytes	2026-07-18 09:48:27.9477548820
ashkenazi_reference_test/results/admixture/runs/primary/K09/rep01/dataset.9.P	5712930 bytes	2026-07-18 09:48:27.9105268670
ashkenazi_reference_test/results/admixture/runs/primary/K09/rep01/dataset.9.Q	29889 bytes	2026-07-18 09:48:27.7385202160
ashkenazi_reference_test/results/admixture/runs/primary/K09/rep02/admixture.log	4944 bytes	2026-07-18 09:49:00.6145668770
ashkenazi_reference_test/results/admixture/runs/primary/K09/rep02/admixture_attempt01_admixture_j8.log	4944 bytes	2026-07-18 09:49:00.6145668770
ashkenazi_reference_test/results/admixture/runs/primary/K09/rep02/complete.json	822 bytes	2026-07-18 09:49:00.8304216830
ashkenazi_reference_test/results/admixture/runs/primary/K09/rep02/dataset.9.P	5712930 bytes	2026-07-18 09:49:00.7905650820
ashkenazi_reference_test/results/admixture/runs/primary/K09/rep02/dataset.9.Q	29889 bytes	2026-07-18 09:49:00.6185668360
ashkenazi_reference_test/results/admixture/runs/primary/K09/rep03/admixture.log	7656 bytes	2026-07-18 09:49:55.1522856380
ashkenazi_reference_test/results/admixture/runs/primary/K09/rep03/admixture_attempt01_admixture_j8.log	7656 bytes	2026-07-18 09:49:55.1522856380
ashkenazi_reference_test/results/admixture/runs/primary/K09/rep03/complete.json	823 bytes	2026-07-18 09:49:55.3661835350
ashkenazi_reference_test/results/admixture/runs/primary/K09/rep03/dataset.9.P	5712930 bytes	2026-07-18 09:49:55.3283149730
ashkenazi_reference_test/results/admixture/runs/primary/K09/rep03/dataset.9.Q	29889 bytes	2026-07-18 09:49:55.1522856380
ashkenazi_reference_test/results/admixture/runs/primary/K09/rep04/admixture.log	5071 bytes	2026-07-18 09:50:28.3827855310
ashkenazi_reference_test/results/admixture/runs/primary/K09/rep04/admixture_attempt01_admixture_j8.log	5071 bytes	2026-07-18 09:50:28.3827855310
ashkenazi_reference_test/results/admixture/runs/primary/K09/rep04/complete.json	823 bytes	2026-07-18 09:50:28.5910141210
ashkenazi_reference_test/results/admixture/runs/primary/K09/rep04/dataset.9.P	5712930 bytes	2026-07-18 09:50:28.5547892590
ashkenazi_reference_test/results/admixture/runs/primary/K09/rep04/dataset.9.Q	29889 bytes	2026-07-18 09:50:28.3827855310
ashkenazi_reference_test/results/admixture/runs/primary/K09/rep05/admixture.log	5233 bytes	2026-07-18 09:51:02.1423441770
ashkenazi_reference_test/results/admixture/runs/primary/K09/rep05/admixture_attempt01_admixture_j8.log	5233 bytes	2026-07-18 09:51:02.1423441770
ashkenazi_reference_test/results/admixture/runs/primary/K09/rep05/complete.json	823 bytes	2026-07-18 09:51:02.3561632010
ashkenazi_reference_test/results/admixture/runs/primary/K09/rep05/dataset.9.P	5712930 bytes	2026-07-18 09:51:02.3183390160
ashkenazi_reference_test/results/admixture/runs/primary/K09/rep05/dataset.9.Q	29889 bytes	2026-07-18 09:51:02.1423441770
ashkenazi_reference_test/results/admixture/runs/primary/K10/rep01/admixture.log	6143 bytes	2026-07-18 09:51:46.5344759520
ashkenazi_reference_test/results/admixture/runs/primary/K10/rep01/admixture_attempt01_admixture_j8.log	6143 bytes	2026-07-18 09:51:46.5344759520
ashkenazi_reference_test/results/admixture/runs/primary/K10/rep01/complete.json	826 bytes	2026-07-18 09:51:46.7565884970
ashkenazi_reference_test/results/admixture/runs/primary/K10/rep01/dataset.10.P	6347700 bytes	2026-07-18 09:51:46.7144789200
ashkenazi_reference_test/results/admixture/runs/primary/K10/rep01/dataset.10.Q	33210 bytes	2026-07-18 09:51:46.5344759520
ashkenazi_reference_test/results/admixture/runs/primary/K10/rep02/admixture.log	7295 bytes	2026-07-18 09:52:40.1305047880
ashkenazi_reference_test/results/admixture/runs/primary/K10/rep02/admixture_attempt01_admixture_j8.log	7295 bytes	2026-07-18 09:52:40.1305047880
ashkenazi_reference_test/results/admixture/runs/primary/K10/rep02/complete.json	826 bytes	2026-07-18 09:52:40.3559472340
ashkenazi_reference_test/results/admixture/runs/primary/K10/rep02/dataset.10.P	6347700 bytes	2026-07-18 09:52:40.3145019840
ashkenazi_reference_test/results/admixture/runs/primary/K10/rep02/dataset.10.Q	33210 bytes	2026-07-18 09:52:40.1305047880
ashkenazi_reference_test/results/admixture/runs/primary/K10/rep03/admixture.log	8035 bytes	2026-07-18 09:53:37.4465374940
ashkenazi_reference_test/results/admixture/runs/primary/K10/rep03/admixture_attempt01_admixture_j8.log	8035 bytes	2026-07-18 09:53:37.4465374940
ashkenazi_reference_test/results/admixture/runs/primary/K10/rep03/complete.json	825 bytes	2026-07-18 09:53:37.6734107850
ashkenazi_reference_test/results/admixture/runs/primary/K10/rep03/dataset.10.P	6347700 bytes	2026-07-18 09:53:37.6345414900
ashkenazi_reference_test/results/admixture/runs/primary/K10/rep03/dataset.10.Q	33210 bytes	2026-07-18 09:53:37.4465374940
ashkenazi_reference_test/results/admixture/runs/primary/K10/rep04/admixture.log	5303 bytes	2026-07-18 09:54:16.2305915450
ashkenazi_reference_test/results/admixture/runs/primary/K10/rep04/admixture_attempt01_admixture_j8.log	5303 bytes	2026-07-18 09:54:16.2305915450
ashkenazi_reference_test/results/admixture/runs/primary/K10/rep04/complete.json	825 bytes	2026-07-18 09:54:16.4535939430
ashkenazi_reference_test/results/admixture/runs/primary/K10/rep04/dataset.10.P	6347700 bytes	2026-07-18 09:54:16.4145903110
ashkenazi_reference_test/results/admixture/runs/primary/K10/rep04/dataset.10.Q	33210 bytes	2026-07-18 09:54:16.2305915450
ashkenazi_reference_test/results/admixture/runs/primary/K10/rep05/admixture.log	7188 bytes	2026-07-18 09:55:07.2786194450
ashkenazi_reference_test/results/admixture/runs/primary/K10/rep05/admixture_attempt01_admixture_j8.log	7188 bytes	2026-07-18 09:55:07.2786194450
ashkenazi_reference_test/results/admixture/runs/primary/K10/rep05/complete.json	826 bytes	2026-07-18 09:55:07.5031490210
ashkenazi_reference_test/results/admixture/runs/primary/K10/rep05/dataset.10.P	6347700 bytes	2026-07-18 09:55:07.4626212710
ashkenazi_reference_test/results/admixture/runs/primary/K10/rep05/dataset.10.Q	33210 bytes	2026-07-18 09:55:07.2826194860
ashkenazi_reference_test/results/admixture/runs/primary/K11/rep01/admixture.log	7115 bytes	2026-07-18 09:56:05.7666523280
ashkenazi_reference_test/results/admixture/runs/primary/K11/rep01/admixture_attempt01_admixture_j8.log	7115 bytes	2026-07-18 09:56:05.7666523280
ashkenazi_reference_test/results/admixture/runs/primary/K11/rep01/complete.json	825 bytes	2026-07-18 09:56:06.0091198810
ashkenazi_reference_test/results/admixture/runs/primary/K11/rep01/dataset.11.P	6982470 bytes	2026-07-18 09:56:05.9626518720
ashkenazi_reference_test/results/admixture/runs/primary/K11/rep01/dataset.11.Q	36531 bytes	2026-07-18 09:56:05.7666523280
ashkenazi_reference_test/results/admixture/runs/primary/K11/rep02/admixture.log	14599 bytes	2026-07-18 09:58:03.8786613490
ashkenazi_reference_test/results/admixture/runs/primary/K11/rep02/admixture_attempt01_admixture_j8.log	14599 bytes	2026-07-18 09:58:03.8786613490
ashkenazi_reference_test/results/admixture/runs/primary/K11/rep02/complete.json	826 bytes	2026-07-18 09:58:04.1159513090
ashkenazi_reference_test/results/admixture/runs/primary/K11/rep02/dataset.11.P	6982470 bytes	2026-07-18 09:58:04.0706614150
ashkenazi_reference_test/results/admixture/runs/primary/K11/rep02/dataset.11.Q	36531 bytes	2026-07-18 09:58:03.8826613500
ashkenazi_reference_test/results/admixture/runs/primary/K11/rep03/admixture.log	7041 bytes	2026-07-18 09:59:00.9589447940
ashkenazi_reference_test/results/admixture/runs/primary/K11/rep03/admixture_attempt01_admixture_j8.log	7041 bytes	2026-07-18 09:59:00.9589447940
ashkenazi_reference_test/results/admixture/runs/primary/K11/rep03/complete.json	825 bytes	2026-07-18 09:59:01.2014212480
ashkenazi_reference_test/results/admixture/runs/primary/K11/rep03/dataset.11.P	6982470 bytes	2026-07-18 09:59:01.1589527740
ashkenazi_reference_test/results/admixture/runs/primary/K11/rep03/dataset.11.Q	36531 bytes	2026-07-18 09:59:00.9629449530
ashkenazi_reference_test/results/admixture/runs/primary/K11/rep04/admixture.log	9139 bytes	2026-07-18 10:00:14.9106150670
ashkenazi_reference_test/results/admixture/runs/primary/K11/rep04/admixture_attempt01_admixture_j8.log	9139 bytes	2026-07-18 10:00:14.9106150670
ashkenazi_reference_test/results/admixture/runs/primary/K11/rep04/complete.json	825 bytes	2026-07-18 10:00:15.1471293680
ashkenazi_reference_test/results/admixture/runs/primary/K11/rep04/dataset.11.P	6982470 bytes	2026-07-18 10:00:15.1066139350
ashkenazi_reference_test/results/admixture/runs/primary/K11/rep04/dataset.11.Q	36531 bytes	2026-07-18 10:00:14.9106150670
ashkenazi_reference_test/results/admixture/runs/primary/K11/rep05/admixture.log	11612 bytes	2026-07-18 10:01:48.4786523960
ashkenazi_reference_test/results/admixture/runs/primary/K11/rep05/admixture_attempt01_admixture_j8.log	11612 bytes	2026-07-18 10:01:48.4786523960
ashkenazi_reference_test/results/admixture/runs/primary/K11/rep05/complete.json	825 bytes	2026-07-18 10:01:48.7201311170
ashkenazi_reference_test/results/admixture/runs/primary/K11/rep05/dataset.11.P	6982470 bytes	2026-07-18 10:01:48.6786536330
ashkenazi_reference_test/results/admixture/runs/primary/K11/rep05/dataset.11.Q	36531 bytes	2026-07-18 10:01:48.4786523960
ashkenazi_reference_test/results/admixture/runs/primary/K12/rep01/admixture.log	14392 bytes	2026-07-18 10:04:04.2786713540
ashkenazi_reference_test/results/admixture/runs/primary/K12/rep01/admixture_attempt01_admixture_j8.log	14392 bytes	2026-07-18 10:04:04.2786713540
ashkenazi_reference_test/results/admixture/runs/primary/K12/rep01/complete.json	826 bytes	2026-07-18 10:04:04.5335585220
ashkenazi_reference_test/results/admixture/runs/primary/K12/rep01/dataset.12.P	7617240 bytes	2026-07-18 10:04:04.4866716640
ashkenazi_reference_test/results/admixture/runs/primary/K12/rep01/dataset.12.Q	39852 bytes	2026-07-18 10:04:04.2826713870
ashkenazi_reference_test/results/admixture/runs/primary/K12/rep02/admixture.log	8399 bytes	2026-07-18 10:05:22.7306592460
ashkenazi_reference_test/results/admixture/runs/primary/K12/rep02/admixture_attempt01_admixture_j8.log	8399 bytes	2026-07-18 10:05:22.7306592460
ashkenazi_reference_test/results/admixture/runs/primary/K12/rep02/complete.json	824 bytes	2026-07-18 10:05:22.9899450830
ashkenazi_reference_test/results/admixture/runs/primary/K12/rep02/dataset.12.P	7617240 bytes	2026-07-18 10:05:22.9426598190
ashkenazi_reference_test/results/admixture/runs/primary/K12/rep02/dataset.12.Q	39852 bytes	2026-07-18 10:05:22.7306592460
ashkenazi_reference_test/results/admixture/runs/primary/K12/rep03/admixture.log	13359 bytes	2026-07-18 10:07:25.9266769660
ashkenazi_reference_test/results/admixture/runs/primary/K12/rep03/admixture_attempt01_admixture_j8.log	13359 bytes	2026-07-18 10:07:25.9266769660
ashkenazi_reference_test/results/admixture/runs/primary/K12/rep03/complete.json	826 bytes	2026-07-18 10:07:26.1766553650
ashkenazi_reference_test/results/admixture/runs/primary/K12/rep03/dataset.12.P	7617240 bytes	2026-07-18 10:07:26.1306771160
ashkenazi_reference_test/results/admixture/runs/primary/K12/rep03/dataset.12.Q	39852 bytes	2026-07-18 10:07:25.9266769660
ashkenazi_reference_test/results/admixture/runs/primary/K12/rep04/admixture.log	8739 bytes	2026-07-18 10:08:46.8666754640
ashkenazi_reference_test/results/admixture/runs/primary/K12/rep04/admixture_attempt01_admixture_j8.log	8739 bytes	2026-07-18 10:08:46.8666754640
ashkenazi_reference_test/results/admixture/runs/primary/K12/rep04/complete.json	824 bytes	2026-07-18 10:08:47.1222378900
ashkenazi_reference_test/results/admixture/runs/primary/K12/rep04/dataset.12.P	7617240 bytes	2026-07-18 10:08:47.0746754560
ashkenazi_reference_test/results/admixture/runs/primary/K12/rep04/dataset.12.Q	39852 bytes	2026-07-18 10:08:46.8666754640
ashkenazi_reference_test/results/admixture/runs/primary/K12/rep05/admixture.log	7989 bytes	2026-07-18 10:10:00.2466834060
ashkenazi_reference_test/results/admixture/runs/primary/K12/rep05/admixture_attempt01_admixture_j8.log	7989 bytes	2026-07-18 10:10:00.2466834060
ashkenazi_reference_test/results/admixture/runs/primary/K12/rep05/complete.json	825 bytes	2026-07-18 10:10:00.4977929700
ashkenazi_reference_test/results/admixture/runs/primary/K12/rep05/dataset.12.P	7617240 bytes	2026-07-18 10:10:00.4546832980
ashkenazi_reference_test/results/admixture/runs/primary/K12/rep05/dataset.12.Q	39852 bytes	2026-07-18 10:10:00.2466834060
ashkenazi_reference_test/results/admixture/runs/strict_pass/K02/rep01/admixture.log	3069 bytes	2026-07-18 10:10:05.5226846580
ashkenazi_reference_test/results/admixture/runs/strict_pass/K02/rep01/admixture_attempt01_admixture_j8.log	3069 bytes	2026-07-18 10:10:05.5226846580
ashkenazi_reference_test/results/admixture/runs/strict_pass/K02/rep01/complete.json	828 bytes	2026-07-18 10:10:05.6292944110
ashkenazi_reference_test/results/admixture/runs/strict_pass/K02/rep01/dataset.2.P	1269540 bytes	2026-07-18 10:10:05.6146846170
ashkenazi_reference_test/results/admixture/runs/strict_pass/K02/rep01/dataset.2.Q	4446 bytes	2026-07-18 10:10:05.5226846580
ashkenazi_reference_test/results/admixture/runs/strict_pass/K02/rep02/admixture.log	3076 bytes	2026-07-18 10:10:10.5106823050
ashkenazi_reference_test/results/admixture/runs/strict_pass/K02/rep02/admixture_attempt01_admixture_j8.log	3076 bytes	2026-07-18 10:10:10.5106823050
ashkenazi_reference_test/results/admixture/runs/strict_pass/K02/rep02/complete.json	827 bytes	2026-07-18 10:10:10.6202691560
ashkenazi_reference_test/results/admixture/runs/strict_pass/K02/rep02/dataset.2.P	1269540 bytes	2026-07-18 10:10:10.6066822560
ashkenazi_reference_test/results/admixture/runs/strict_pass/K02/rep02/dataset.2.Q	4446 bytes	2026-07-18 10:10:10.5106823050
ashkenazi_reference_test/results/admixture/runs/strict_pass/K02/rep03/admixture.log	3145 bytes	2026-07-18 10:10:15.5066848170
ashkenazi_reference_test/results/admixture/runs/strict_pass/K02/rep03/admixture_attempt01_admixture_j8.log	3145 bytes	2026-07-18 10:10:15.5066848170
ashkenazi_reference_test/results/admixture/runs/strict_pass/K02/rep03/complete.json	827 bytes	2026-07-18 10:10:15.6122531120
ashkenazi_reference_test/results/admixture/runs/strict_pass/K02/rep03/dataset.2.P	1269540 bytes	2026-07-18 10:10:15.5986847730
ashkenazi_reference_test/results/admixture/runs/strict_pass/K02/rep03/dataset.2.Q	4446 bytes	2026-07-18 10:10:15.5066848170
ashkenazi_reference_test/results/admixture/runs/strict_pass/K02/rep04/admixture.log	3076 bytes	2026-07-18 10:10:20.4906837640
ashkenazi_reference_test/results/admixture/runs/strict_pass/K02/rep04/admixture_attempt01_admixture_j8.log	3076 bytes	2026-07-18 10:10:20.4906837640
ashkenazi_reference_test/results/admixture/runs/strict_pass/K02/rep04/complete.json	827 bytes	2026-07-18 10:10:20.5971405700
ashkenazi_reference_test/results/admixture/runs/strict_pass/K02/rep04/dataset.2.P	1269540 bytes	2026-07-18 10:10:20.5826837910
ashkenazi_reference_test/results/admixture/runs/strict_pass/K02/rep04/dataset.2.Q	4446 bytes	2026-07-18 10:10:20.4906837640
ashkenazi_reference_test/results/admixture/runs/strict_pass/K02/rep05/admixture.log	3295 bytes	2026-07-18 10:10:25.9026830250
ashkenazi_reference_test/results/admixture/runs/strict_pass/K02/rep05/admixture_attempt01_admixture_j8.log	3295 bytes	2026-07-18 10:10:25.9026830250
ashkenazi_reference_test/results/admixture/runs/strict_pass/K02/rep05/complete.json	827 bytes	2026-07-18 10:10:26.0117576300
ashkenazi_reference_test/results/admixture/runs/strict_pass/K02/rep05/dataset.2.P	1269540 bytes	2026-07-18 10:10:25.9986829790
ashkenazi_reference_test/results/admixture/runs/strict_pass/K02/rep05/dataset.2.Q	4446 bytes	2026-07-18 10:10:25.9066830230
ashkenazi_reference_test/results/admixture/runs/strict_pass/K03/rep01/admixture.log	3923 bytes	2026-07-18 10:10:33.3466837360
ashkenazi_reference_test/results/admixture/runs/strict_pass/K03/rep01/admixture_attempt01_admixture_j8.log	3923 bytes	2026-07-18 10:10:33.3466837360
ashkenazi_reference_test/results/admixture/runs/strict_pass/K03/rep01/complete.json	826 bytes	2026-07-18 10:10:33.4674937420
ashkenazi_reference_test/results/admixture/runs/strict_pass/K03/rep01/dataset.3.P	1904310 bytes	2026-07-18 10:10:33.4506836900
ashkenazi_reference_test/results/admixture/runs/strict_pass/K03/rep01/dataset.3.Q	6669 bytes	2026-07-18 10:10:33.3466837360
ashkenazi_reference_test/results/admixture/runs/strict_pass/K03/rep02/admixture.log	3694 bytes	2026-07-18 10:10:40.1546853090
ashkenazi_reference_test/results/admixture/runs/strict_pass/K03/rep02/admixture_attempt01_admixture_j8.log	3694 bytes	2026-07-18 10:10:40.1546853090
ashkenazi_reference_test/results/admixture/runs/strict_pass/K03/rep02/complete.json	827 bytes	2026-07-18 10:10:40.2784278130
ashkenazi_reference_test/results/admixture/runs/strict_pass/K03/rep02/dataset.3.P	1904310 bytes	2026-07-18 10:10:40.2586852670
ashkenazi_reference_test/results/admixture/runs/strict_pass/K03/rep02/dataset.3.Q	6669 bytes	2026-07-18 10:10:40.1546853090
ashkenazi_reference_test/results/admixture/runs/strict_pass/K03/rep03/admixture.log	3993 bytes	2026-07-18 10:10:47.5666871620
ashkenazi_reference_test/results/admixture/runs/strict_pass/K03/rep03/admixture_attempt01_admixture_j8.log	3993 bytes	2026-07-18 10:10:47.5666871620
ashkenazi_reference_test/results/admixture/runs/strict_pass/K03/rep03/complete.json	827 bytes	2026-07-18 10:10:47.6874084780
ashkenazi_reference_test/results/admixture/runs/strict_pass/K03/rep03/dataset.3.P	1904310 bytes	2026-07-18 10:10:47.6666871290
ashkenazi_reference_test/results/admixture/runs/strict_pass/K03/rep03/dataset.3.Q	6669 bytes	2026-07-18 10:10:47.5666871620
ashkenazi_reference_test/results/admixture/runs/strict_pass/K03/rep04/admixture.log	3754 bytes	2026-07-18 10:10:54.5426873180
ashkenazi_reference_test/results/admixture/runs/strict_pass/K03/rep04/admixture_attempt01_admixture_j8.log	3754 bytes	2026-07-18 10:10:54.5426873180
ashkenazi_reference_test/results/admixture/runs/strict_pass/K03/rep04/complete.json	828 bytes	2026-07-18 10:10:54.6635377330
ashkenazi_reference_test/results/admixture/runs/strict_pass/K03/rep04/dataset.3.P	1904310 bytes	2026-07-18 10:10:54.6466872870
ashkenazi_reference_test/results/admixture/runs/strict_pass/K03/rep04/dataset.3.Q	6669 bytes	2026-07-18 10:10:54.5426873180
ashkenazi_reference_test/results/admixture/runs/strict_pass/K03/rep05/admixture.log	4375 bytes	2026-07-18 10:11:02.1586865420
ashkenazi_reference_test/results/admixture/runs/strict_pass/K03/rep05/admixture_attempt01_admixture_j8.log	4375 bytes	2026-07-18 10:11:02.1586865420
ashkenazi_reference_test/results/admixture/runs/strict_pass/K03/rep05/complete.json	827 bytes	2026-07-18 10:11:02.2832984000
ashkenazi_reference_test/results/admixture/runs/strict_pass/K03/rep05/dataset.3.P	1904310 bytes	2026-07-18 10:11:02.2666865060
ashkenazi_reference_test/results/admixture/runs/strict_pass/K03/rep05/dataset.3.Q	6669 bytes	2026-07-18 10:11:02.1626865400
ashkenazi_reference_test/results/admixture/runs/strict_pass/K04/rep01/admixture.log	5686 bytes	2026-07-18 10:11:13.8226847550
ashkenazi_reference_test/results/admixture/runs/strict_pass/K04/rep01/admixture_attempt01_admixture_j8.log	5686 bytes	2026-07-18 10:11:13.8226847550
ashkenazi_reference_test/results/admixture/runs/strict_pass/K04/rep01/complete.json	827 bytes	2026-07-18 10:11:13.9591837350
ashkenazi_reference_test/results/admixture/runs/strict_pass/K04/rep01/dataset.4.P	2539080 bytes	2026-07-18 10:11:13.9386847070
ashkenazi_reference_test/results/admixture/runs/strict_pass/K04/rep01/dataset.4.Q	8892 bytes	2026-07-18 10:11:13.8226847550
ashkenazi_reference_test/results/admixture/runs/strict_pass/K04/rep02/admixture.log	5299 bytes	2026-07-18 10:11:24.6666814230
ashkenazi_reference_test/results/admixture/runs/strict_pass/K04/rep02/admixture_attempt01_admixture_j8.log	5299 bytes	2026-07-18 10:11:24.6666814230
ashkenazi_reference_test/results/admixture/runs/strict_pass/K04/rep02/complete.json	827 bytes	2026-07-18 10:11:24.8046790830
ashkenazi_reference_test/results/admixture/runs/strict_pass/K04/rep02/dataset.4.P	2539080 bytes	2026-07-18 10:11:24.7826814220
ashkenazi_reference_test/results/admixture/runs/strict_pass/K04/rep02/dataset.4.Q	8892 bytes	2026-07-18 10:11:24.6666814230
ashkenazi_reference_test/results/admixture/runs/strict_pass/K04/rep03/admixture.log	7191 bytes	2026-07-18 10:11:39.2386839600
ashkenazi_reference_test/results/admixture/runs/strict_pass/K04/rep03/admixture_attempt01_admixture_j8.log	7191 bytes	2026-07-18 10:11:39.2386839600
ashkenazi_reference_test/results/admixture/runs/strict_pass/K04/rep03/complete.json	827 bytes	2026-07-18 10:11:39.3746922400
ashkenazi_reference_test/results/admixture/runs/strict_pass/K04/rep03/dataset.4.P	2539080 bytes	2026-07-18 10:11:39.3546841570
ashkenazi_reference_test/results/admixture/runs/strict_pass/K04/rep03/dataset.4.Q	8892 bytes	2026-07-18 10:11:39.2386839600
ashkenazi_reference_test/results/admixture/runs/strict_pass/K04/rep04/admixture.log	4551 bytes	2026-07-18 10:11:48.8386858340
ashkenazi_reference_test/results/admixture/runs/strict_pass/K04/rep04/admixture_attempt01_admixture_j8.log	4551 bytes	2026-07-18 10:11:48.8386858340
ashkenazi_reference_test/results/admixture/runs/strict_pass/K04/rep04/complete.json	826 bytes	2026-07-18 10:11:48.9761470960
ashkenazi_reference_test/results/admixture/runs/strict_pass/K04/rep04/dataset.4.P	2539080 bytes	2026-07-18 10:11:48.9546858860
ashkenazi_reference_test/results/admixture/runs/strict_pass/K04/rep04/dataset.4.Q	8892 bytes	2026-07-18 10:11:48.8386858340
ashkenazi_reference_test/results/admixture/runs/strict_pass/K04/rep05/admixture.log	5987 bytes	2026-07-18 10:12:01.3466890250
ashkenazi_reference_test/results/admixture/runs/strict_pass/K04/rep05/admixture_attempt01_admixture_j8.log	5987 bytes	2026-07-18 10:12:01.3466890250
ashkenazi_reference_test/results/admixture/runs/strict_pass/K04/rep05/complete.json	827 bytes	2026-07-18 10:12:01.4829998730
ashkenazi_reference_test/results/admixture/runs/strict_pass/K04/rep05/dataset.4.P	2539080 bytes	2026-07-18 10:12:01.4626889790
ashkenazi_reference_test/results/admixture/runs/strict_pass/K04/rep05/dataset.4.Q	8892 bytes	2026-07-18 10:12:01.3466890250
ashkenazi_reference_test/results/admixture/runs/strict_pass/K05/rep01/admixture.log	5846 bytes	2026-07-18 10:12:15.6666914910
ashkenazi_reference_test/results/admixture/runs/strict_pass/K05/rep01/admixture_attempt01_admixture_j8.log	5846 bytes	2026-07-18 10:12:15.6666914910
ashkenazi_reference_test/results/admixture/runs/strict_pass/K05/rep01/complete.json	826 bytes	2026-07-18 10:12:15.8184412040
ashkenazi_reference_test/results/admixture/runs/strict_pass/K05/rep01/dataset.5.P	3173850 bytes	2026-07-18 10:12:15.7946915020
ashkenazi_reference_test/results/admixture/runs/strict_pass/K05/rep01/dataset.5.Q	11115 bytes	2026-07-18 10:12:15.6666914910
ashkenazi_reference_test/results/admixture/runs/strict_pass/K05/rep02/admixture.log	5773 bytes	2026-07-18 10:12:29.9266883930
ashkenazi_reference_test/results/admixture/runs/strict_pass/K05/rep02/admixture_attempt01_admixture_j8.log	5773 bytes	2026-07-18 10:12:29.9266883930
ashkenazi_reference_test/results/admixture/runs/strict_pass/K05/rep02/complete.json	828 bytes	2026-07-18 10:12:30.0774027700
ashkenazi_reference_test/results/admixture/runs/strict_pass/K05/rep02/dataset.5.P	3173850 bytes	2026-07-18 10:12:30.0546883590
ashkenazi_reference_test/results/admixture/runs/strict_pass/K05/rep02/dataset.5.Q	11115 bytes	2026-07-18 10:12:29.9266883930
ashkenazi_reference_test/results/admixture/runs/strict_pass/K05/rep03/admixture.log	6924 bytes	2026-07-18 10:12:46.8426882290
ashkenazi_reference_test/results/admixture/runs/strict_pass/K05/rep03/admixture_attempt01_admixture_j8.log	6924 bytes	2026-07-18 10:12:46.8426882290
ashkenazi_reference_test/results/admixture/runs/strict_pass/K05/rep03/complete.json	826 bytes	2026-07-18 10:12:46.9950946550
ashkenazi_reference_test/results/admixture/runs/strict_pass/K05/rep03/dataset.5.P	3173850 bytes	2026-07-18 10:12:46.9706882930
ashkenazi_reference_test/results/admixture/runs/strict_pass/K05/rep03/dataset.5.Q	11115 bytes	2026-07-18 10:12:46.8426882290
ashkenazi_reference_test/results/admixture/runs/strict_pass/K05/rep04/admixture.log	8201 bytes	2026-07-18 10:13:07.0186929560
ashkenazi_reference_test/results/admixture/runs/strict_pass/K05/rep04/admixture_attempt01_admixture_j8.log	8201 bytes	2026-07-18 10:13:07.0186929560
ashkenazi_reference_test/results/admixture/runs/strict_pass/K05/rep04/complete.json	827 bytes	2026-07-18 10:13:07.1736011960
ashkenazi_reference_test/results/admixture/runs/strict_pass/K05/rep04/dataset.5.P	3173850 bytes	2026-07-18 10:13:07.1506928960
ashkenazi_reference_test/results/admixture/runs/strict_pass/K05/rep04/dataset.5.Q	11115 bytes	2026-07-18 10:13:07.0226929540
ashkenazi_reference_test/results/admixture/runs/strict_pass/K05/rep05/admixture.log	10010 bytes	2026-07-18 10:13:30.7346847540
ashkenazi_reference_test/results/admixture/runs/strict_pass/K05/rep05/admixture_attempt01_admixture_j8.log	10010 bytes	2026-07-18 10:13:30.7346847540
ashkenazi_reference_test/results/admixture/runs/strict_pass/K05/rep05/complete.json	828 bytes	2026-07-18 10:13:30.8872582150
ashkenazi_reference_test/results/admixture/runs/strict_pass/K05/rep05/dataset.5.P	3173850 bytes	2026-07-18 10:13:30.8626847070
ashkenazi_reference_test/results/admixture/runs/strict_pass/K05/rep05/dataset.5.Q	11115 bytes	2026-07-18 10:13:30.7386847520
ashkenazi_reference_test/results/admixture/runs/strict_pass/K06/rep01/admixture.log	6883 bytes	2026-07-18 10:13:50.1066873900
ashkenazi_reference_test/results/admixture/runs/strict_pass/K06/rep01/admixture_attempt01_admixture_j8.log	6883 bytes	2026-07-18 10:13:50.1066873900
ashkenazi_reference_test/results/admixture/runs/strict_pass/K06/rep01/complete.json	827 bytes	2026-07-18 10:13:50.2744834170
ashkenazi_reference_test/results/admixture/runs/strict_pass/K06/rep01/dataset.6.P	3808620 bytes	2026-07-18 10:13:50.2466873560
ashkenazi_reference_test/results/admixture/runs/strict_pass/K06/rep01/dataset.6.Q	13338 bytes	2026-07-18 10:13:50.1066873900
ashkenazi_reference_test/results/admixture/runs/strict_pass/K06/rep02/admixture.log	7829 bytes	2026-07-18 10:14:11.7626930160
ashkenazi_reference_test/results/admixture/runs/strict_pass/K06/rep02/admixture_attempt01_admixture_j8.log	7829 bytes	2026-07-18 10:14:11.7626930160
ashkenazi_reference_test/results/admixture/runs/strict_pass/K06/rep02/complete.json	827 bytes	2026-07-18 10:14:11.9299417670
ashkenazi_reference_test/results/admixture/runs/strict_pass/K06/rep02/dataset.6.P	3808620 bytes	2026-07-18 10:14:11.9026929960
ashkenazi_reference_test/results/admixture/runs/strict_pass/K06/rep02/dataset.6.Q	13338 bytes	2026-07-18 10:14:11.7626930160
ashkenazi_reference_test/results/admixture/runs/strict_pass/K06/rep03/admixture.log	7951 bytes	2026-07-18 10:14:33.5746905460
ashkenazi_reference_test/results/admixture/runs/strict_pass/K06/rep03/admixture_attempt01_admixture_j8.log	7951 bytes	2026-07-18 10:14:33.5746905460
ashkenazi_reference_test/results/admixture/runs/strict_pass/K06/rep03/complete.json	826 bytes	2026-07-18 10:14:33.7421573550
ashkenazi_reference_test/results/admixture/runs/strict_pass/K06/rep03/dataset.6.P	3808620 bytes	2026-07-18 10:14:33.7146905330
ashkenazi_reference_test/results/admixture/runs/strict_pass/K06/rep03/dataset.6.Q	13338 bytes	2026-07-18 10:14:33.5786905450
ashkenazi_reference_test/results/admixture/runs/strict_pass/K06/rep04/admixture.log	7039 bytes	2026-07-18 10:14:53.7786926480
ashkenazi_reference_test/results/admixture/runs/strict_pass/K06/rep04/admixture_attempt01_admixture_j8.log	7039 bytes	2026-07-18 10:14:53.7786926480
ashkenazi_reference_test/results/admixture/runs/strict_pass/K06/rep04/complete.json	828 bytes	2026-07-18 10:14:53.9474064650
ashkenazi_reference_test/results/admixture/runs/strict_pass/K06/rep04/dataset.6.P	3808620 bytes	2026-07-18 10:14:53.9186926070
ashkenazi_reference_test/results/admixture/runs/strict_pass/K06/rep04/dataset.6.Q	13338 bytes	2026-07-18 10:14:53.7786926480
ashkenazi_reference_test/results/admixture/runs/strict_pass/K06/rep05/admixture.log	11325 bytes	2026-07-18 10:15:25.1347629340
ashkenazi_reference_test/results/admixture/runs/strict_pass/K06/rep05/admixture_attempt01_admixture_j8.log	11325 bytes	2026-07-18 10:15:25.1347629340
ashkenazi_reference_test/results/admixture/runs/strict_pass/K06/rep05/complete.json	827 bytes	2026-07-18 10:15:25.2995290110
ashkenazi_reference_test/results/admixture/runs/strict_pass/K06/rep05/dataset.6.P	3808620 bytes	2026-07-18 10:15:25.2747677440
ashkenazi_reference_test/results/admixture/runs/strict_pass/K06/rep05/dataset.6.Q	13338 bytes	2026-07-18 10:15:25.1347629340
ashkenazi_reference_test/results/admixture/runs/strict_pass/K07/rep01/admixture.log	6391 bytes	2026-07-18 10:15:46.6271026630
ashkenazi_reference_test/results/admixture/runs/strict_pass/K07/rep01/admixture_attempt01_admixture_j8.log	6391 bytes	2026-07-18 10:15:46.6271026630
ashkenazi_reference_test/results/admixture/runs/strict_pass/K07/rep01/complete.json	827 bytes	2026-07-18 10:15:46.8089879920
ashkenazi_reference_test/results/admixture/runs/strict_pass/K07/rep01/dataset.7.P	4443390 bytes	2026-07-18 10:15:46.7791074680
ashkenazi_reference_test/results/admixture/runs/strict_pass/K07/rep01/dataset.7.Q	15561 bytes	2026-07-18 10:15:46.6271026630
ashkenazi_reference_test/results/admixture/runs/strict_pass/K07/rep02/admixture.log	13221 bytes	2026-07-18 10:16:29.9746799820
ashkenazi_reference_test/results/admixture/runs/strict_pass/K07/rep02/admixture_attempt01_admixture_j8.log	13221 bytes	2026-07-18 10:16:29.9746799820
ashkenazi_reference_test/results/admixture/runs/strict_pass/K07/rep02/complete.json	826 bytes	2026-07-18 10:16:30.1542504000
ashkenazi_reference_test/results/admixture/runs/strict_pass/K07/rep02/dataset.7.P	4443390 bytes	2026-07-18 10:16:30.1226805000
ashkenazi_reference_test/results/admixture/runs/strict_pass/K07/rep02/dataset.7.Q	15561 bytes	2026-07-18 10:16:29.9746799820
ashkenazi_reference_test/results/admixture/runs/strict_pass/K07/rep03/admixture.log	13910 bytes	2026-07-18 10:17:16.5746762170
ashkenazi_reference_test/results/admixture/runs/strict_pass/K07/rep03/admixture_attempt01_admixture_j8.log	13910 bytes	2026-07-18 10:17:16.5746762170
ashkenazi_reference_test/results/admixture/runs/strict_pass/K07/rep03/complete.json	827 bytes	2026-07-18 10:17:16.7563772250
ashkenazi_reference_test/results/admixture/runs/strict_pass/K07/rep03/dataset.7.P	4443390 bytes	2026-07-18 10:17:16.7266764830
ashkenazi_reference_test/results/admixture/runs/strict_pass/K07/rep03/dataset.7.Q	15561 bytes	2026-07-18 10:17:16.5786762230
ashkenazi_reference_test/results/admixture/runs/strict_pass/K07/rep04/admixture.log	7623 bytes	2026-07-18 10:17:41.9786851800
ashkenazi_reference_test/results/admixture/runs/strict_pass/K07/rep04/admixture_attempt01_admixture_j8.log	7623 bytes	2026-07-18 10:17:41.9786851800
ashkenazi_reference_test/results/admixture/runs/strict_pass/K07/rep04/complete.json	828 bytes	2026-07-18 10:17:42.1621925670
ashkenazi_reference_test/results/admixture/runs/strict_pass/K07/rep04/dataset.7.P	4443390 bytes	2026-07-18 10:17:42.1306849250
ashkenazi_reference_test/results/admixture/runs/strict_pass/K07/rep04/dataset.7.Q	15561 bytes	2026-07-18 10:17:41.9826851720
ashkenazi_reference_test/results/admixture/runs/strict_pass/K07/rep05/admixture.log	13131 bytes	2026-07-18 10:18:25.3706796130
ashkenazi_reference_test/results/admixture/runs/strict_pass/K07/rep05/admixture_attempt01_admixture_j8.log	13131 bytes	2026-07-18 10:18:25.3706796130
ashkenazi_reference_test/results/admixture/runs/strict_pass/K07/rep05/complete.json	827 bytes	2026-07-18 10:18:25.5469667280
ashkenazi_reference_test/results/admixture/runs/strict_pass/K07/rep05/dataset.7.P	4443390 bytes	2026-07-18 10:18:25.5186793780
ashkenazi_reference_test/results/admixture/runs/strict_pass/K07/rep05/dataset.7.Q	15561 bytes	2026-07-18 10:18:25.3706796130
ashkenazi_reference_test/results/admixture/runs/strict_pass/K08/rep01/admixture.log	11889 bytes	2026-07-18 10:19:10.2546787420
ashkenazi_reference_test/results/admixture/runs/strict_pass/K08/rep01/admixture_attempt01_admixture_j8.log	11889 bytes	2026-07-18 10:19:10.2546787420
ashkenazi_reference_test/results/admixture/runs/strict_pass/K08/rep01/complete.json	827 bytes	2026-07-18 10:19:10.4466012230
ashkenazi_reference_test/results/admixture/runs/strict_pass/K08/rep01/dataset.8.P	5078160 bytes	2026-07-18 10:19:10.4146797260
ashkenazi_reference_test/results/admixture/runs/strict_pass/K08/rep01/dataset.8.Q	17784 bytes	2026-07-18 10:19:10.2546787420
ashkenazi_reference_test/results/admixture/runs/strict_pass/K08/rep02/admixture.log	10880 bytes	2026-07-18 10:19:51.3066910190
ashkenazi_reference_test/results/admixture/runs/strict_pass/K08/rep02/admixture_attempt01_admixture_j8.log	10880 bytes	2026-07-18 10:19:51.3066910190
ashkenazi_reference_test/results/admixture/runs/strict_pass/K08/rep02/complete.json	828 bytes	2026-07-18 10:19:51.5011636080
ashkenazi_reference_test/results/admixture/runs/strict_pass/K08/rep02/dataset.8.P	5078160 bytes	2026-07-18 10:19:51.4666908430
ashkenazi_reference_test/results/admixture/runs/strict_pass/K08/rep02/dataset.8.Q	17784 bytes	2026-07-18 10:19:51.3066910190
ashkenazi_reference_test/results/admixture/runs/strict_pass/K08/rep03/admixture.log	8867 bytes	2026-07-18 10:20:27.8986850470
ashkenazi_reference_test/results/admixture/runs/strict_pass/K08/rep03/admixture_attempt01_admixture_j8.log	8867 bytes	2026-07-18 10:20:27.8986850470
ashkenazi_reference_test/results/admixture/runs/strict_pass/K08/rep03/complete.json	827 bytes	2026-07-18 10:20:28.0926007690
ashkenazi_reference_test/results/admixture/runs/strict_pass/K08/rep03/dataset.8.P	5078160 bytes	2026-07-18 10:20:28.0586852790
ashkenazi_reference_test/results/admixture/runs/strict_pass/K08/rep03/dataset.8.Q	17784 bytes	2026-07-18 10:20:27.8986850470
ashkenazi_reference_test/results/admixture/runs/strict_pass/K08/rep04/admixture.log	17267 bytes	2026-07-18 10:21:33.5066911560
ashkenazi_reference_test/results/admixture/runs/strict_pass/K08/rep04/admixture_attempt01_admixture_j8.log	17267 bytes	2026-07-18 10:21:33.5066911560
ashkenazi_reference_test/results/admixture/runs/strict_pass/K08/rep04/complete.json	827 bytes	2026-07-18 10:21:33.7043663240
ashkenazi_reference_test/results/admixture/runs/strict_pass/K08/rep04/dataset.8.P	5078160 bytes	2026-07-18 10:21:33.6706917300
ashkenazi_reference_test/results/admixture/runs/strict_pass/K08/rep04/dataset.8.Q	17784 bytes	2026-07-18 10:21:33.5106911700
ashkenazi_reference_test/results/admixture/runs/strict_pass/K08/rep05/admixture.log	13513 bytes	2026-07-18 10:22:26.9866942190
ashkenazi_reference_test/results/admixture/runs/strict_pass/K08/rep05/admixture_attempt01_admixture_j8.log	13513 bytes	2026-07-18 10:22:26.9866942190
ashkenazi_reference_test/results/admixture/runs/strict_pass/K08/rep05/complete.json	828 bytes	2026-07-18 10:22:27.1845933580
ashkenazi_reference_test/results/admixture/runs/strict_pass/K08/rep05/dataset.8.P	5078160 bytes	2026-07-18 10:22:27.1506940680
ashkenazi_reference_test/results/admixture/runs/strict_pass/K08/rep05/dataset.8.Q	17784 bytes	2026-07-18 10:22:26.9866942190
ashkenazi_reference_test/results/admixture/runs/strict_pass/K09/rep01/admixture.log	24030 bytes	2026-07-18 10:24:12.1266959730
ashkenazi_reference_test/results/admixture/runs/strict_pass/K09/rep01/admixture_attempt01_admixture_j8.log	24030 bytes	2026-07-18 10:24:12.1266959730
ashkenazi_reference_test/results/admixture/runs/strict_pass/K09/rep01/complete.json	827 bytes	2026-07-18 10:24:12.3428543740
ashkenazi_reference_test/results/admixture/runs/strict_pass/K09/rep01/dataset.9.P	5712930 bytes	2026-07-18 10:24:12.3026965000
ashkenazi_reference_test/results/admixture/runs/strict_pass/K09/rep01/dataset.9.Q	20007 bytes	2026-07-18 10:24:12.1266959730
ashkenazi_reference_test/results/admixture/runs/strict_pass/K09/rep02/admixture.log	15719 bytes	2026-07-18 10:25:22.2746989500
ashkenazi_reference_test/results/admixture/runs/strict_pass/K09/rep02/admixture_attempt01_admixture_j8.log	15719 bytes	2026-07-18 10:25:22.2746989500
ashkenazi_reference_test/results/admixture/runs/strict_pass/K09/rep02/complete.json	827 bytes	2026-07-18 10:25:22.4817599620
ashkenazi_reference_test/results/admixture/runs/strict_pass/K09/rep02/dataset.9.P	5712930 bytes	2026-07-18 10:25:22.4466988900
ashkenazi_reference_test/results/admixture/runs/strict_pass/K09/rep02/dataset.9.Q	20007 bytes	2026-07-18 10:25:22.2746989500
ashkenazi_reference_test/results/admixture/runs/strict_pass/K09/rep03/admixture.log	13760 bytes	2026-07-18 10:26:24.2787039580
ashkenazi_reference_test/results/admixture/runs/strict_pass/K09/rep03/admixture_attempt01_admixture_j8.log	13760 bytes	2026-07-18 10:26:24.2787039580
ashkenazi_reference_test/results/admixture/runs/strict_pass/K09/rep03/complete.json	826 bytes	2026-07-18 10:26:24.4887734610
ashkenazi_reference_test/results/admixture/runs/strict_pass/K09/rep03/dataset.9.P	5712930 bytes	2026-07-18 10:26:24.4507038720
ashkenazi_reference_test/results/admixture/runs/strict_pass/K09/rep03/dataset.9.Q	20007 bytes	2026-07-18 10:26:24.2787039580
ashkenazi_reference_test/results/admixture/runs/strict_pass/K09/rep04/admixture.log	18297 bytes	2026-07-18 10:27:45.5307006210
ashkenazi_reference_test/results/admixture/runs/strict_pass/K09/rep04/admixture_attempt01_admixture_j8.log	18297 bytes	2026-07-18 10:27:45.5307006210
ashkenazi_reference_test/results/admixture/runs/strict_pass/K09/rep04/complete.json	827 bytes	2026-07-18 10:27:45.7439851650
ashkenazi_reference_test/results/admixture/runs/strict_pass/K09/rep04/dataset.9.P	5712930 bytes	2026-07-18 10:27:45.7067005740
ashkenazi_reference_test/results/admixture/runs/strict_pass/K09/rep04/dataset.9.Q	20007 bytes	2026-07-18 10:27:45.5307006210
ashkenazi_reference_test/results/admixture/runs/strict_pass/K09/rep05/admixture.log	17362 bytes	2026-07-18 10:29:02.6227046210
ashkenazi_reference_test/results/admixture/runs/strict_pass/K09/rep05/admixture_attempt01_admixture_j8.log	17362 bytes	2026-07-18 10:29:02.6227046210
ashkenazi_reference_test/results/admixture/runs/strict_pass/K09/rep05/complete.json	826 bytes	2026-07-18 10:29:02.8305991190
ashkenazi_reference_test/results/admixture/runs/strict_pass/K09/rep05/dataset.9.P	5712930 bytes	2026-07-18 10:29:02.7947045520
ashkenazi_reference_test/results/admixture/runs/strict_pass/K09/rep05/dataset.9.Q	20007 bytes	2026-07-18 10:29:02.6227046210
ashkenazi_reference_test/results/admixture/runs/strict_pass/K10/rep01/admixture.log	21957 bytes	2026-07-18 10:30:52.4387062690
ashkenazi_reference_test/results/admixture/runs/strict_pass/K10/rep01/admixture_attempt01_admixture_j8.log	21957 bytes	2026-07-18 10:30:52.4387062690
ashkenazi_reference_test/results/admixture/runs/strict_pass/K10/rep01/complete.json	830 bytes	2026-07-18 10:30:52.6636398080
ashkenazi_reference_test/results/admixture/runs/strict_pass/K10/rep01/dataset.10.P	6347700 bytes	2026-07-18 10:30:52.6227063030
ashkenazi_reference_test/results/admixture/runs/strict_pass/K10/rep01/dataset.10.Q	22230 bytes	2026-07-18 10:30:52.4427062700
ashkenazi_reference_test/results/admixture/runs/strict_pass/K10/rep02/admixture.log	17686 bytes	2026-07-18 10:32:22.3947104170
ashkenazi_reference_test/results/admixture/runs/strict_pass/K10/rep02/admixture_attempt01_admixture_j8.log	17686 bytes	2026-07-18 10:32:22.3947104170
ashkenazi_reference_test/results/admixture/runs/strict_pass/K10/rep02/complete.json	829 bytes	2026-07-18 10:32:22.6241789660
ashkenazi_reference_test/results/admixture/runs/strict_pass/K10/rep02/dataset.10.P	6347700 bytes	2026-07-18 10:32:22.5827106720
ashkenazi_reference_test/results/admixture/runs/strict_pass/K10/rep02/dataset.10.Q	22230 bytes	2026-07-18 10:32:22.3947104170
ashkenazi_reference_test/results/admixture/runs/strict_pass/K10/rep03/admixture.log	16685 bytes	2026-07-18 10:33:49.3947136480
ashkenazi_reference_test/results/admixture/runs/strict_pass/K10/rep03/admixture_attempt01_admixture_j8.log	16685 bytes	2026-07-18 10:33:49.3947136480
ashkenazi_reference_test/results/admixture/runs/strict_pass/K10/rep03/complete.json	829 bytes	2026-07-18 10:33:49.6154673210
ashkenazi_reference_test/results/admixture/runs/strict_pass/K10/rep03/dataset.10.P	6347700 bytes	2026-07-18 10:33:49.5787136850
ashkenazi_reference_test/results/admixture/runs/strict_pass/K10/rep03/dataset.10.Q	22230 bytes	2026-07-18 10:33:49.3947136480
ashkenazi_reference_test/results/admixture/runs/strict_pass/K10/rep04/admixture.log	11522 bytes	2026-07-18 10:34:47.8467148140
ashkenazi_reference_test/results/admixture/runs/strict_pass/K10/rep04/admixture_attempt01_admixture_j8.log	11522 bytes	2026-07-18 10:34:47.8467148140
ashkenazi_reference_test/results/admixture/runs/strict_pass/K10/rep04/complete.json	829 bytes	2026-07-18 10:34:48.0704896530
ashkenazi_reference_test/results/admixture/runs/strict_pass/K10/rep04/dataset.10.P	6347700 bytes	2026-07-18 10:34:48.0307147910
ashkenazi_reference_test/results/admixture/runs/strict_pass/K10/rep04/dataset.10.Q	22230 bytes	2026-07-18 10:34:47.8507148130
ashkenazi_reference_test/results/admixture/runs/strict_pass/K10/rep05/admixture.log	14674 bytes	2026-07-18 10:36:01.9827182890
ashkenazi_reference_test/results/admixture/runs/strict_pass/K10/rep05/admixture_attempt01_admixture_j8.log	14674 bytes	2026-07-18 10:36:01.9827182890
ashkenazi_reference_test/results/admixture/runs/strict_pass/K10/rep05/complete.json	829 bytes	2026-07-18 10:36:02.2071003730
ashkenazi_reference_test/results/admixture/runs/strict_pass/K10/rep05/dataset.10.P	6347700 bytes	2026-07-18 10:36:02.1667182450
ashkenazi_reference_test/results/admixture/runs/strict_pass/K10/rep05/dataset.10.Q	22230 bytes	2026-07-18 10:36:01.9827182890
ashkenazi_reference_test/results/admixture/runs/strict_pass/K11/rep01/admixture.log	19328 bytes	2026-07-18 10:37:53.7747178080
ashkenazi_reference_test/results/admixture/runs/strict_pass/K11/rep01/admixture_attempt01_admixture_j8.log	19328 bytes	2026-07-18 10:37:53.7747178080
ashkenazi_reference_test/results/admixture/runs/strict_pass/K11/rep01/complete.json	830 bytes	2026-07-18 10:37:54.0140720240
ashkenazi_reference_test/results/admixture/runs/strict_pass/K11/rep01/dataset.11.P	6982470 bytes	2026-07-18 10:37:53.9707177690
ashkenazi_reference_test/results/admixture/runs/strict_pass/K11/rep01/dataset.11.Q	24453 bytes	2026-07-18 10:37:53.7747178080
ashkenazi_reference_test/results/admixture/runs/strict_pass/K11/rep02/admixture.log	16296 bytes	2026-07-18 10:39:27.1627178240
ashkenazi_reference_test/results/admixture/runs/strict_pass/K11/rep02/admixture_attempt01_admixture_j8.log	16296 bytes	2026-07-18 10:39:27.1627178240
ashkenazi_reference_test/results/admixture/runs/strict_pass/K11/rep02/complete.json	829 bytes	2026-07-18 10:39:27.3978879400
ashkenazi_reference_test/results/admixture/runs/strict_pass/K11/rep02/dataset.11.P	6982470 bytes	2026-07-18 10:39:27.3547178140
ashkenazi_reference_test/results/admixture/runs/strict_pass/K11/rep02/dataset.11.Q	24453 bytes	2026-07-18 10:39:27.1627178240
ashkenazi_reference_test/results/admixture/runs/strict_pass/K11/rep03/admixture.log	19569 bytes	2026-07-18 10:41:20.4907252170
ashkenazi_reference_test/results/admixture/runs/strict_pass/K11/rep03/admixture_attempt01_admixture_j8.log	19569 bytes	2026-07-18 10:41:20.4907252170
ashkenazi_reference_test/results/admixture/runs/strict_pass/K11/rep03/complete.json	830 bytes	2026-07-18 10:41:20.7251714010
ashkenazi_reference_test/results/admixture/runs/strict_pass/K11/rep03/dataset.11.P	6982470 bytes	2026-07-18 10:41:20.6827252270
ashkenazi_reference_test/results/admixture/runs/strict_pass/K11/rep03/dataset.11.Q	24453 bytes	2026-07-18 10:41:20.4907252170
ashkenazi_reference_test/results/admixture/runs/strict_pass/K11/rep04/admixture.log	16803 bytes	2026-07-18 10:42:58.5187288640
ashkenazi_reference_test/results/admixture/runs/strict_pass/K11/rep04/admixture_attempt01_admixture_j8.log	16803 bytes	2026-07-18 10:42:58.5187288640
ashkenazi_reference_test/results/admixture/runs/strict_pass/K11/rep04/complete.json	829 bytes	2026-07-18 10:42:58.7612843500
ashkenazi_reference_test/results/admixture/runs/strict_pass/K11/rep04/dataset.11.P	6982470 bytes	2026-07-18 10:42:58.7187288600
ashkenazi_reference_test/results/admixture/runs/strict_pass/K11/rep04/dataset.11.Q	24453 bytes	2026-07-18 10:42:58.5187288640
ashkenazi_reference_test/results/admixture/runs/strict_pass/K11/rep05/admixture.log	18240 bytes	2026-07-18 10:44:44.2067269300
ashkenazi_reference_test/results/admixture/runs/strict_pass/K11/rep05/admixture_attempt01_admixture_j8.log	18240 bytes	2026-07-18 10:44:44.2067269300
ashkenazi_reference_test/results/admixture/runs/strict_pass/K11/rep05/complete.json	830 bytes	2026-07-18 10:44:44.4399990410
ashkenazi_reference_test/results/admixture/runs/strict_pass/K11/rep05/dataset.11.P	6982470 bytes	2026-07-18 10:44:44.3987269190
ashkenazi_reference_test/results/admixture/runs/strict_pass/K11/rep05/dataset.11.Q	24453 bytes	2026-07-18 10:44:44.2067269300
ashkenazi_reference_test/results/admixture/runs/strict_pass/K12/rep01/admixture.log	13645 bytes	2026-07-18 10:46:13.5307182130
ashkenazi_reference_test/results/admixture/runs/strict_pass/K12/rep01/admixture_attempt01_admixture_j8.log	13645 bytes	2026-07-18 10:46:13.5307182130
ashkenazi_reference_test/results/admixture/runs/strict_pass/K12/rep01/complete.json	829 bytes	2026-07-18 10:46:13.7854132040
ashkenazi_reference_test/results/admixture/runs/strict_pass/K12/rep01/dataset.12.P	7617240 bytes	2026-07-18 10:46:13.7387182090
ashkenazi_reference_test/results/admixture/runs/strict_pass/K12/rep01/dataset.12.Q	26676 bytes	2026-07-18 10:46:13.5307182130
ashkenazi_reference_test/results/admixture/runs/strict_pass/K12/rep02/admixture.log	13271 bytes	2026-07-18 10:47:40.9107332040
ashkenazi_reference_test/results/admixture/runs/strict_pass/K12/rep02/admixture_attempt01_admixture_j8.log	13271 bytes	2026-07-18 10:47:40.9107332040
ashkenazi_reference_test/results/admixture/runs/strict_pass/K12/rep02/complete.json	829 bytes	2026-07-18 10:47:41.1636892130
ashkenazi_reference_test/results/admixture/runs/strict_pass/K12/rep02/dataset.12.P	7617240 bytes	2026-07-18 10:47:41.1187332030
ashkenazi_reference_test/results/admixture/runs/strict_pass/K12/rep02/dataset.12.Q	26676 bytes	2026-07-18 10:47:40.9107332040
ashkenazi_reference_test/results/admixture/runs/strict_pass/K12/rep03/admixture.log	22570 bytes	2026-07-18 10:50:08.2382962680
ashkenazi_reference_test/results/admixture/runs/strict_pass/K12/rep03/admixture_attempt01_admixture_j8.log	22570 bytes	2026-07-18 10:50:08.2382962680
ashkenazi_reference_test/results/admixture/runs/strict_pass/K12/rep03/complete.json	830 bytes	2026-07-18 10:50:08.4960193330
ashkenazi_reference_test/results/admixture/runs/strict_pass/K12/rep03/dataset.12.P	7617240 bytes	2026-07-18 10:50:08.4502803780
ashkenazi_reference_test/results/admixture/runs/strict_pass/K12/rep03/dataset.12.Q	26676 bytes	2026-07-18 10:50:08.2382962680
ashkenazi_reference_test/results/admixture/runs/strict_pass/K12/rep04/admixture.log	23380 bytes	2026-07-18 10:52:41.2707662340
ashkenazi_reference_test/results/admixture/runs/strict_pass/K12/rep04/admixture_attempt01_admixture_j8.log	23380 bytes	2026-07-18 10:52:41.2707662340
ashkenazi_reference_test/results/admixture/runs/strict_pass/K12/rep04/complete.json	829 bytes	2026-07-18 10:52:41.5216551760
ashkenazi_reference_test/results/admixture/runs/strict_pass/K12/rep04/dataset.12.P	7617240 bytes	2026-07-18 10:52:41.4747668580
ashkenazi_reference_test/results/admixture/runs/strict_pass/K12/rep04/dataset.12.Q	26676 bytes	2026-07-18 10:52:41.2707662340
ashkenazi_reference_test/results/admixture/runs/strict_pass/K12/rep05/admixture.log	20522 bytes	2026-07-18 10:54:55.7467731490
ashkenazi_reference_test/results/admixture/runs/strict_pass/K12/rep05/admixture_attempt01_admixture_j8.log	20522 bytes	2026-07-18 10:54:55.7467731490
ashkenazi_reference_test/results/admixture/runs/strict_pass/K12/rep05/complete.json	830 bytes	2026-07-18 10:54:55.9970127360
ashkenazi_reference_test/results/admixture/runs/strict_pass/K12/rep05/dataset.12.P	7617240 bytes	2026-07-18 10:54:55.9507735730
ashkenazi_reference_test/results/admixture/runs/strict_pass/K12/rep05/dataset.12.Q	26676 bytes	2026-07-18 10:54:55.7467731490
ashkenazi_reference_test/results/admixture/runtime_selected.json	513 bytes	2026-07-18 10:54:55.9930652610
ashkenazi_reference_test/results/admixture/stage07_admixture_summary.txt	3272 bytes	2026-07-18 10:55:39.8718323200
ashkenazi_reference_test/results/admixture/stage07_complete.json	85382 bytes	2026-07-18 10:55:39.9118189900
ashkenazi_reference_test/results/admixture/tables/admixture_cv_summary.tsv	2593 bytes	2026-07-18 10:54:56.0098947760
ashkenazi_reference_test/results/admixture/tables/admixture_replicate_metrics.tsv	36051 bytes	2026-07-18 10:54:56.0088619530
ashkenazi_reference_test/results/admixture/tables/admixture_replicate_stability.tsv	2783 bytes	2026-07-18 10:55:39.5422610040
ashkenazi_reference_test/results/admixture/tables/ashkenazi_admixture_component_distances_all_k.tsv	33420 bytes	2026-07-18 10:55:39.5424863590
ashkenazi_reference_test/results/admixture/tables/primary_strict_admixture_alignment_summary.tsv	1476 bytes	2026-07-18 10:55:39.5431074620
ashkenazi_reference_test/results/admixture/tables/primary_strict_population_component_sensitivity_all_k.tsv	11189 bytes	2026-07-18 10:55:39.5434329890
ashkenazi_reference_test/results/formal_stats_readiness/STAGE09_READINESS_AND_REQUIRED_DESIGN.txt	1238 bytes	2026-07-18 10:55:40.5602502410
ashkenazi_reference_test/results/formal_stats_readiness/modern_population_inventory.tsv	1250 bytes	2026-07-18 10:55:40.5601639890
ashkenazi_reference_test/results/fst/METHODS_STAGE06_FST.txt	2123 bytes	2026-07-18 09:00:42.2649714430
ashkenazi_reference_test/results/fst/figures/all_pairs_primary_vs_strict_hudson_fst.pdf	15102 bytes	2026-07-18 09:01:03.2353888480
ashkenazi_reference_test/results/fst/figures/all_pairs_primary_vs_strict_hudson_fst.png	153143 bytes	2026-07-18 09:01:03.2074080860
ashkenazi_reference_test/results/fst/figures/ashkenazi_hudson_fst_primary_vs_strict.pdf	18920 bytes	2026-07-18 09:01:03.0754987770
ashkenazi_reference_test/results/fst/figures/ashkenazi_hudson_fst_primary_vs_strict.png	188887 bytes	2026-07-18 09:01:02.9555559750
ashkenazi_reference_test/results/fst/figures/ashkenazi_hudson_vs_weir_cockerham.pdf	16999 bytes	2026-07-18 09:01:04.8818594530
ashkenazi_reference_test/results/fst/figures/ashkenazi_hudson_vs_weir_cockerham.png	137384 bytes	2026-07-18 09:01:04.8419050170
ashkenazi_reference_test/results/fst/figures/primary_hudson_fst_heatmap.pdf	24616 bytes	2026-07-18 09:01:03.7590288320
ashkenazi_reference_test/results/fst/figures/primary_hudson_fst_heatmap.png	240160 bytes	2026-07-18 09:01:03.6630947890
ashkenazi_reference_test/results/fst/figures/strict_minus_primary_hudson_fst_heatmap.pdf	26695 bytes	2026-07-18 09:01:04.6940736090
ashkenazi_reference_test/results/fst/figures/strict_minus_primary_hudson_fst_heatmap.png	251770 bytes	2026-07-18 09:01:04.6021784110
ashkenazi_reference_test/results/fst/figures/strict_pass_hudson_fst_heatmap.pdf	24672 bytes	2026-07-18 09:01:04.2226112830
ashkenazi_reference_test/results/fst/figures/strict_pass_hudson_fst_heatmap.png	253262 bytes	2026-07-18 09:01:04.1267206410
ashkenazi_reference_test/results/fst/fst_analysis_summary.txt	6591 bytes	2026-07-18 09:01:04.8855651280
ashkenazi_reference_test/results/fst/logs/primary_frequency_console.txt	2840 bytes	2026-07-18 09:00:42.6753521070
ashkenazi_reference_test/results/fst/logs/strict_pass_frequency_console.txt	2874 bytes	2026-07-18 09:00:43.0676745870
ashkenazi_reference_test/results/fst/logs/wc_primary_Jew_Ashkenazi__Cypriot_console.txt	4626 bytes	2026-07-18 09:01:00.6028589510
ashkenazi_reference_test/results/fst/logs/wc_primary_Jew_Ashkenazi__Druze_console.txt	4631 bytes	2026-07-18 09:01:00.6228808480
ashkenazi_reference_test/results/fst/logs/wc_primary_Jew_Ashkenazi__Greek_console.txt	4606 bytes	2026-07-18 09:01:00.6108677110
ashkenazi_reference_test/results/fst/logs/wc_primary_Jew_Ashkenazi__Italian_Bergamo_console.txt	4723 bytes	2026-07-18 09:01:00.6068633310
ashkenazi_reference_test/results/fst/logs/wc_primary_Jew_Ashkenazi__Italian_Central_console.txt	4725 bytes	2026-07-18 09:01:00.8918787740
ashkenazi_reference_test/results/fst/logs/wc_primary_Jew_Ashkenazi__Italian_North_console.txt	4678 bytes	2026-07-18 09:01:00.9031874280
ashkenazi_reference_test/results/fst/logs/wc_primary_Jew_Ashkenazi__Italian_South_console.txt	4706 bytes	2026-07-18 09:01:00.8751567700
ashkenazi_reference_test/results/fst/logs/wc_primary_Jew_Ashkenazi__Italian_Tuscan_console.txt	4685 bytes	2026-07-18 09:01:00.9111961870
ashkenazi_reference_test/results/fst/logs/wc_primary_Jew_Ashkenazi__Jew_Iraqi_console.txt	4639 bytes	2026-07-18 09:01:01.1073413670
ashkenazi_reference_test/results/fst/logs/wc_primary_Jew_Ashkenazi__Jew_Turkish_console.txt	4661 bytes	2026-07-18 09:01:01.1473581710
ashkenazi_reference_test/results/fst/logs/wc_primary_Jew_Ashkenazi__Jew_Yemenite_console.txt	4667 bytes	2026-07-18 09:01:01.1673665720
ashkenazi_reference_test/results/fst/logs/wc_primary_Jew_Ashkenazi__Lebanese_Christian_console.txt	4723 bytes	2026-07-18 09:01:01.3086727210
ashkenazi_reference_test/results/fst/logs/wc_primary_Jew_Ashkenazi__Lebanese_Muslim_console.txt	4696 bytes	2026-07-18 09:01:01.4674926000
ashkenazi_reference_test/results/fst/logs/wc_primary_Jew_Ashkenazi__Lebanese_console.txt	4634 bytes	2026-07-18 09:01:01.1633648920
ashkenazi_reference_test/results/fst/logs/wc_primary_Jew_Ashkenazi__Maltese_console.txt	4624 bytes	2026-07-18 09:01:01.4194724350
ashkenazi_reference_test/results/fst/logs/wc_primary_Jew_Ashkenazi__Palestinian_console.txt	4684 bytes	2026-07-18 09:01:01.4714942790
ashkenazi_reference_test/results/fst/logs/wc_primary_Jew_Ashkenazi__Sicilian_console.txt	4633 bytes	2026-07-18 09:01:01.4955043620
ashkenazi_reference_test/results/fst/logs/wc_strict_pass_Jew_Ashkenazi__Cypriot_console.txt	4668 bytes	2026-07-18 09:01:01.6195564540
ashkenazi_reference_test/results/fst/logs/wc_strict_pass_Jew_Ashkenazi__Druze_console.txt	4671 bytes	2026-07-18 09:01:01.7476102250
ashkenazi_reference_test/results/fst/logs/wc_strict_pass_Jew_Ashkenazi__Greek_console.txt	4648 bytes	2026-07-18 09:01:01.7636169470
ashkenazi_reference_test/results/fst/logs/wc_strict_pass_Jew_Ashkenazi__Italian_Bergamo_console.txt	4765 bytes	2026-07-18 09:01:01.7556135870
ashkenazi_reference_test/results/fst/logs/wc_strict_pass_Jew_Ashkenazi__Italian_Central_console.txt	4767 bytes	2026-07-18 09:01:01.7836253480
ashkenazi_reference_test/results/fst/logs/wc_strict_pass_Jew_Ashkenazi__Italian_North_console.txt	4720 bytes	2026-07-18 09:01:01.9717043260
ashkenazi_reference_test/results/fst/logs/wc_strict_pass_Jew_Ashkenazi__Italian_South_console.txt	4748 bytes	2026-07-18 09:01:02.0357127300
ashkenazi_reference_test/results/fst/logs/wc_strict_pass_Jew_Ashkenazi__Italian_Tuscan_console.txt	4730 bytes	2026-07-18 09:01:02.0477106860
ashkenazi_reference_test/results/fst/logs/wc_strict_pass_Jew_Ashkenazi__Jew_Iraqi_console.txt	4683 bytes	2026-07-18 09:01:02.0437113680
ashkenazi_reference_test/results/fst/logs/wc_strict_pass_Jew_Ashkenazi__Jew_Turkish_console.txt	4703 bytes	2026-07-18 09:01:02.2076834240
ashkenazi_reference_test/results/fst/logs/wc_strict_pass_Jew_Ashkenazi__Jew_Yemenite_console.txt	4710 bytes	2026-07-18 09:01:02.3116657040
ashkenazi_reference_test/results/fst/logs/wc_strict_pass_Jew_Ashkenazi__Lebanese_Christian_console.txt	4765 bytes	2026-07-18 09:01:02.3116657040
ashkenazi_reference_test/results/fst/logs/wc_strict_pass_Jew_Ashkenazi__Lebanese_Muslim_console.txt	4738 bytes	2026-07-18 09:01:02.3676561620
ashkenazi_reference_test/results/fst/logs/wc_strict_pass_Jew_Ashkenazi__Lebanese_console.txt	4676 bytes	2026-07-18 09:01:02.3156650230
ashkenazi_reference_test/results/fst/logs/wc_strict_pass_Jew_Ashkenazi__Maltese_console.txt	4666 bytes	2026-07-18 09:01:02.5836193590
ashkenazi_reference_test/results/fst/logs/wc_strict_pass_Jew_Ashkenazi__Palestinian_console.txt	4701 bytes	2026-07-18 09:01:02.6356104990
ashkenazi_reference_test/results/fst/logs/wc_strict_pass_Jew_Ashkenazi__Sicilian_console.txt	4675 bytes	2026-07-18 09:01:02.6356104990
ashkenazi_reference_test/results/fst/stage06_complete.json	4061 bytes	2026-07-18 09:01:04.8986706670
ashkenazi_reference_test/results/fst/stage06_fst_results_for_manuscript.txt	1377 bytes	2026-07-18 09:01:04.8856695210
ashkenazi_reference_test/results/fst/stage06_master_console.log	12704 bytes	2026-07-18 09:01:04.9098275570
ashkenazi_reference_test/results/fst/stratified_frequencies/primary_shared_qc.frq.strat	205773721 bytes	2026-07-18 09:00:42.6713487480
ashkenazi_reference_test/results/fst/stratified_frequencies/primary_shared_qc.log	1680 bytes	2026-07-18 09:00:42.6753521070
ashkenazi_reference_test/results/fst/stratified_frequencies/primary_shared_qc.nosex	171 bytes	2026-07-18 09:00:42.3201177460
ashkenazi_reference_test/results/fst/stratified_frequencies/strict_pass_shared_qc.frq.strat	205773721 bytes	2026-07-18 09:00:43.0676745870
ashkenazi_reference_test/results/fst/stratified_frequencies/strict_pass_shared_qc.log	1698 bytes	2026-07-18 09:00:43.0676745870
ashkenazi_reference_test/results/fst/stratified_frequencies/strict_pass_shared_qc.nosex	102 bytes	2026-07-18 09:00:42.7325449360
ashkenazi_reference_test/results/fst/tables/ashkenazi_hudson_vs_weir_cockerham_validation.tsv	2947 bytes	2026-07-18 09:01:02.6717223670
ashkenazi_reference_test/results/fst/tables/primary_ashkenazi_hudson_fst.tsv	2456 bytes	2026-07-18 09:00:51.7796422770
ashkenazi_reference_test/results/fst/tables/primary_ashkenazi_plink_weir_cockerham_fst.tsv	3992 bytes	2026-07-18 09:01:02.6708430600
ashkenazi_reference_test/results/fst/tables/primary_hudson_pairwise_fst.tsv	26239 bytes	2026-07-18 09:00:51.7792717260
ashkenazi_reference_test/results/fst/tables/primary_population_counts.tsv	544 bytes	2026-07-18 09:00:42.0042443880
ashkenazi_reference_test/results/fst/tables/primary_strict_ashkenazi_hudson_comparison.tsv	2334 bytes	2026-07-18 09:01:00.3820265200
ashkenazi_reference_test/results/fst/tables/primary_strict_hudson_pairwise_comparison.tsv	23902 bytes	2026-07-18 09:01:00.3815636750
ashkenazi_reference_test/results/fst/tables/strict_pass_ashkenazi_hudson_fst.tsv	2529 bytes	2026-07-18 09:01:00.3807618320
ashkenazi_reference_test/results/fst/tables/strict_pass_ashkenazi_plink_weir_cockerham_fst.tsv	4206 bytes	2026-07-18 09:01:02.6709086900
ashkenazi_reference_test/results/fst/tables/strict_pass_hudson_pairwise_fst.tsv	26980 bytes	2026-07-18 09:01:00.3803438370
ashkenazi_reference_test/results/fst/tables/strict_pass_population_counts.tsv	614 bytes	2026-07-18 09:00:42.0057436970
ashkenazi_reference_test/results/fst/weir_cockerham_validation/primary/Jew_Ashkenazi__Cypriot.fst	6373298 bytes	2026-07-18 09:01:00.5988545710
ashkenazi_reference_test/results/fst/weir_cockerham_validation/primary/Jew_Ashkenazi__Cypriot.log	2144 bytes	2026-07-18 09:01:00.6028589510
ashkenazi_reference_test/results/fst/weir_cockerham_validation/primary/Jew_Ashkenazi__Cypriot.nosex	171 bytes	2026-07-18 09:01:00.4932890260
ashkenazi_reference_test/results/fst/weir_cockerham_validation/primary/Jew_Ashkenazi__Druze.fst	6525964 bytes	2026-07-18 09:01:00.6228808480
ashkenazi_reference_test/results/fst/weir_cockerham_validation/primary/Jew_Ashkenazi__Druze.log	2157 bytes	2026-07-18 09:01:00.6228808480
ashkenazi_reference_test/results/fst/weir_cockerham_validation/primary/Jew_Ashkenazi__Druze.nosex	171 bytes	2026-07-18 09:01:00.4898284540
ashkenazi_reference_test/results/fst/weir_cockerham_validation/primary/Jew_Ashkenazi__Greek.fst	6483165 bytes	2026-07-18 09:01:00.6108677110
ashkenazi_reference_test/results/fst/weir_cockerham_validation/primary/Jew_Ashkenazi__Greek.log	2132 bytes	2026-07-18 09:01:00.6108677110
ashkenazi_reference_test/results/fst/weir_cockerham_validation/primary/Jew_Ashkenazi__Greek.nosex	171 bytes	2026-07-18 09:01:00.4912899580
ashkenazi_reference_test/results/fst/weir_cockerham_validation/primary/Jew_Ashkenazi__Italian_Bergamo.fst	6437904 bytes	2026-07-18 09:01:00.6028589510
ashkenazi_reference_test/results/fst/weir_cockerham_validation/primary/Jew_Ashkenazi__Italian_Bergamo.log	2209 bytes	2026-07-18 09:01:00.6068633310
ashkenazi_reference_test/results/fst/weir_cockerham_validation/primary/Jew_Ashkenazi__Italian_Bergamo.nosex	171 bytes	2026-07-18 09:01:00.4948954860
ashkenazi_reference_test/results/fst/weir_cockerham_validation/primary/Jew_Ashkenazi__Italian_Central.fst	6483739 bytes	2026-07-18 09:01:00.8918787740
ashkenazi_reference_test/results/fst/weir_cockerham_validation/primary/Jew_Ashkenazi__Italian_Central.log	2211 bytes	2026-07-18 09:01:00.8918787740
ashkenazi_reference_test/results/fst/weir_cockerham_validation/primary/Jew_Ashkenazi__Italian_Central.nosex	171 bytes	2026-07-18 09:01:00.7758878390
ashkenazi_reference_test/results/fst/weir_cockerham_validation/primary/Jew_Ashkenazi__Italian_North.fst	6480822 bytes	2026-07-18 09:01:00.8991830480
ashkenazi_reference_test/results/fst/weir_cockerham_validation/primary/Jew_Ashkenazi__Italian_North.log	2172 bytes	2026-07-18 09:01:00.8991830480
ashkenazi_reference_test/results/fst/weir_cockerham_validation/primary/Jew_Ashkenazi__Italian_North.nosex	171 bytes	2026-07-18 09:01:00.7831497870
ashkenazi_reference_test/results/fst/weir_cockerham_validation/primary/Jew_Ashkenazi__Italian_South.fst	6502236 bytes	2026-07-18 09:01:00.8751567700
ashkenazi_reference_test/results/fst/weir_cockerham_validation/primary/Jew_Ashkenazi__Italian_South.log	2200 bytes	2026-07-18 09:01:00.8751567700
ashkenazi_reference_test/results/fst/weir_cockerham_validation/primary/Jew_Ashkenazi__Italian_South.nosex	171 bytes	2026-07-18 09:01:00.7668801160
ashkenazi_reference_test/results/fst/weir_cockerham_validation/primary/Jew_Ashkenazi__Italian_Tuscan.fst	6414497 bytes	2026-07-18 09:01:00.8991830480
ashkenazi_reference_test/results/fst/weir_cockerham_validation/primary/Jew_Ashkenazi__Italian_Tuscan.log	2175 bytes	2026-07-18 09:01:00.9031874280
ashkenazi_reference_test/results/fst/weir_cockerham_validation/primary/Jew_Ashkenazi__Italian_Tuscan.nosex	171 bytes	2026-07-18 09:01:00.8075073510
ashkenazi_reference_test/results/fst/weir_cockerham_validation/primary/Jew_Ashkenazi__Jew_Iraqi.fst	6381161 bytes	2026-07-18 09:01:01.1073413670
ashkenazi_reference_test/results/fst/weir_cockerham_validation/primary/Jew_Ashkenazi__Jew_Iraqi.log	2149 bytes	2026-07-18 09:01:01.1073413670
ashkenazi_reference_test/results/fst/weir_cockerham_validation/primary/Jew_Ashkenazi__Jew_Iraqi.nosex	171 bytes	2026-07-18 09:01:00.9718435690
ashkenazi_reference_test/results/fst/weir_cockerham_validation/primary/Jew_Ashkenazi__Jew_Turkish.fst	6427857 bytes	2026-07-18 09:01:01.1353531290
ashkenazi_reference_test/results/fst/weir_cockerham_validation/primary/Jew_Ashkenazi__Jew_Turkish.log	2163 bytes	2026-07-18 09:01:01.1353531290
ashkenazi_reference_test/results/fst/weir_cockerham_validation/primary/Jew_Ashkenazi__Jew_Turkish.nosex	171 bytes	2026-07-18 09:01:01.0277013010
ashkenazi_reference_test/results/fst/weir_cockerham_validation/primary/Jew_Ashkenazi__Jew_Yemenite.fst	6407963 bytes	2026-07-18 09:01:01.1593632120
ashkenazi_reference_test/results/fst/weir_cockerham_validation/primary/Jew_Ashkenazi__Jew_Yemenite.log	2165 bytes	2026-07-18 09:01:01.1593632120
ashkenazi_reference_test/results/fst/weir_cockerham_validation/primary/Jew_Ashkenazi__Jew_Yemenite.nosex	171 bytes	2026-07-18 09:01:01.0504412660
ashkenazi_reference_test/results/fst/weir_cockerham_validation/primary/Jew_Ashkenazi__Lebanese.fst	6435664 bytes	2026-07-18 09:01:01.1553615310
ashkenazi_reference_test/results/fst/weir_cockerham_validation/primary/Jew_Ashkenazi__Lebanese.log	2148 bytes	2026-07-18 09:01:01.1553615310
ashkenazi_reference_test/results/fst/weir_cockerham_validation/primary/Jew_Ashkenazi__Lebanese.nosex	171 bytes	2026-07-18 09:01:01.0493219440
ashkenazi_reference_test/results/fst/weir_cockerham_validation/primary/Jew_Ashkenazi__Lebanese_Christian.fst	6436913 bytes	2026-07-18 09:01:01.2994220250
ashkenazi_reference_test/results/fst/weir_cockerham_validation/primary/Jew_Ashkenazi__Lebanese_Christian.log	2197 bytes	2026-07-18 09:01:01.3034237040
ashkenazi_reference_test/results/fst/weir_cockerham_validation/primary/Jew_Ashkenazi__Lebanese_Christian.nosex	171 bytes	2026-07-18 09:01:01.1927724050
ashkenazi_reference_test/results/fst/weir_cockerham_validation/primary/Jew_Ashkenazi__Lebanese_Muslim.fst	6461741 bytes	2026-07-18 09:01:01.4634909190
ashkenazi_reference_test/results/fst/weir_cockerham_validation/primary/Jew_Ashkenazi__Lebanese_Muslim.log	2182 bytes	2026-07-18 09:01:01.4634909190
ashkenazi_reference_test/results/fst/weir_cockerham_validation/primary/Jew_Ashkenazi__Lebanese_Muslim.nosex	171 bytes	2026-07-18 09:01:01.3174739980
ashkenazi_reference_test/results/fst/weir_cockerham_validation/primary/Jew_Ashkenazi__Maltese.fst	6426202 bytes	2026-07-18 09:01:01.4154707540
ashkenazi_reference_test/results/fst/weir_cockerham_validation/primary/Jew_Ashkenazi__Maltese.log	2142 bytes	2026-07-18 09:01:01.4194724350
ashkenazi_reference_test/results/fst/weir_cockerham_validation/primary/Jew_Ashkenazi__Maltese.nosex	171 bytes	2026-07-18 09:01:01.3086727210
ashkenazi_reference_test/results/fst/weir_cockerham_validation/primary/Jew_Ashkenazi__Palestinian.fst	6551920 bytes	2026-07-18 09:01:01.4554875580
ashkenazi_reference_test/results/fst/weir_cockerham_validation/primary/Jew_Ashkenazi__Palestinian.log	2186 bytes	2026-07-18 09:01:01.4554875580
ashkenazi_reference_test/results/fst/weir_cockerham_validation/primary/Jew_Ashkenazi__Palestinian.nosex	171 bytes	2026-07-18 09:01:01.3199945860
ashkenazi_reference_test/results/fst/weir_cockerham_validation/primary/Jew_Ashkenazi__Sicilian.fst	6453071 bytes	2026-07-18 09:01:01.4915026810
ashkenazi_reference_test/results/fst/weir_cockerham_validation/primary/Jew_Ashkenazi__Sicilian.log	2147 bytes	2026-07-18 09:01:01.4915026810
ashkenazi_reference_test/results/fst/weir_cockerham_validation/primary/Jew_Ashkenazi__Sicilian.nosex	171 bytes	2026-07-18 09:01:01.3900158940
ashkenazi_reference_test/results/fst/weir_cockerham_validation/strict_pass/Jew_Ashkenazi__Cypriot.fst	6373298 bytes	2026-07-18 09:01:01.6115530930
ashkenazi_reference_test/results/fst/weir_cockerham_validation/strict_pass/Jew_Ashkenazi__Cypriot.log	2166 bytes	2026-07-18 09:01:01.6115530930
ashkenazi_reference_test/results/fst/weir_cockerham_validation/strict_pass/Jew_Ashkenazi__Cypriot.nosex	102 bytes	2026-07-18 09:01:01.5065187740
ashkenazi_reference_test/results/fst/weir_cockerham_validation/strict_pass/Jew_Ashkenazi__Druze.fst	6534915 bytes	2026-07-18 09:01:01.7476102250
ashkenazi_reference_test/results/fst/weir_cockerham_validation/strict_pass/Jew_Ashkenazi__Druze.log	2177 bytes	2026-07-18 09:01:01.7476102250
ashkenazi_reference_test/results/fst/weir_cockerham_validation/strict_pass/Jew_Ashkenazi__Druze.nosex	102 bytes	2026-07-18 09:01:01.6235136610
ashkenazi_reference_test/results/fst/weir_cockerham_validation/strict_pass/Jew_Ashkenazi__Greek.fst	6483330 bytes	2026-07-18 09:01:01.7596152660
ashkenazi_reference_test/results/fst/weir_cockerham_validation/strict_pass/Jew_Ashkenazi__Greek.log	2154 bytes	2026-07-18 09:01:01.7636169470
ashkenazi_reference_test/results/fst/weir_cockerham_validation/strict_pass/Jew_Ashkenazi__Greek.nosex	102 bytes	2026-07-18 09:01:01.6418868440
ashkenazi_reference_test/results/fst/weir_cockerham_validation/strict_pass/Jew_Ashkenazi__Italian_Bergamo.fst	6438258 bytes	2026-07-18 09:01:01.7556135870
ashkenazi_reference_test/results/fst/weir_cockerham_validation/strict_pass/Jew_Ashkenazi__Italian_Bergamo.log	2231 bytes	2026-07-18 09:01:01.7556135870
ashkenazi_reference_test/results/fst/weir_cockerham_validation/strict_pass/Jew_Ashkenazi__Italian_Bergamo.nosex	102 bytes	2026-07-18 09:01:01.6412700430
ashkenazi_reference_test/results/fst/weir_cockerham_validation/strict_pass/Jew_Ashkenazi__Italian_Central.fst	6483739 bytes	2026-07-18 09:01:01.7836253480
ashkenazi_reference_test/results/fst/weir_cockerham_validation/strict_pass/Jew_Ashkenazi__Italian_Central.log	2233 bytes	2026-07-18 09:01:01.7836253480
ashkenazi_reference_test/results/fst/weir_cockerham_validation/strict_pass/Jew_Ashkenazi__Italian_Central.nosex	102 bytes	2026-07-18 09:01:01.6804585230
ashkenazi_reference_test/results/fst/weir_cockerham_validation/strict_pass/Jew_Ashkenazi__Italian_North.fst	6480822 bytes	2026-07-18 09:01:01.9717043260
ashkenazi_reference_test/results/fst/weir_cockerham_validation/strict_pass/Jew_Ashkenazi__Italian_North.log	2194 bytes	2026-07-18 09:01:01.9717043260
ashkenazi_reference_test/results/fst/weir_cockerham_validation/strict_pass/Jew_Ashkenazi__Italian_North.nosex	102 bytes	2026-07-18 09:01:01.8648689420
ashkenazi_reference_test/results/fst/weir_cockerham_validation/strict_pass/Jew_Ashkenazi__Italian_South.fst	6502236 bytes	2026-07-18 09:01:02.0277140940
ashkenazi_reference_test/results/fst/weir_cockerham_validation/strict_pass/Jew_Ashkenazi__Italian_South.log	2222 bytes	2026-07-18 09:01:02.0317134120
ashkenazi_reference_test/results/fst/weir_cockerham_validation/strict_pass/Jew_Ashkenazi__Italian_South.nosex	102 bytes	2026-07-18 09:01:01.9193047510
ashkenazi_reference_test/results/fst/weir_cockerham_validation/strict_pass/Jew_Ashkenazi__Italian_Tuscan.fst	6373992 bytes	2026-07-18 09:01:02.0357127300
ashkenazi_reference_test/results/fst/weir_cockerham_validation/strict_pass/Jew_Ashkenazi__Italian_Tuscan.log	2200 bytes	2026-07-18 09:01:02.0397120480
ashkenazi_reference_test/results/fst/weir_cockerham_validation/strict_pass/Jew_Ashkenazi__Italian_Tuscan.nosex	102 bytes	2026-07-18 09:01:01.9345712690
ashkenazi_reference_test/results/fst/weir_cockerham_validation/strict_pass/Jew_Ashkenazi__Jew_Iraqi.fst	6374376 bytes	2026-07-18 09:01:02.0357127300
ashkenazi_reference_test/results/fst/weir_cockerham_validation/strict_pass/Jew_Ashkenazi__Jew_Iraqi.log	2173 bytes	2026-07-18 09:01:02.0357127300
ashkenazi_reference_test/results/fst/weir_cockerham_validation/strict_pass/Jew_Ashkenazi__Jew_Iraqi.nosex	102 bytes	2026-07-18 09:01:01.9301664840
ashkenazi_reference_test/results/fst/weir_cockerham_validation/strict_pass/Jew_Ashkenazi__Jew_Turkish.fst	6427857 bytes	2026-07-18 09:01:02.2076834240
ashkenazi_reference_test/results/fst/weir_cockerham_validation/strict_pass/Jew_Ashkenazi__Jew_Turkish.log	2185 bytes	2026-07-18 09:01:02.2076834240
ashkenazi_reference_test/results/fst/weir_cockerham_validation/strict_pass/Jew_Ashkenazi__Jew_Turkish.nosex	102 bytes	2026-07-18 09:01:02.0605503580
ashkenazi_reference_test/results/fst/weir_cockerham_validation/strict_pass/Jew_Ashkenazi__Jew_Yemenite.fst	6418603 bytes	2026-07-18 09:01:02.3076663850
ashkenazi_reference_test/results/fst/weir_cockerham_validation/strict_pass/Jew_Ashkenazi__Jew_Yemenite.log	2188 bytes	2026-07-18 09:01:02.3116657040
ashkenazi_reference_test/results/fst/weir_cockerham_validation/strict_pass/Jew_Ashkenazi__Jew_Yemenite.nosex	102 bytes	2026-07-18 09:01:02.1996163990
ashkenazi_reference_test/results/fst/weir_cockerham_validation/strict_pass/Jew_Ashkenazi__Lebanese.fst	6435664 bytes	2026-07-18 09:01:02.3116657040
ashkenazi_reference_test/results/fst/weir_cockerham_validation/strict_pass/Jew_Ashkenazi__Lebanese.log	2170 bytes	2026-07-18 09:01:02.3156650230
ashkenazi_reference_test/results/fst/weir_cockerham_validation/strict_pass/Jew_Ashkenazi__Lebanese.nosex	102 bytes	2026-07-18 09:01:02.1996305770
ashkenazi_reference_test/results/fst/weir_cockerham_validation/strict_pass/Jew_Ashkenazi__Lebanese_Christian.fst	6436913 bytes	2026-07-18 09:01:02.3076663850
ashkenazi_reference_test/results/fst/weir_cockerham_validation/strict_pass/Jew_Ashkenazi__Lebanese_Christian.log	2219 bytes	2026-07-18 09:01:02.3116657040
ashkenazi_reference_test/results/fst/weir_cockerham_validation/strict_pass/Jew_Ashkenazi__Lebanese_Christian.nosex	102 bytes	2026-07-18 09:01:02.1952362110
ashkenazi_reference_test/results/fst/weir_cockerham_validation/strict_pass/Jew_Ashkenazi__Lebanese_Muslim.fst	6461741 bytes	2026-07-18 09:01:02.3636568440
ashkenazi_reference_test/results/fst/weir_cockerham_validation/strict_pass/Jew_Ashkenazi__Lebanese_Muslim.log	2204 bytes	2026-07-18 09:01:02.3676561620
ashkenazi_reference_test/results/fst/weir_cockerham_validation/strict_pass/Jew_Ashkenazi__Lebanese_Muslim.nosex	102 bytes	2026-07-18 09:01:02.2652263180
ashkenazi_reference_test/results/fst/weir_cockerham_validation/strict_pass/Jew_Ashkenazi__Maltese.fst	6426202 bytes	2026-07-18 09:01:02.5836193590
ashkenazi_reference_test/results/fst/weir_cockerham_validation/strict_pass/Jew_Ashkenazi__Maltese.log	2164 bytes	2026-07-18 09:01:02.5836193590
ashkenazi_reference_test/results/fst/weir_cockerham_validation/strict_pass/Jew_Ashkenazi__Maltese.nosex	102 bytes	2026-07-18 09:01:02.4933695660
ashkenazi_reference_test/results/fst/weir_cockerham_validation/strict_pass/Jew_Ashkenazi__Palestinian.fst	6540788 bytes	2026-07-18 09:01:02.6316111810
ashkenazi_reference_test/results/fst/weir_cockerham_validation/strict_pass/Jew_Ashkenazi__Palestinian.log	2183 bytes	2026-07-18 09:01:02.6316111810
ashkenazi_reference_test/results/fst/weir_cockerham_validation/strict_pass/Jew_Ashkenazi__Palestinian.nosex	102 bytes	2026-07-18 09:01:02.4998071150
ashkenazi_reference_test/results/fst/weir_cockerham_validation/strict_pass/Jew_Ashkenazi__Sicilian.fst	6453071 bytes	2026-07-18 09:01:02.6356104990
ashkenazi_reference_test/results/fst/weir_cockerham_validation/strict_pass/Jew_Ashkenazi__Sicilian.log	2169 bytes	2026-07-18 09:01:02.6356104990
ashkenazi_reference_test/results/fst/weir_cockerham_validation/strict_pass/Jew_Ashkenazi__Sicilian.nosex	102 bytes	2026-07-18 09:01:02.5072528010
ashkenazi_reference_test/results/fst/work/primary.within.tsv	8194 bytes	2026-07-18 09:00:42.0034585390
ashkenazi_reference_test/results/fst/work/strict_pass.within.tsv	5464 bytes	2026-07-18 09:00:42.0055795560
ashkenazi_reference_test/results/fst/work/wc_pairs/primary/Jew_Ashkenazi__Cypriot.keep.tsv	235 bytes	2026-07-18 09:01:00.3962726290
ashkenazi_reference_test/results/fst/work/wc_pairs/primary/Jew_Ashkenazi__Cypriot.within.tsv	295 bytes	2026-07-18 09:01:00.3962726290
ashkenazi_reference_test/results/fst/work/wc_pairs/primary/Jew_Ashkenazi__Druze.keep.tsv	1492 bytes	2026-07-18 09:01:00.3956933440
ashkenazi_reference_test/results/fst/work/wc_pairs/primary/Jew_Ashkenazi__Druze.within.tsv	1942 bytes	2026-07-18 09:01:00.3956933440
ashkenazi_reference_test/results/fst/work/wc_pairs/primary/Jew_Ashkenazi__Greek.keep.tsv	537 bytes	2026-07-18 09:01:00.3956933440
ashkenazi_reference_test/results/fst/work/wc_pairs/primary/Jew_Ashkenazi__Greek.within.tsv	667 bytes	2026-07-18 09:01:00.3956933440
ashkenazi_reference_test/results/fst/work/wc_pairs/primary/Jew_Ashkenazi__Italian_Bergamo.keep.tsv	614 bytes	2026-07-18 09:01:00.3962726290
ashkenazi_reference_test/results/fst/work/wc_pairs/primary/Jew_Ashkenazi__Italian_Bergamo.within.tsv	779 bytes	2026-07-18 09:01:00.3962726290
ashkenazi_reference_test/results/fst/work/wc_pairs/primary/Jew_Ashkenazi__Italian_Central.keep.tsv	406 bytes	2026-07-18 09:01:00.6531984560
ashkenazi_reference_test/results/fst/work/wc_pairs/primary/Jew_Ashkenazi__Italian_Central.within.tsv	521 bytes	2026-07-18 09:01:00.6531984560
ashkenazi_reference_test/results/fst/work/wc_pairs/primary/Jew_Ashkenazi__Italian_North.keep.tsv	427 bytes	2026-07-18 09:01:00.6531984560
ashkenazi_reference_test/results/fst/work/wc_pairs/primary/Jew_Ashkenazi__Italian_North.within.tsv	557 bytes	2026-07-18 09:01:00.6531984560
ashkenazi_reference_test/results/fst/work/wc_pairs/primary/Jew_Ashkenazi__Italian_South.keep.tsv	471 bytes	2026-07-18 09:01:00.6845395010
ashkenazi_reference_test/results/fst/work/wc_pairs/primary/Jew_Ashkenazi__Italian_South.within.tsv	616 bytes	2026-07-18 09:01:00.6845395010
ashkenazi_reference_test/results/fst/work/wc_pairs/primary/Jew_Ashkenazi__Italian_Tuscan.keep.tsv	442 bytes	2026-07-18 09:01:00.7250491660
ashkenazi_reference_test/results/fst/work/wc_pairs/primary/Jew_Ashkenazi__Italian_Tuscan.within.tsv	557 bytes	2026-07-18 09:01:00.7250491660
ashkenazi_reference_test/results/fst/work/wc_pairs/primary/Jew_Ashkenazi__Jew_Iraqi.keep.tsv	330 bytes	2026-07-18 09:01:00.8917719050
ashkenazi_reference_test/results/fst/work/wc_pairs/primary/Jew_Ashkenazi__Jew_Iraqi.within.tsv	405 bytes	2026-07-18 09:01:00.8917719050
ashkenazi_reference_test/results/fst/work/wc_pairs/primary/Jew_Ashkenazi__Jew_Turkish.keep.tsv	400 bytes	2026-07-18 09:01:00.9232983490
ashkenazi_reference_test/results/fst/work/wc_pairs/primary/Jew_Ashkenazi__Jew_Turkish.within.tsv	475 bytes	2026-07-18 09:01:00.9232983490
ashkenazi_reference_test/results/fst/work/wc_pairs/primary/Jew_Ashkenazi__Jew_Yemenite.keep.tsv	400 bytes	2026-07-18 09:01:00.9601068740
ashkenazi_reference_test/results/fst/work/wc_pairs/primary/Jew_Ashkenazi__Jew_Yemenite.within.tsv	485 bytes	2026-07-18 09:01:00.9601068740
ashkenazi_reference_test/results/fst/work/wc_pairs/primary/Jew_Ashkenazi__Lebanese.keep.tsv	296 bytes	2026-07-18 09:01:00.9681609300
ashkenazi_reference_test/results/fst/work/wc_pairs/primary/Jew_Ashkenazi__Lebanese.within.tsv	371 bytes	2026-07-18 09:01:00.9681609300
ashkenazi_reference_test/results/fst/work/wc_pairs/primary/Jew_Ashkenazi__Lebanese_Christian.keep.tsv	365 bytes	2026-07-18 09:01:01.1223906000
ashkenazi_reference_test/results/fst/work/wc_pairs/primary/Jew_Ashkenazi__Lebanese_Christian.within.tsv	445 bytes	2026-07-18 09:01:01.1223906000
ashkenazi_reference_test/results/fst/work/wc_pairs/primary/Jew_Ashkenazi__Lebanese_Muslim.keep.tsv	408 bytes	2026-07-18 09:01:01.2273917770
ashkenazi_reference_test/results/fst/work/wc_pairs/primary/Jew_Ashkenazi__Lebanese_Muslim.within.tsv	498 bytes	2026-07-18 09:01:01.2233900980
ashkenazi_reference_test/results/fst/work/wc_pairs/primary/Jew_Ashkenazi__Maltese.keep.tsv	316 bytes	2026-07-18 09:01:01.2298956270
ashkenazi_reference_test/results/fst/work/wc_pairs/primary/Jew_Ashkenazi__Maltese.within.tsv	391 bytes	2026-07-18 09:01:01.2298956270
ashkenazi_reference_test/results/fst/work/wc_pairs/primary/Jew_Ashkenazi__Palestinian.keep.tsv	1597 bytes	2026-07-18 09:01:01.2298956270
ashkenazi_reference_test/results/fst/work/wc_pairs/primary/Jew_Ashkenazi__Palestinian.within.tsv	2047 bytes	2026-07-18 09:01:01.2298956270
ashkenazi_reference_test/results/fst/work/wc_pairs/primary/Jew_Ashkenazi__Sicilian.keep.tsv	301 bytes	2026-07-18 09:01:01.3207634440
ashkenazi_reference_test/results/fst/work/wc_pairs/primary/Jew_Ashkenazi__Sicilian.within.tsv	391 bytes	2026-07-18 09:01:01.3207634440
ashkenazi_reference_test/results/fst/work/wc_pairs/strict_pass/Jew_Ashkenazi__Cypriot.keep.tsv	235 bytes	2026-07-18 09:01:01.4336865520
ashkenazi_reference_test/results/fst/work/wc_pairs/strict_pass/Jew_Ashkenazi__Cypriot.within.tsv	295 bytes	2026-07-18 09:01:01.4336865520
ashkenazi_reference_test/results/fst/work/wc_pairs/strict_pass/Jew_Ashkenazi__Druze.keep.tsv	788 bytes	2026-07-18 09:01:01.5275178060
ashkenazi_reference_test/results/fst/work/wc_pairs/strict_pass/Jew_Ashkenazi__Druze.within.tsv	1018 bytes	2026-07-18 09:01:01.5275178060
ashkenazi_reference_test/results/fst/work/wc_pairs/strict_pass/Jew_Ashkenazi__Greek.keep.tsv	513 bytes	2026-07-18 09:01:01.5395228460
ashkenazi_reference_test/results/fst/work/wc_pairs/strict_pass/Jew_Ashkenazi__Greek.within.tsv	638 bytes	2026-07-18 09:01:01.5395228460
ashkenazi_reference_test/results/fst/work/wc_pairs/strict_pass/Jew_Ashkenazi__Italian_Bergamo.keep.tsv	360 bytes	2026-07-18 09:01:01.5525671980
ashkenazi_reference_test/results/fst/work/wc_pairs/strict_pass/Jew_Ashkenazi__Italian_Bergamo.within.tsv	455 bytes	2026-07-18 09:01:01.5525671980
ashkenazi_reference_test/results/fst/work/wc_pairs/strict_pass/Jew_Ashkenazi__Italian_Central.keep.tsv	390 bytes	2026-07-18 09:01:01.6406409970
ashkenazi_reference_test/results/fst/work/wc_pairs/strict_pass/Jew_Ashkenazi__Italian_Central.within.tsv	505 bytes	2026-07-18 09:01:01.6406409970
ashkenazi_reference_test/results/fst/work/wc_pairs/strict_pass/Jew_Ashkenazi__Italian_North.keep.tsv	418 bytes	2026-07-18 09:01:01.7673390470
ashkenazi_reference_test/results/fst/work/wc_pairs/strict_pass/Jew_Ashkenazi__Italian_North.within.tsv	548 bytes	2026-07-18 09:01:01.7673390470
ashkenazi_reference_test/results/fst/work/wc_pairs/strict_pass/Jew_Ashkenazi__Italian_South.keep.tsv	471 bytes	2026-07-18 09:01:01.8196404720
ashkenazi_reference_test/results/fst/work/wc_pairs/strict_pass/Jew_Ashkenazi__Italian_South.within.tsv	616 bytes	2026-07-18 09:01:01.8196404720
ashkenazi_reference_test/results/fst/work/wc_pairs/strict_pass/Jew_Ashkenazi__Italian_Tuscan.keep.tsv	270 bytes	2026-07-18 09:01:01.8156387910
ashkenazi_reference_test/results/fst/work/wc_pairs/strict_pass/Jew_Ashkenazi__Italian_Tuscan.within.tsv	335 bytes	2026-07-18 09:01:01.8156387910
ashkenazi_reference_test/results/fst/work/wc_pairs/strict_pass/Jew_Ashkenazi__Jew_Iraqi.keep.tsv	288 bytes	2026-07-18 09:01:01.8452425680
ashkenazi_reference_test/results/fst/work/wc_pairs/strict_pass/Jew_Ashkenazi__Jew_Iraqi.within.tsv	353 bytes	2026-07-18 09:01:01.8452425680
ashkenazi_reference_test/results/fst/work/wc_pairs/strict_pass/Jew_Ashkenazi__Jew_Turkish.keep.tsv	400 bytes	2026-07-18 09:01:01.9874702720
ashkenazi_reference_test/results/fst/work/wc_pairs/strict_pass/Jew_Ashkenazi__Jew_Turkish.within.tsv	475 bytes	2026-07-18 09:01:01.9874702720
ashkenazi_reference_test/results/fst/work/wc_pairs/strict_pass/Jew_Ashkenazi__Jew_Yemenite.keep.tsv	352 bytes	2026-07-18 09:01:02.1122569940
ashkenazi_reference_test/results/fst/work/wc_pairs/strict_pass/Jew_Ashkenazi__Jew_Yemenite.within.tsv	427 bytes	2026-07-18 09:01:02.1122569940
ashkenazi_reference_test/results/fst/work/wc_pairs/strict_pass/Jew_Ashkenazi__Lebanese.keep.tsv	296 bytes	2026-07-18 09:01:02.1125844850
ashkenazi_reference_test/results/fst/work/wc_pairs/strict_pass/Jew_Ashkenazi__Lebanese.within.tsv	371 bytes	2026-07-18 09:01:02.1125844850
ashkenazi_reference_test/results/fst/work/wc_pairs/strict_pass/Jew_Ashkenazi__Lebanese_Christian.keep.tsv	365 bytes	2026-07-18 09:01:02.1125844850
ashkenazi_reference_test/results/fst/work/wc_pairs/strict_pass/Jew_Ashkenazi__Lebanese_Christian.within.tsv	445 bytes	2026-07-18 09:01:02.1125844850
ashkenazi_reference_test/results/fst/work/wc_pairs/strict_pass/Jew_Ashkenazi__Lebanese_Muslim.keep.tsv	408 bytes	2026-07-18 09:01:02.2231952780
ashkenazi_reference_test/results/fst/work/wc_pairs/strict_pass/Jew_Ashkenazi__Lebanese_Muslim.within.tsv	498 bytes	2026-07-18 09:01:02.2231952780
ashkenazi_reference_test/results/fst/work/wc_pairs/strict_pass/Jew_Ashkenazi__Maltese.keep.tsv	316 bytes	2026-07-18 09:01:02.4036500280
ashkenazi_reference_test/results/fst/work/wc_pairs/strict_pass/Jew_Ashkenazi__Maltese.within.tsv	391 bytes	2026-07-18 09:01:02.3894146650
ashkenazi_reference_test/results/fst/work/wc_pairs/strict_pass/Jew_Ashkenazi__Palestinian.keep.tsv	746 bytes	2026-07-18 09:01:02.4036500280
ashkenazi_reference_test/results/fst/work/wc_pairs/strict_pass/Jew_Ashkenazi__Palestinian.within.tsv	951 bytes	2026-07-18 09:01:02.3956513920
ashkenazi_reference_test/results/fst/work/wc_pairs/strict_pass/Jew_Ashkenazi__Sicilian.keep.tsv	301 bytes	2026-07-18 09:01:02.3956513920
ashkenazi_reference_test/results/fst/work/wc_pairs/strict_pass/Jew_Ashkenazi__Sicilian.within.tsv	391 bytes	2026-07-18 09:01:02.3894146650
ashkenazi_reference_test/results/handoff/ashkenazi_stages05_08_results_handoff_20260718_105540.zip	14651899 bytes	2026-07-18 10:55:40.9987637820
ashkenazi_reference_test/results/handoff/ashkenazi_stages05_08_results_handoff_LATEST.zip	14651899 bytes	2026-07-18 10:55:40.9987637820
ashkenazi_reference_test/results/pca/analysis/modern_primary_annotated.tsv	124289 bytes	2026-07-18 08:34:10.8931905580
ashkenazi_reference_test/results/pca/analysis/modern_primary_ashkenazi_centroid_distances_pc1_pc10.tsv	501 bytes	2026-07-18 08:34:10.8948143540
ashkenazi_reference_test/results/pca/analysis/modern_primary_pc1_pc2.pdf	34955 bytes	2026-07-18 08:34:11.3951749610
ashkenazi_reference_test/results/pca/analysis/modern_primary_pc1_pc2.png	451651 bytes	2026-07-18 08:34:11.2635032450
ashkenazi_reference_test/results/pca/analysis/modern_primary_pc1_pc3.pdf	34593 bytes	2026-07-18 08:34:11.8221105250
ashkenazi_reference_test/results/pca/analysis/modern_primary_pc1_pc3.png	343409 bytes	2026-07-18 08:34:11.7303393290
ashkenazi_reference_test/results/pca/analysis/modern_primary_population_centroids.tsv	2767 bytes	2026-07-18 08:34:10.8946629740
ashkenazi_reference_test/results/pca/analysis/modern_primary_variance_explained.tsv	741 bytes	2026-07-18 08:34:10.8942211880
ashkenazi_reference_test/results/pca/analysis/modern_strict_pass_annotated.tsv	82310 bytes	2026-07-18 08:34:11.8315545100
ashkenazi_reference_test/results/pca/analysis/modern_strict_pass_ashkenazi_centroid_distances_pc1_pc10.tsv	499 bytes	2026-07-18 08:34:11.8325740680
ashkenazi_reference_test/results/pca/analysis/modern_strict_pass_pc1_pc2.pdf	32485 bytes	2026-07-18 08:34:12.2968168200
ashkenazi_reference_test/results/pca/analysis/modern_strict_pass_pc1_pc2.png	479045 bytes	2026-07-18 08:34:12.2050798010
ashkenazi_reference_test/results/pca/analysis/modern_strict_pass_pc1_pc3.pdf	33117 bytes	2026-07-18 08:34:12.7794333110
ashkenazi_reference_test/results/pca/analysis/modern_strict_pass_pc1_pc3.png	446142 bytes	2026-07-18 08:34:12.6557877630
ashkenazi_reference_test/results/pca/analysis/modern_strict_pass_population_centroids.tsv	2737 bytes	2026-07-18 08:34:11.8324867040
ashkenazi_reference_test/results/pca/analysis/modern_strict_pass_variance_explained.tsv	741 bytes	2026-07-18 08:34:11.8321624960
ashkenazi_reference_test/results/pca/analysis/pca_analysis_summary.txt	691 bytes	2026-07-18 08:34:12.7866307730
ashkenazi_reference_test/results/pca/analysis/primary_strict_population_pca_stability.tsv	1012 bytes	2026-07-18 08:34:12.7865632260
ashkenazi_reference_test/results/pca/analysis/primary_strict_procrustes_aligned_samples.tsv	42959 bytes	2026-07-18 08:34:12.7856962640
ashkenazi_reference_test/results/pca/modern_primary.eigenval	157 bytes	2026-07-18 08:10:45.3769347730
ashkenazi_reference_test/results/pca/modern_primary.eigenvec	87201 bytes	2026-07-18 08:10:45.3769661630
ashkenazi_reference_test/results/pca/modern_primary.log	1253 bytes	2026-07-18 08:10:45.3769661630
ashkenazi_reference_test/results/pca/modern_primary.nosex	171 bytes	2026-07-18 08:10:44.8446208590
ashkenazi_reference_test/results/pca/modern_strict_pass.eigenval	158 bytes	2026-07-18 08:11:53.4284234370
ashkenazi_reference_test/results/pca/modern_strict_pass.eigenvec	56767 bytes	2026-07-18 08:11:53.4284520590
ashkenazi_reference_test/results/pca/modern_strict_pass.log	1270 bytes	2026-07-18 08:11:53.4284520590
ashkenazi_reference_test/results/pca/modern_strict_pass.nosex	102 bytes	2026-07-18 08:11:53.0362216040
ashkenazi_reference_test/results/stage07_08_complete.json	89319 bytes	2026-07-18 10:55:40.5605887880
ashkenazi_reference_test/results/synthesis/MANUSCRIPT_READY_STAGE08_RESULTS.txt	1284 bytes	2026-07-18 10:55:40.5590387450
ashkenazi_reference_test/results/synthesis/METHODS_STAGE08_SYNTHESIS.txt	1156 bytes	2026-07-18 10:55:40.5590061240
ashkenazi_reference_test/results/synthesis/figures/integrated_comparator_ranking.pdf	20664 bytes	2026-07-18 10:55:40.4067623850
ashkenazi_reference_test/results/synthesis/figures/integrated_comparator_ranking.png	156895 bytes	2026-07-18 10:55:40.3587622710
ashkenazi_reference_test/results/synthesis/figures/integrated_rank_heatmap.pdf	26049 bytes	2026-07-18 10:55:40.2307619690
ashkenazi_reference_test/results/synthesis/figures/integrated_rank_heatmap.png	182473 bytes	2026-07-18 10:55:40.1307617330
ashkenazi_reference_test/results/synthesis/figures/primary_strict_integrated_rank_stability.pdf	17502 bytes	2026-07-18 10:55:40.5547627340
ashkenazi_reference_test/results/synthesis/figures/primary_strict_integrated_rank_stability.png	120944 bytes	2026-07-18 10:55:40.5107626300
ashkenazi_reference_test/results/synthesis/stage08_complete.json	1122 bytes	2026-07-18 10:55:40.5595210650
ashkenazi_reference_test/results/synthesis/stage08_synthesis_summary.txt	1571 bytes	2026-07-18 10:55:40.5589655630
ashkenazi_reference_test/results/synthesis/tables/integrated_comparator_ranking.tsv	3592 bytes	2026-07-18 10:55:39.9150550810
ashkenazi_reference_test/tools/admixture_linux-1.4.0.tar.gz	8289585 bytes	2026-07-18 09:33:48.8787725840
ashkenazi_reference_test/tools/admixture_linux-1.4.0/admixture	49923792 bytes	2026-04-25 13:28:42.0000000000
ashkenazi_reference_test/v66.p1_1240K.aadr.PUB.anno	13443726 bytes	2026-07-18 05:36:29.6257386490
ashkenazi_reference_test/v66.p1__files.md5sum	1769 bytes	2026-07-18 06:03:47.9787136200
ashkenazi_reference_test/v66.p1_compatibility_HO.aadr.PUB.anno	15465906 bytes	2026-07-18 05:52:28.7300218960
ashkenazi_reference_test/v66.p1_compatibility_HO.aadr.patch.PUB.geno	1909008156 bytes	2026-07-18 06:03:10.9070637900
ashkenazi_reference_test/v66.p1_compatibility_HO.aadr.patch.PUB.ind	1176253 bytes	2026-07-18 05:57:16.1693349400
ashkenazi_reference_test/v66.p1_compatibility_HO.aadr.patch.PUB.snp	17433675 bytes	2026-07-18 05:57:19.3123520150
