/home/computer/popgen/projects/ashkenazi_reference_test/results/admixture/METHODS_STAGE07_ADMIXTURE.txt	1917 bytes
/home/computer/popgen/projects/ashkenazi_reference_test/results/admixture/aligned/primary/K02/ashkenazi_comparator_component_distances.tsv	1565 bytes
/home/computer/popgen/projects/ashkenazi_reference_test/results/admixture/aligned/primary/K02/best_replicate_unaligned.P	1269540 bytes
/home/computer/popgen/projects/ashkenazi_reference_test/results/admixture/aligned/primary/K02/best_replicate_unaligned.Q	6642 bytes
/home/computer/popgen/projects/ashkenazi_reference_test/results/admixture/aligned/primary/K02/consensus.P	1833780 bytes
/home/computer/popgen/projects/ashkenazi_reference_test/results/admixture/aligned/primary/K02/consensus.Q	9594 bytes
/home/computer/popgen/projects/ashkenazi_reference_test/results/admixture/aligned/primary/K02/population_mean_consensus_q.tsv	734 bytes
/home/computer/popgen/projects/ashkenazi_reference_test/results/admixture/aligned/primary/K02/replicate_component_alignment.tsv	690 bytes
/home/computer/popgen/projects/ashkenazi_reference_test/results/admixture/aligned/primary/K02/sample_consensus_q.tsv	20476 bytes
/home/computer/popgen/projects/ashkenazi_reference_test/results/admixture/aligned/primary/K03/ashkenazi_comparator_component_distances.tsv	1564 bytes
/home/computer/popgen/projects/ashkenazi_reference_test/results/admixture/aligned/primary/K03/best_replicate_unaligned.P	1904310 bytes
/home/computer/popgen/projects/ashkenazi_reference_test/results/admixture/aligned/primary/K03/best_replicate_unaligned.Q	9963 bytes
/home/computer/popgen/projects/ashkenazi_reference_test/results/admixture/aligned/primary/K03/consensus.P	2750670 bytes
/home/computer/popgen/projects/ashkenazi_reference_test/results/admixture/aligned/primary/K03/consensus.Q	14391 bytes
/home/computer/popgen/projects/ashkenazi_reference_test/results/admixture/aligned/primary/K03/population_mean_consensus_q.tsv	980 bytes
/home/computer/popgen/projects/ashkenazi_reference_test/results/admixture/aligned/primary/K03/replicate_component_alignment.tsv	700 bytes
/home/computer/popgen/projects/ashkenazi_reference_test/results/admixture/aligned/primary/K03/sample_consensus_q.tsv	25285 bytes
/home/computer/popgen/projects/ashkenazi_reference_test/results/admixture/aligned/primary/K04/ashkenazi_comparator_component_distances.tsv	1561 bytes
/home/computer/popgen/projects/ashkenazi_reference_test/results/admixture/aligned/primary/K04/best_replicate_unaligned.P	2539080 bytes
/home/computer/popgen/projects/ashkenazi_reference_test/results/admixture/aligned/primary/K04/best_replicate_unaligned.Q	13284 bytes
/home/computer/popgen/projects/ashkenazi_reference_test/results/admixture/aligned/primary/K04/consensus.P	3667560 bytes
/home/computer/popgen/projects/ashkenazi_reference_test/results/admixture/aligned/primary/K04/consensus.Q	19188 bytes
/home/computer/popgen/projects/ashkenazi_reference_test/results/admixture/aligned/primary/K04/population_mean_consensus_q.tsv	1226 bytes
/home/computer/popgen/projects/ashkenazi_reference_test/results/admixture/aligned/primary/K04/replicate_component_alignment.tsv	711 bytes
/home/computer/popgen/projects/ashkenazi_reference_test/results/admixture/aligned/primary/K04/sample_consensus_q.tsv	30094 bytes
/home/computer/popgen/projects/ashkenazi_reference_test/results/admixture/aligned/primary/K05/ashkenazi_comparator_component_distances.tsv	1560 bytes
/home/computer/popgen/projects/ashkenazi_reference_test/results/admixture/aligned/primary/K05/best_replicate_unaligned.P	3173850 bytes
/home/computer/popgen/projects/ashkenazi_reference_test/results/admixture/aligned/primary/K05/best_replicate_unaligned.Q	16605 bytes
/home/computer/popgen/projects/ashkenazi_reference_test/results/admixture/aligned/primary/K05/consensus.P	4584450 bytes
/home/computer/popgen/projects/ashkenazi_reference_test/results/admixture/aligned/primary/K05/consensus.Q	23985 bytes
/home/computer/popgen/projects/ashkenazi_reference_test/results/admixture/aligned/primary/K05/population_mean_consensus_q.tsv	1472 bytes
/home/computer/popgen/projects/ashkenazi_reference_test/results/admixture/aligned/primary/K05/replicate_component_alignment.tsv	721 bytes
/home/computer/popgen/projects/ashkenazi_reference_test/results/admixture/aligned/primary/K05/sample_consensus_q.tsv	34903 bytes
/home/computer/popgen/projects/ashkenazi_reference_test/results/admixture/aligned/primary/K06/ashkenazi_comparator_component_distances.tsv	1561 bytes
/home/computer/popgen/projects/ashkenazi_reference_test/results/admixture/aligned/primary/K06/best_replicate_unaligned.P	3808620 bytes
/home/computer/popgen/projects/ashkenazi_reference_test/results/admixture/aligned/primary/K06/best_replicate_unaligned.Q	19926 bytes
/home/computer/popgen/projects/ashkenazi_reference_test/results/admixture/aligned/primary/K06/consensus.P	5501340 bytes
/home/computer/popgen/projects/ashkenazi_reference_test/results/admixture/aligned/primary/K06/consensus.Q	28782 bytes
/home/computer/popgen/projects/ashkenazi_reference_test/results/admixture/aligned/primary/K06/population_mean_consensus_q.tsv	1718 bytes
/home/computer/popgen/projects/ashkenazi_reference_test/results/admixture/aligned/primary/K06/replicate_component_alignment.tsv	732 bytes
/home/computer/popgen/projects/ashkenazi_reference_test/results/admixture/aligned/primary/K06/sample_consensus_q.tsv	39712 bytes
/home/computer/popgen/projects/ashkenazi_reference_test/results/admixture/aligned/primary/K07/ashkenazi_comparator_component_distances.tsv	1557 bytes
/home/computer/popgen/projects/ashkenazi_reference_test/results/admixture/aligned/primary/K07/best_replicate_unaligned.P	4443390 bytes
/home/computer/popgen/projects/ashkenazi_reference_test/results/admixture/aligned/primary/K07/best_replicate_unaligned.Q	23247 bytes
/home/computer/popgen/projects/ashkenazi_reference_test/results/admixture/aligned/primary/K07/consensus.P	6418230 bytes
/home/computer/popgen/projects/ashkenazi_reference_test/results/admixture/aligned/primary/K07/consensus.Q	33579 bytes
/home/computer/popgen/projects/ashkenazi_reference_test/results/admixture/aligned/primary/K07/population_mean_consensus_q.tsv	1964 bytes
/home/computer/popgen/projects/ashkenazi_reference_test/results/admixture/aligned/primary/K07/replicate_component_alignment.tsv	744 bytes
/home/computer/popgen/projects/ashkenazi_reference_test/results/admixture/aligned/primary/K07/sample_consensus_q.tsv	44521 bytes
/home/computer/popgen/projects/ashkenazi_reference_test/results/admixture/aligned/primary/K08/ashkenazi_comparator_component_distances.tsv	1562 bytes
/home/computer/popgen/projects/ashkenazi_reference_test/results/admixture/aligned/primary/K08/best_replicate_unaligned.P	5078160 bytes
/home/computer/popgen/projects/ashkenazi_reference_test/results/admixture/aligned/primary/K08/best_replicate_unaligned.Q	26568 bytes
/home/computer/popgen/projects/ashkenazi_reference_test/results/admixture/aligned/primary/K08/consensus.P	7335120 bytes
/home/computer/popgen/projects/ashkenazi_reference_test/results/admixture/aligned/primary/K08/consensus.Q	38376 bytes
/home/computer/popgen/projects/ashkenazi_reference_test/results/admixture/aligned/primary/K08/population_mean_consensus_q.tsv	2210 bytes
/home/computer/popgen/projects/ashkenazi_reference_test/results/admixture/aligned/primary/K08/replicate_component_alignment.tsv	751 bytes
/home/computer/popgen/projects/ashkenazi_reference_test/results/admixture/aligned/primary/K08/sample_consensus_q.tsv	49330 bytes
/home/computer/popgen/projects/ashkenazi_reference_test/results/admixture/aligned/primary/K09/ashkenazi_comparator_component_distances.tsv	1563 bytes
/home/computer/popgen/projects/ashkenazi_reference_test/results/admixture/aligned/primary/K09/best_replicate_unaligned.P	5712930 bytes
/home/computer/popgen/projects/ashkenazi_reference_test/results/admixture/aligned/primary/K09/best_replicate_unaligned.Q	29889 bytes
/home/computer/popgen/projects/ashkenazi_reference_test/results/admixture/aligned/primary/K09/consensus.P	8252010 bytes
/home/computer/popgen/projects/ashkenazi_reference_test/results/admixture/aligned/primary/K09/consensus.Q	43173 bytes
/home/computer/popgen/projects/ashkenazi_reference_test/results/admixture/aligned/primary/K09/population_mean_consensus_q.tsv	2456 bytes
/home/computer/popgen/projects/ashkenazi_reference_test/results/admixture/aligned/primary/K09/replicate_component_alignment.tsv	764 bytes
/home/computer/popgen/projects/ashkenazi_reference_test/results/admixture/aligned/primary/K09/sample_consensus_q.tsv	54139 bytes
/home/computer/popgen/projects/ashkenazi_reference_test/results/admixture/aligned/primary/K10/ashkenazi_comparator_component_distances.tsv	1582 bytes
/home/computer/popgen/projects/ashkenazi_reference_test/results/admixture/aligned/primary/K10/best_replicate_unaligned.P	6347700 bytes
/home/computer/popgen/projects/ashkenazi_reference_test/results/admixture/aligned/primary/K10/best_replicate_unaligned.Q	33210 bytes
/home/computer/popgen/projects/ashkenazi_reference_test/results/admixture/aligned/primary/K10/consensus.P	9168900 bytes
/home/computer/popgen/projects/ashkenazi_reference_test/results/admixture/aligned/primary/K10/consensus.Q	47970 bytes
/home/computer/popgen/projects/ashkenazi_reference_test/results/admixture/aligned/primary/K10/population_mean_consensus_q.tsv	2703 bytes
/home/computer/popgen/projects/ashkenazi_reference_test/results/admixture/aligned/primary/K10/replicate_component_alignment.tsv	783 bytes
/home/computer/popgen/projects/ashkenazi_reference_test/results/admixture/aligned/primary/K10/sample_consensus_q.tsv	58949 bytes
/home/computer/popgen/projects/ashkenazi_reference_test/results/admixture/aligned/primary/K11/ashkenazi_comparator_component_distances.tsv	1579 bytes
/home/computer/popgen/projects/ashkenazi_reference_test/results/admixture/aligned/primary/K11/best_replicate_unaligned.P	6982470 bytes
/home/computer/popgen/projects/ashkenazi_reference_test/results/admixture/aligned/primary/K11/best_replicate_unaligned.Q	36531 bytes
/home/computer/popgen/projects/ashkenazi_reference_test/results/admixture/aligned/primary/K11/consensus.P	10085790 bytes
/home/computer/popgen/projects/ashkenazi_reference_test/results/admixture/aligned/primary/K11/consensus.Q	52767 bytes
/home/computer/popgen/projects/ashkenazi_reference_test/results/admixture/aligned/primary/K11/population_mean_consensus_q.tsv	2950 bytes
/home/computer/popgen/projects/ashkenazi_reference_test/results/admixture/aligned/primary/K11/replicate_component_alignment.tsv	797 bytes
/home/computer/popgen/projects/ashkenazi_reference_test/results/admixture/aligned/primary/K11/sample_consensus_q.tsv	63759 bytes
/home/computer/popgen/projects/ashkenazi_reference_test/results/admixture/aligned/primary/K12/ashkenazi_comparator_component_distances.tsv	1575 bytes
/home/computer/popgen/projects/ashkenazi_reference_test/results/admixture/aligned/primary/K12/best_replicate_unaligned.P	7617240 bytes
/home/computer/popgen/projects/ashkenazi_reference_test/results/admixture/aligned/primary/K12/best_replicate_unaligned.Q	39852 bytes
/home/computer/popgen/projects/ashkenazi_reference_test/results/admixture/aligned/primary/K12/consensus.P	11002680 bytes
/home/computer/popgen/projects/ashkenazi_reference_test/results/admixture/aligned/primary/K12/consensus.Q	57564 bytes
/home/computer/popgen/projects/ashkenazi_reference_test/results/admixture/aligned/primary/K12/population_mean_consensus_q.tsv	3197 bytes
/home/computer/popgen/projects/ashkenazi_reference_test/results/admixture/aligned/primary/K12/replicate_component_alignment.tsv	812 bytes
/home/computer/popgen/projects/ashkenazi_reference_test/results/admixture/aligned/primary/K12/sample_consensus_q.tsv	68569 bytes
/home/computer/popgen/projects/ashkenazi_reference_test/results/admixture/aligned/strict_pass/K02/ashkenazi_comparator_component_distances.tsv	1625 bytes
/home/computer/popgen/projects/ashkenazi_reference_test/results/admixture/aligned/strict_pass/K02/best_replicate_unaligned.P	1269540 bytes
/home/computer/popgen/projects/ashkenazi_reference_test/results/admixture/aligned/strict_pass/K02/best_replicate_unaligned.Q	4446 bytes
/home/computer/popgen/projects/ashkenazi_reference_test/results/admixture/aligned/strict_pass/K02/consensus.P	1833780 bytes
/home/computer/popgen/projects/ashkenazi_reference_test/results/admixture/aligned/strict_pass/K02/consensus.Q	6422 bytes
/home/computer/popgen/projects/ashkenazi_reference_test/results/admixture/aligned/strict_pass/K02/population_mean_consensus_q.tsv	734 bytes
/home/computer/popgen/projects/ashkenazi_reference_test/results/admixture/aligned/strict_pass/K02/replicate_component_alignment.tsv	710 bytes
/home/computer/popgen/projects/ashkenazi_reference_test/results/admixture/aligned/strict_pass/K02/sample_consensus_q.tsv	13784 bytes
/home/computer/popgen/projects/ashkenazi_reference_test/results/admixture/aligned/strict_pass/K03/ashkenazi_comparator_component_distances.tsv	1626 bytes
/home/computer/popgen/projects/ashkenazi_reference_test/results/admixture/aligned/strict_pass/K03/best_replicate_unaligned.P	1904310 bytes
/home/computer/popgen/projects/ashkenazi_reference_test/results/admixture/aligned/strict_pass/K03/best_replicate_unaligned.Q	6669 bytes
/home/computer/popgen/projects/ashkenazi_reference_test/results/admixture/aligned/strict_pass/K03/consensus.P	2750670 bytes
/home/computer/popgen/projects/ashkenazi_reference_test/results/admixture/aligned/strict_pass/K03/consensus.Q	9633 bytes
/home/computer/popgen/projects/ashkenazi_reference_test/results/admixture/aligned/strict_pass/K03/population_mean_consensus_q.tsv	980 bytes
/home/computer/popgen/projects/ashkenazi_reference_test/results/admixture/aligned/strict_pass/K03/replicate_component_alignment.tsv	720 bytes
/home/computer/popgen/projects/ashkenazi_reference_test/results/admixture/aligned/strict_pass/K03/sample_consensus_q.tsv	17007 bytes
/home/computer/popgen/projects/ashkenazi_reference_test/results/admixture/aligned/strict_pass/K04/ashkenazi_comparator_component_distances.tsv	1632 bytes
/home/computer/popgen/projects/ashkenazi_reference_test/results/admixture/aligned/strict_pass/K04/best_replicate_unaligned.P	2539080 bytes
/home/computer/popgen/projects/ashkenazi_reference_test/results/admixture/aligned/strict_pass/K04/best_replicate_unaligned.Q	8892 bytes
/home/computer/popgen/projects/ashkenazi_reference_test/results/admixture/aligned/strict_pass/K04/consensus.P	3667560 bytes
/home/computer/popgen/projects/ashkenazi_reference_test/results/admixture/aligned/strict_pass/K04/consensus.Q	12844 bytes
/home/computer/popgen/projects/ashkenazi_reference_test/results/admixture/aligned/strict_pass/K04/population_mean_consensus_q.tsv	1226 bytes
/home/computer/popgen/projects/ashkenazi_reference_test/results/admixture/aligned/strict_pass/K04/replicate_component_alignment.tsv	732 bytes
/home/computer/popgen/projects/ashkenazi_reference_test/results/admixture/aligned/strict_pass/K04/sample_consensus_q.tsv	20230 bytes
/home/computer/popgen/projects/ashkenazi_reference_test/results/admixture/aligned/strict_pass/K05/ashkenazi_comparator_component_distances.tsv	1631 bytes
/home/computer/popgen/projects/ashkenazi_reference_test/results/admixture/aligned/strict_pass/K05/best_replicate_unaligned.P	3173850 bytes
/home/computer/popgen/projects/ashkenazi_reference_test/results/admixture/aligned/strict_pass/K05/best_replicate_unaligned.Q	11115 bytes
/home/computer/popgen/projects/ashkenazi_reference_test/results/admixture/aligned/strict_pass/K05/consensus.P	4584450 bytes
/home/computer/popgen/projects/ashkenazi_reference_test/results/admixture/aligned/strict_pass/K05/consensus.Q	16055 bytes
/home/computer/popgen/projects/ashkenazi_reference_test/results/admixture/aligned/strict_pass/K05/population_mean_consensus_q.tsv	1472 bytes
/home/computer/popgen/projects/ashkenazi_reference_test/results/admixture/aligned/strict_pass/K05/replicate_component_alignment.tsv	740 bytes
/home/computer/popgen/projects/ashkenazi_reference_test/results/admixture/aligned/strict_pass/K05/sample_consensus_q.tsv	23453 bytes
/home/computer/popgen/projects/ashkenazi_reference_test/results/admixture/aligned/strict_pass/K06/ashkenazi_comparator_component_distances.tsv	1619 bytes
/home/computer/popgen/projects/ashkenazi_reference_test/results/admixture/aligned/strict_pass/K06/best_replicate_unaligned.P	3808620 bytes
/home/computer/popgen/projects/ashkenazi_reference_test/results/admixture/aligned/strict_pass/K06/best_replicate_unaligned.Q	13338 bytes
/home/computer/popgen/projects/ashkenazi_reference_test/results/admixture/aligned/strict_pass/K06/consensus.P	5501340 bytes
/home/computer/popgen/projects/ashkenazi_reference_test/results/admixture/aligned/strict_pass/K06/consensus.Q	19266 bytes
/home/computer/popgen/projects/ashkenazi_reference_test/results/admixture/aligned/strict_pass/K06/population_mean_consensus_q.tsv	1718 bytes
/home/computer/popgen/projects/ashkenazi_reference_test/results/admixture/aligned/strict_pass/K06/replicate_component_alignment.tsv	752 bytes
/home/computer/popgen/projects/ashkenazi_reference_test/results/admixture/aligned/strict_pass/K06/sample_consensus_q.tsv	26676 bytes
/home/computer/popgen/projects/ashkenazi_reference_test/results/admixture/aligned/strict_pass/K07/ashkenazi_comparator_component_distances.tsv	1624 bytes
/home/computer/popgen/projects/ashkenazi_reference_test/results/admixture/aligned/strict_pass/K07/best_replicate_unaligned.P	4443390 bytes
/home/computer/popgen/projects/ashkenazi_reference_test/results/admixture/aligned/strict_pass/K07/best_replicate_unaligned.Q	15561 bytes
/home/computer/popgen/projects/ashkenazi_reference_test/results/admixture/aligned/strict_pass/K07/consensus.P	6418230 bytes
/home/computer/popgen/projects/ashkenazi_reference_test/results/admixture/aligned/strict_pass/K07/consensus.Q	22477 bytes
/home/computer/popgen/projects/ashkenazi_reference_test/results/admixture/aligned/strict_pass/K07/population_mean_consensus_q.tsv	1964 bytes
/home/computer/popgen/projects/ashkenazi_reference_test/results/admixture/aligned/strict_pass/K07/replicate_component_alignment.tsv	763 bytes
/home/computer/popgen/projects/ashkenazi_reference_test/results/admixture/aligned/strict_pass/K07/sample_consensus_q.tsv	29899 bytes
/home/computer/popgen/projects/ashkenazi_reference_test/results/admixture/aligned/strict_pass/K08/ashkenazi_comparator_component_distances.tsv	1625 bytes
/home/computer/popgen/projects/ashkenazi_reference_test/results/admixture/aligned/strict_pass/K08/best_replicate_unaligned.P	5078160 bytes
/home/computer/popgen/projects/ashkenazi_reference_test/results/admixture/aligned/strict_pass/K08/best_replicate_unaligned.Q	17784 bytes
/home/computer/popgen/projects/ashkenazi_reference_test/results/admixture/aligned/strict_pass/K08/consensus.P	7335120 bytes
/home/computer/popgen/projects/ashkenazi_reference_test/results/admixture/aligned/strict_pass/K08/consensus.Q	25688 bytes
/home/computer/popgen/projects/ashkenazi_reference_test/results/admixture/aligned/strict_pass/K08/population_mean_consensus_q.tsv	2210 bytes
/home/computer/popgen/projects/ashkenazi_reference_test/results/admixture/aligned/strict_pass/K08/replicate_component_alignment.tsv	772 bytes
/home/computer/popgen/projects/ashkenazi_reference_test/results/admixture/aligned/strict_pass/K08/sample_consensus_q.tsv	33122 bytes
/home/computer/popgen/projects/ashkenazi_reference_test/results/admixture/aligned/strict_pass/K09/ashkenazi_comparator_component_distances.tsv	1623 bytes
/home/computer/popgen/projects/ashkenazi_reference_test/results/admixture/aligned/strict_pass/K09/best_replicate_unaligned.P	5712930 bytes
/home/computer/popgen/projects/ashkenazi_reference_test/results/admixture/aligned/strict_pass/K09/best_replicate_unaligned.Q	20007 bytes
/home/computer/popgen/projects/ashkenazi_reference_test/results/admixture/aligned/strict_pass/K09/consensus.P	8252010 bytes
/home/computer/popgen/projects/ashkenazi_reference_test/results/admixture/aligned/strict_pass/K09/consensus.Q	28899 bytes
/home/computer/popgen/projects/ashkenazi_reference_test/results/admixture/aligned/strict_pass/K09/population_mean_consensus_q.tsv	2456 bytes
/home/computer/popgen/projects/ashkenazi_reference_test/results/admixture/aligned/strict_pass/K09/replicate_component_alignment.tsv	783 bytes
/home/computer/popgen/projects/ashkenazi_reference_test/results/admixture/aligned/strict_pass/K09/sample_consensus_q.tsv	36345 bytes
/home/computer/popgen/projects/ashkenazi_reference_test/results/admixture/aligned/strict_pass/K10/ashkenazi_comparator_component_distances.tsv	1640 bytes
/home/computer/popgen/projects/ashkenazi_reference_test/results/admixture/aligned/strict_pass/K10/best_replicate_unaligned.P	6347700 bytes
/home/computer/popgen/projects/ashkenazi_reference_test/results/admixture/aligned/strict_pass/K10/best_replicate_unaligned.Q	22230 bytes
/home/computer/popgen/projects/ashkenazi_reference_test/results/admixture/aligned/strict_pass/K10/consensus.P	9168900 bytes
/home/computer/popgen/projects/ashkenazi_reference_test/results/admixture/aligned/strict_pass/K10/consensus.Q	32110 bytes
/home/computer/popgen/projects/ashkenazi_reference_test/results/admixture/aligned/strict_pass/K10/population_mean_consensus_q.tsv	2703 bytes
/home/computer/popgen/projects/ashkenazi_reference_test/results/admixture/aligned/strict_pass/K10/replicate_component_alignment.tsv	801 bytes
/home/computer/popgen/projects/ashkenazi_reference_test/results/admixture/aligned/strict_pass/K10/sample_consensus_q.tsv	39569 bytes
/home/computer/popgen/projects/ashkenazi_reference_test/results/admixture/aligned/strict_pass/K11/ashkenazi_comparator_component_distances.tsv	1635 bytes
/home/computer/popgen/projects/ashkenazi_reference_test/results/admixture/aligned/strict_pass/K11/best_replicate_unaligned.P	6982470 bytes
/home/computer/popgen/projects/ashkenazi_reference_test/results/admixture/aligned/strict_pass/K11/best_replicate_unaligned.Q	24453 bytes
/home/computer/popgen/projects/ashkenazi_reference_test/results/admixture/aligned/strict_pass/K11/consensus.P	10085790 bytes
/home/computer/popgen/projects/ashkenazi_reference_test/results/admixture/aligned/strict_pass/K11/consensus.Q	35321 bytes
/home/computer/popgen/projects/ashkenazi_reference_test/results/admixture/aligned/strict_pass/K11/population_mean_consensus_q.tsv	2950 bytes
/home/computer/popgen/projects/ashkenazi_reference_test/results/admixture/aligned/strict_pass/K11/replicate_component_alignment.tsv	818 bytes
/home/computer/popgen/projects/ashkenazi_reference_test/results/admixture/aligned/strict_pass/K11/sample_consensus_q.tsv	42793 bytes
/home/computer/popgen/projects/ashkenazi_reference_test/results/admixture/aligned/strict_pass/K12/ashkenazi_comparator_component_distances.tsv	1633 bytes
/home/computer/popgen/projects/ashkenazi_reference_test/results/admixture/aligned/strict_pass/K12/best_replicate_unaligned.P	7617240 bytes
/home/computer/popgen/projects/ashkenazi_reference_test/results/admixture/aligned/strict_pass/K12/best_replicate_unaligned.Q	26676 bytes
/home/computer/popgen/projects/ashkenazi_reference_test/results/admixture/aligned/strict_pass/K12/consensus.P	11002680 bytes
/home/computer/popgen/projects/ashkenazi_reference_test/results/admixture/aligned/strict_pass/K12/consensus.Q	38532 bytes
/home/computer/popgen/projects/ashkenazi_reference_test/results/admixture/aligned/strict_pass/K12/population_mean_consensus_q.tsv	3197 bytes
/home/computer/popgen/projects/ashkenazi_reference_test/results/admixture/aligned/strict_pass/K12/replicate_component_alignment.tsv	834 bytes
/home/computer/popgen/projects/ashkenazi_reference_test/results/admixture/aligned/strict_pass/K12/sample_consensus_q.tsv	46017 bytes
/home/computer/popgen/projects/ashkenazi_reference_test/results/admixture/cross_panel/K02/primary_strict_population_component_sensitivity.tsv	1048 bytes
/home/computer/popgen/projects/ashkenazi_reference_test/results/admixture/cross_panel/K02/strict_consensus_q_aligned_to_primary.Q	6422 bytes
/home/computer/popgen/projects/ashkenazi_reference_test/results/admixture/cross_panel/K02/strict_population_means_aligned_to_primary.tsv	734 bytes
/home/computer/popgen/projects/ashkenazi_reference_test/results/admixture/cross_panel/K03/primary_strict_population_component_sensitivity.tsv	1080 bytes
/home/computer/popgen/projects/ashkenazi_reference_test/results/admixture/cross_panel/K03/strict_consensus_q_aligned_to_primary.Q	9633 bytes
/home/computer/popgen/projects/ashkenazi_reference_test/results/admixture/cross_panel/K03/strict_population_means_aligned_to_primary.tsv	980 bytes
/home/computer/popgen/projects/ashkenazi_reference_test/results/admixture/cross_panel/K04/primary_strict_population_component_sensitivity.tsv	1076 bytes
/home/computer/popgen/projects/ashkenazi_reference_test/results/admixture/cross_panel/K04/strict_consensus_q_aligned_to_primary.Q	12844 bytes
/home/computer/popgen/projects/ashkenazi_reference_test/results/admixture/cross_panel/K04/strict_population_means_aligned_to_primary.tsv	1226 bytes
/home/computer/popgen/projects/ashkenazi_reference_test/results/admixture/cross_panel/K05/primary_strict_population_component_sensitivity.tsv	1087 bytes
/home/computer/popgen/projects/ashkenazi_reference_test/results/admixture/cross_panel/K05/strict_consensus_q_aligned_to_primary.Q	16055 bytes
/home/computer/popgen/projects/ashkenazi_reference_test/results/admixture/cross_panel/K05/strict_population_means_aligned_to_primary.tsv	1472 bytes
/home/computer/popgen/projects/ashkenazi_reference_test/results/admixture/cross_panel/K06/primary_strict_population_component_sensitivity.tsv	1076 bytes
/home/computer/popgen/projects/ashkenazi_reference_test/results/admixture/cross_panel/K06/strict_consensus_q_aligned_to_primary.Q	19266 bytes
/home/computer/popgen/projects/ashkenazi_reference_test/results/admixture/cross_panel/K06/strict_population_means_aligned_to_primary.tsv	1718 bytes
/home/computer/popgen/projects/ashkenazi_reference_test/results/admixture/cross_panel/K07/primary_strict_population_component_sensitivity.tsv	1076 bytes
/home/computer/popgen/projects/ashkenazi_reference_test/results/admixture/cross_panel/K07/strict_consensus_q_aligned_to_primary.Q	22477 bytes
/home/computer/popgen/projects/ashkenazi_reference_test/results/admixture/cross_panel/K07/strict_population_means_aligned_to_primary.tsv	1964 bytes
/home/computer/popgen/projects/ashkenazi_reference_test/results/admixture/cross_panel/K08/primary_strict_population_component_sensitivity.tsv	1069 bytes
/home/computer/popgen/projects/ashkenazi_reference_test/results/admixture/cross_panel/K08/strict_consensus_q_aligned_to_primary.Q	25688 bytes
/home/computer/popgen/projects/ashkenazi_reference_test/results/admixture/cross_panel/K08/strict_population_means_aligned_to_primary.tsv	2210 bytes
/home/computer/popgen/projects/ashkenazi_reference_test/results/admixture/cross_panel/K09/primary_strict_population_component_sensitivity.tsv	1070 bytes
/home/computer/popgen/projects/ashkenazi_reference_test/results/admixture/cross_panel/K09/strict_consensus_q_aligned_to_primary.Q	28899 bytes
/home/computer/popgen/projects/ashkenazi_reference_test/results/admixture/cross_panel/K09/strict_population_means_aligned_to_primary.tsv	2456 bytes
/home/computer/popgen/projects/ashkenazi_reference_test/results/admixture/cross_panel/K10/primary_strict_population_component_sensitivity.tsv	1082 bytes
/home/computer/popgen/projects/ashkenazi_reference_test/results/admixture/cross_panel/K10/strict_consensus_q_aligned_to_primary.Q	32110 bytes
/home/computer/popgen/projects/ashkenazi_reference_test/results/admixture/cross_panel/K10/strict_population_means_aligned_to_primary.tsv	2703 bytes
/home/computer/popgen/projects/ashkenazi_reference_test/results/admixture/cross_panel/K11/primary_strict_population_component_sensitivity.tsv	1081 bytes
/home/computer/popgen/projects/ashkenazi_reference_test/results/admixture/cross_panel/K11/strict_consensus_q_aligned_to_primary.Q	35321 bytes
/home/computer/popgen/projects/ashkenazi_reference_test/results/admixture/cross_panel/K11/strict_population_means_aligned_to_primary.tsv	2950 bytes
/home/computer/popgen/projects/ashkenazi_reference_test/results/admixture/cross_panel/K12/primary_strict_population_component_sensitivity.tsv	1084 bytes
/home/computer/popgen/projects/ashkenazi_reference_test/results/admixture/cross_panel/K12/strict_consensus_q_aligned_to_primary.Q	38532 bytes
/home/computer/popgen/projects/ashkenazi_reference_test/results/admixture/cross_panel/K12/strict_population_means_aligned_to_primary.tsv	3197 bytes
/home/computer/popgen/projects/ashkenazi_reference_test/results/admixture/figures/cross_panel/K02_population_means_aligned.pdf	20861 bytes
/home/computer/popgen/projects/ashkenazi_reference_test/results/admixture/figures/cross_panel/K02_population_means_aligned.png	188190 bytes
/home/computer/popgen/projects/ashkenazi_reference_test/results/admixture/figures/cross_panel/K02_population_sensitivity.pdf	19080 bytes
/home/computer/popgen/projects/ashkenazi_reference_test/results/admixture/figures/cross_panel/K02_population_sensitivity.png	140558 bytes
/home/computer/popgen/projects/ashkenazi_reference_test/results/admixture/figures/cross_panel/K03_population_means_aligned.pdf	22059 bytes
/home/computer/popgen/projects/ashkenazi_reference_test/results/admixture/figures/cross_panel/K03_population_means_aligned.png	188985 bytes
/home/computer/popgen/projects/ashkenazi_reference_test/results/admixture/figures/cross_panel/K03_population_sensitivity.pdf	18790 bytes
/home/computer/popgen/projects/ashkenazi_reference_test/results/admixture/figures/cross_panel/K03_population_sensitivity.png	135633 bytes
/home/computer/popgen/projects/ashkenazi_reference_test/results/admixture/figures/cross_panel/K04_population_means_aligned.pdf	22321 bytes
/home/computer/popgen/projects/ashkenazi_reference_test/results/admixture/figures/cross_panel/K04_population_means_aligned.png	189075 bytes
/home/computer/popgen/projects/ashkenazi_reference_test/results/admixture/figures/cross_panel/K04_population_sensitivity.pdf	19042 bytes
/home/computer/popgen/projects/ashkenazi_reference_test/results/admixture/figures/cross_panel/K04_population_sensitivity.png	138928 bytes
/home/computer/popgen/projects/ashkenazi_reference_test/results/admixture/figures/cross_panel/K05_population_means_aligned.pdf	23354 bytes
/home/computer/popgen/projects/ashkenazi_reference_test/results/admixture/figures/cross_panel/K05_population_means_aligned.png	189652 bytes
/home/computer/popgen/projects/ashkenazi_reference_test/results/admixture/figures/cross_panel/K05_population_sensitivity.pdf	18823 bytes
/home/computer/popgen/projects/ashkenazi_reference_test/results/admixture/figures/cross_panel/K05_population_sensitivity.png	136985 bytes
/home/computer/popgen/projects/ashkenazi_reference_test/results/admixture/figures/cross_panel/K06_population_means_aligned.pdf	23675 bytes
/home/computer/popgen/projects/ashkenazi_reference_test/results/admixture/figures/cross_panel/K06_population_means_aligned.png	190476 bytes
/home/computer/popgen/projects/ashkenazi_reference_test/results/admixture/figures/cross_panel/K06_population_sensitivity.pdf	19267 bytes
/home/computer/popgen/projects/ashkenazi_reference_test/results/admixture/figures/cross_panel/K06_population_sensitivity.png	137405 bytes
/home/computer/popgen/projects/ashkenazi_reference_test/results/admixture/figures/cross_panel/K07_population_means_aligned.pdf	24760 bytes
/home/computer/popgen/projects/ashkenazi_reference_test/results/admixture/figures/cross_panel/K07_population_means_aligned.png	190279 bytes
/home/computer/popgen/projects/ashkenazi_reference_test/results/admixture/figures/cross_panel/K07_population_sensitivity.pdf	18525 bytes
/home/computer/popgen/projects/ashkenazi_reference_test/results/admixture/figures/cross_panel/K07_population_sensitivity.png	135497 bytes
/home/computer/popgen/projects/ashkenazi_reference_test/results/admixture/figures/cross_panel/K08_population_means_aligned.pdf	25318 bytes
/home/computer/popgen/projects/ashkenazi_reference_test/results/admixture/figures/cross_panel/K08_population_means_aligned.png	191718 bytes
/home/computer/popgen/projects/ashkenazi_reference_test/results/admixture/figures/cross_panel/K08_population_sensitivity.pdf	19356 bytes
/home/computer/popgen/projects/ashkenazi_reference_test/results/admixture/figures/cross_panel/K08_population_sensitivity.png	139394 bytes
/home/computer/popgen/projects/ashkenazi_reference_test/results/admixture/figures/cross_panel/K09_population_means_aligned.pdf	26635 bytes
/home/computer/popgen/projects/ashkenazi_reference_test/results/admixture/figures/cross_panel/K09_population_means_aligned.png	191917 bytes
/home/computer/popgen/projects/ashkenazi_reference_test/results/admixture/figures/cross_panel/K09_population_sensitivity.pdf	19252 bytes
/home/computer/popgen/projects/ashkenazi_reference_test/results/admixture/figures/cross_panel/K09_population_sensitivity.png	137326 bytes
/home/computer/popgen/projects/ashkenazi_reference_test/results/admixture/figures/cross_panel/K10_population_means_aligned.pdf	26912 bytes
/home/computer/popgen/projects/ashkenazi_reference_test/results/admixture/figures/cross_panel/K10_population_means_aligned.png	192560 bytes
/home/computer/popgen/projects/ashkenazi_reference_test/results/admixture/figures/cross_panel/K10_population_sensitivity.pdf	18836 bytes
/home/computer/popgen/projects/ashkenazi_reference_test/results/admixture/figures/cross_panel/K10_population_sensitivity.png	137284 bytes
/home/computer/popgen/projects/ashkenazi_reference_test/results/admixture/figures/cross_panel/K11_population_means_aligned.pdf	27587 bytes
/home/computer/popgen/projects/ashkenazi_reference_test/results/admixture/figures/cross_panel/K11_population_means_aligned.png	192341 bytes
/home/computer/popgen/projects/ashkenazi_reference_test/results/admixture/figures/cross_panel/K11_population_sensitivity.pdf	18330 bytes
/home/computer/popgen/projects/ashkenazi_reference_test/results/admixture/figures/cross_panel/K11_population_sensitivity.png	135098 bytes
/home/computer/popgen/projects/ashkenazi_reference_test/results/admixture/figures/cross_panel/K12_population_means_aligned.pdf	28284 bytes
/home/computer/popgen/projects/ashkenazi_reference_test/results/admixture/figures/cross_panel/K12_population_means_aligned.png	193046 bytes
/home/computer/popgen/projects/ashkenazi_reference_test/results/admixture/figures/cross_panel/K12_population_sensitivity.pdf	18334 bytes
/home/computer/popgen/projects/ashkenazi_reference_test/results/admixture/figures/cross_panel/K12_population_sensitivity.png	135678 bytes
/home/computer/popgen/projects/ashkenazi_reference_test/results/admixture/figures/primary/K02_individual_consensus.pdf	34511 bytes
/home/computer/popgen/projects/ashkenazi_reference_test/results/admixture/figures/primary/K02_individual_consensus.png	135077 bytes
/home/computer/popgen/projects/ashkenazi_reference_test/results/admixture/figures/primary/K02_population_mean_consensus.pdf	18324 bytes
/home/computer/popgen/projects/ashkenazi_reference_test/results/admixture/figures/primary/K02_population_mean_consensus.png	147563 bytes
/home/computer/popgen/projects/ashkenazi_reference_test/results/admixture/figures/primary/K03_individual_consensus.pdf	44436 bytes
/home/computer/popgen/projects/ashkenazi_reference_test/results/admixture/figures/primary/K03_individual_consensus.png	137462 bytes
/home/computer/popgen/projects/ashkenazi_reference_test/results/admixture/figures/primary/K03_population_mean_consensus.pdf	19213 bytes
/home/computer/popgen/projects/ashkenazi_reference_test/results/admixture/figures/primary/K03_population_mean_consensus.png	149131 bytes
/home/computer/popgen/projects/ashkenazi_reference_test/results/admixture/figures/primary/K04_individual_consensus.pdf	54183 bytes
/home/computer/popgen/projects/ashkenazi_reference_test/results/admixture/figures/primary/K04_individual_consensus.png	138354 bytes
/home/computer/popgen/projects/ashkenazi_reference_test/results/admixture/figures/primary/K04_population_mean_consensus.pdf	19622 bytes
/home/computer/popgen/projects/ashkenazi_reference_test/results/admixture/figures/primary/K04_population_mean_consensus.png	149485 bytes
/home/computer/popgen/projects/ashkenazi_reference_test/results/admixture/figures/primary/K05_individual_consensus.pdf	65286 bytes
/home/computer/popgen/projects/ashkenazi_reference_test/results/admixture/figures/primary/K05_individual_consensus.png	142536 bytes
/home/computer/popgen/projects/ashkenazi_reference_test/results/admixture/figures/primary/K05_population_mean_consensus.pdf	20389 bytes
/home/computer/popgen/projects/ashkenazi_reference_test/results/admixture/figures/primary/K05_population_mean_consensus.png	150284 bytes
/home/computer/popgen/projects/ashkenazi_reference_test/results/admixture/figures/primary/K06_individual_consensus.pdf	74401 bytes
/home/computer/popgen/projects/ashkenazi_reference_test/results/admixture/figures/primary/K06_individual_consensus.png	142779 bytes
/home/computer/popgen/projects/ashkenazi_reference_test/results/admixture/figures/primary/K06_population_mean_consensus.pdf	20821 bytes
/home/computer/popgen/projects/ashkenazi_reference_test/results/admixture/figures/primary/K06_population_mean_consensus.png	151344 bytes
/home/computer/popgen/projects/ashkenazi_reference_test/results/admixture/figures/primary/K07_individual_consensus.pdf	84482 bytes
/home/computer/popgen/projects/ashkenazi_reference_test/results/admixture/figures/primary/K07_individual_consensus.png	143811 bytes
/home/computer/popgen/projects/ashkenazi_reference_test/results/admixture/figures/primary/K07_population_mean_consensus.pdf	21432 bytes
/home/computer/popgen/projects/ashkenazi_reference_test/results/admixture/figures/primary/K07_population_mean_consensus.png	151857 bytes
/home/computer/popgen/projects/ashkenazi_reference_test/results/admixture/figures/primary/K08_individual_consensus.pdf	94242 bytes
/home/computer/popgen/projects/ashkenazi_reference_test/results/admixture/figures/primary/K08_individual_consensus.png	147146 bytes
/home/computer/popgen/projects/ashkenazi_reference_test/results/admixture/figures/primary/K08_population_mean_consensus.pdf	21850 bytes
/home/computer/popgen/projects/ashkenazi_reference_test/results/admixture/figures/primary/K08_population_mean_consensus.png	153916 bytes
/home/computer/popgen/projects/ashkenazi_reference_test/results/admixture/figures/primary/K09_individual_consensus.pdf	104415 bytes
/home/computer/popgen/projects/ashkenazi_reference_test/results/admixture/figures/primary/K09_individual_consensus.png	148298 bytes
/home/computer/popgen/projects/ashkenazi_reference_test/results/admixture/figures/primary/K09_population_mean_consensus.pdf	22709 bytes
/home/computer/popgen/projects/ashkenazi_reference_test/results/admixture/figures/primary/K09_population_mean_consensus.png	155069 bytes
/home/computer/popgen/projects/ashkenazi_reference_test/results/admixture/figures/primary/K10_individual_consensus.pdf	113638 bytes
/home/computer/popgen/projects/ashkenazi_reference_test/results/admixture/figures/primary/K10_individual_consensus.png	148829 bytes
/home/computer/popgen/projects/ashkenazi_reference_test/results/admixture/figures/primary/K10_population_mean_consensus.pdf	23127 bytes
/home/computer/popgen/projects/ashkenazi_reference_test/results/admixture/figures/primary/K10_population_mean_consensus.png	156065 bytes
/home/computer/popgen/projects/ashkenazi_reference_test/results/admixture/figures/primary/K11_individual_consensus.pdf	121725 bytes
/home/computer/popgen/projects/ashkenazi_reference_test/results/admixture/figures/primary/K11_individual_consensus.png	152780 bytes
/home/computer/popgen/projects/ashkenazi_reference_test/results/admixture/figures/primary/K11_population_mean_consensus.pdf	23541 bytes
/home/computer/popgen/projects/ashkenazi_reference_test/results/admixture/figures/primary/K11_population_mean_consensus.png	156149 bytes
/home/computer/popgen/projects/ashkenazi_reference_test/results/admixture/figures/primary/K12_individual_consensus.pdf	132087 bytes
/home/computer/popgen/projects/ashkenazi_reference_test/results/admixture/figures/primary/K12_individual_consensus.png	152963 bytes
/home/computer/popgen/projects/ashkenazi_reference_test/results/admixture/figures/primary/K12_population_mean_consensus.pdf	23904 bytes
/home/computer/popgen/projects/ashkenazi_reference_test/results/admixture/figures/primary/K12_population_mean_consensus.png	157530 bytes
/home/computer/popgen/projects/ashkenazi_reference_test/results/admixture/figures/primary_cv_error.pdf	16473 bytes
/home/computer/popgen/projects/ashkenazi_reference_test/results/admixture/figures/primary_cv_error.png	88484 bytes
/home/computer/popgen/projects/ashkenazi_reference_test/results/admixture/figures/primary_replicate_stability.pdf	16529 bytes
/home/computer/popgen/projects/ashkenazi_reference_test/results/admixture/figures/primary_replicate_stability.png	149000 bytes
/home/computer/popgen/projects/ashkenazi_reference_test/results/admixture/figures/primary_strict_cv_error.pdf	15642 bytes
/home/computer/popgen/projects/ashkenazi_reference_test/results/admixture/figures/primary_strict_cv_error.png	95648 bytes
/home/computer/popgen/projects/ashkenazi_reference_test/results/admixture/figures/strict_pass/K02_individual_consensus.pdf	29651 bytes
/home/computer/popgen/projects/ashkenazi_reference_test/results/admixture/figures/strict_pass/K02_individual_consensus.png	137092 bytes
/home/computer/popgen/projects/ashkenazi_reference_test/results/admixture/figures/strict_pass/K02_population_mean_consensus.pdf	18327 bytes
/home/computer/popgen/projects/ashkenazi_reference_test/results/admixture/figures/strict_pass/K02_population_mean_consensus.png	147488 bytes
/home/computer/popgen/projects/ashkenazi_reference_test/results/admixture/figures/strict_pass/K03_individual_consensus.pdf	37019 bytes
/home/computer/popgen/projects/ashkenazi_reference_test/results/admixture/figures/strict_pass/K03_individual_consensus.png	138751 bytes
/home/computer/popgen/projects/ashkenazi_reference_test/results/admixture/figures/strict_pass/K03_population_mean_consensus.pdf	19215 bytes
/home/computer/popgen/projects/ashkenazi_reference_test/results/admixture/figures/strict_pass/K03_population_mean_consensus.png	149036 bytes
/home/computer/popgen/projects/ashkenazi_reference_test/results/admixture/figures/strict_pass/K04_individual_consensus.pdf	43693 bytes
/home/computer/popgen/projects/ashkenazi_reference_test/results/admixture/figures/strict_pass/K04_individual_consensus.png	140582 bytes
/home/computer/popgen/projects/ashkenazi_reference_test/results/admixture/figures/strict_pass/K04_population_mean_consensus.pdf	19619 bytes
/home/computer/popgen/projects/ashkenazi_reference_test/results/admixture/figures/strict_pass/K04_population_mean_consensus.png	149608 bytes
/home/computer/popgen/projects/ashkenazi_reference_test/results/admixture/figures/strict_pass/K05_individual_consensus.pdf	50254 bytes
/home/computer/popgen/projects/ashkenazi_reference_test/results/admixture/figures/strict_pass/K05_individual_consensus.png	142266 bytes
/home/computer/popgen/projects/ashkenazi_reference_test/results/admixture/figures/strict_pass/K05_population_mean_consensus.pdf	20400 bytes
/home/computer/popgen/projects/ashkenazi_reference_test/results/admixture/figures/strict_pass/K05_population_mean_consensus.png	150258 bytes
/home/computer/popgen/projects/ashkenazi_reference_test/results/admixture/figures/strict_pass/K06_individual_consensus.pdf	56996 bytes
/home/computer/popgen/projects/ashkenazi_reference_test/results/admixture/figures/strict_pass/K06_individual_consensus.png	142791 bytes
/home/computer/popgen/projects/ashkenazi_reference_test/results/admixture/figures/strict_pass/K06_population_mean_consensus.pdf	20809 bytes
/home/computer/popgen/projects/ashkenazi_reference_test/results/admixture/figures/strict_pass/K06_population_mean_consensus.png	151330 bytes
/home/computer/popgen/projects/ashkenazi_reference_test/results/admixture/figures/strict_pass/K07_individual_consensus.pdf	64580 bytes
/home/computer/popgen/projects/ashkenazi_reference_test/results/admixture/figures/strict_pass/K07_individual_consensus.png	144735 bytes
/home/computer/popgen/projects/ashkenazi_reference_test/results/admixture/figures/strict_pass/K07_population_mean_consensus.pdf	21456 bytes
/home/computer/popgen/projects/ashkenazi_reference_test/results/admixture/figures/strict_pass/K07_population_mean_consensus.png	151876 bytes
/home/computer/popgen/projects/ashkenazi_reference_test/results/admixture/figures/strict_pass/K08_individual_consensus.pdf	70616 bytes
/home/computer/popgen/projects/ashkenazi_reference_test/results/admixture/figures/strict_pass/K08_individual_consensus.png	146229 bytes
/home/computer/popgen/projects/ashkenazi_reference_test/results/admixture/figures/strict_pass/K08_population_mean_consensus.pdf	21839 bytes
/home/computer/popgen/projects/ashkenazi_reference_test/results/admixture/figures/strict_pass/K08_population_mean_consensus.png	153841 bytes
/home/computer/popgen/projects/ashkenazi_reference_test/results/admixture/figures/strict_pass/K09_individual_consensus.pdf	78245 bytes
/home/computer/popgen/projects/ashkenazi_reference_test/results/admixture/figures/strict_pass/K09_individual_consensus.png	149080 bytes
/home/computer/popgen/projects/ashkenazi_reference_test/results/admixture/figures/strict_pass/K09_population_mean_consensus.pdf	22685 bytes
/home/computer/popgen/projects/ashkenazi_reference_test/results/admixture/figures/strict_pass/K09_population_mean_consensus.png	155187 bytes
/home/computer/popgen/projects/ashkenazi_reference_test/results/admixture/figures/strict_pass/K10_individual_consensus.pdf	84203 bytes
/home/computer/popgen/projects/ashkenazi_reference_test/results/admixture/figures/strict_pass/K10_individual_consensus.png	149592 bytes
/home/computer/popgen/projects/ashkenazi_reference_test/results/admixture/figures/strict_pass/K10_population_mean_consensus.pdf	23109 bytes
/home/computer/popgen/projects/ashkenazi_reference_test/results/admixture/figures/strict_pass/K10_population_mean_consensus.png	156309 bytes
/home/computer/popgen/projects/ashkenazi_reference_test/results/admixture/figures/strict_pass/K11_individual_consensus.pdf	90846 bytes
/home/computer/popgen/projects/ashkenazi_reference_test/results/admixture/figures/strict_pass/K11_individual_consensus.png	150106 bytes
/home/computer/popgen/projects/ashkenazi_reference_test/results/admixture/figures/strict_pass/K11_population_mean_consensus.pdf	23526 bytes
/home/computer/popgen/projects/ashkenazi_reference_test/results/admixture/figures/strict_pass/K11_population_mean_consensus.png	155889 bytes
/home/computer/popgen/projects/ashkenazi_reference_test/results/admixture/figures/strict_pass/K12_individual_consensus.pdf	96218 bytes
/home/computer/popgen/projects/ashkenazi_reference_test/results/admixture/figures/strict_pass/K12_individual_consensus.png	152348 bytes
/home/computer/popgen/projects/ashkenazi_reference_test/results/admixture/figures/strict_pass/K12_population_mean_consensus.pdf	23911 bytes
/home/computer/popgen/projects/ashkenazi_reference_test/results/admixture/figures/strict_pass/K12_population_mean_consensus.png	157320 bytes
/home/computer/popgen/projects/ashkenazi_reference_test/results/admixture/figures/strict_pass_cv_error.pdf	16010 bytes
/home/computer/popgen/projects/ashkenazi_reference_test/results/admixture/figures/strict_pass_cv_error.png	83064 bytes
/home/computer/popgen/projects/ashkenazi_reference_test/results/admixture/figures/strict_pass_replicate_stability.pdf	16788 bytes
/home/computer/popgen/projects/ashkenazi_reference_test/results/admixture/figures/strict_pass_replicate_stability.png	154798 bytes
/home/computer/popgen/projects/ashkenazi_reference_test/results/admixture/runs/primary/K02/rep01/admixture.log	5463 bytes
/home/computer/popgen/projects/ashkenazi_reference_test/results/admixture/runs/primary/K02/rep01/admixture_attempt01_admixture_j8.log	5463 bytes
/home/computer/popgen/projects/ashkenazi_reference_test/results/admixture/runs/primary/K02/rep01/complete.json	824 bytes
/home/computer/popgen/projects/ashkenazi_reference_test/results/admixture/runs/primary/K02/rep01/dataset.2.P	1269540 bytes
/home/computer/popgen/projects/ashkenazi_reference_test/results/admixture/runs/primary/K02/rep01/dataset.2.Q	6642 bytes
/home/computer/popgen/projects/ashkenazi_reference_test/results/admixture/runs/primary/K02/rep02/admixture.log	3365 bytes
/home/computer/popgen/projects/ashkenazi_reference_test/results/admixture/runs/primary/K02/rep02/admixture_attempt01_admixture_j8.log	3365 bytes
/home/computer/popgen/projects/ashkenazi_reference_test/results/admixture/runs/primary/K02/rep02/complete.json	823 bytes
/home/computer/popgen/projects/ashkenazi_reference_test/results/admixture/runs/primary/K02/rep02/dataset.2.P	1269540 bytes
/home/computer/popgen/projects/ashkenazi_reference_test/results/admixture/runs/primary/K02/rep02/dataset.2.Q	6642 bytes
/home/computer/popgen/projects/ashkenazi_reference_test/results/admixture/runs/primary/K02/rep03/admixture.log	4656 bytes
/home/computer/popgen/projects/ashkenazi_reference_test/results/admixture/runs/primary/K02/rep03/admixture_attempt01_admixture_j8.log	4656 bytes
/home/computer/popgen/projects/ashkenazi_reference_test/results/admixture/runs/primary/K02/rep03/complete.json	823 bytes
/home/computer/popgen/projects/ashkenazi_reference_test/results/admixture/runs/primary/K02/rep03/dataset.2.P	1269540 bytes
/home/computer/popgen/projects/ashkenazi_reference_test/results/admixture/runs/primary/K02/rep03/dataset.2.Q	6642 bytes
/home/computer/popgen/projects/ashkenazi_reference_test/results/admixture/runs/primary/K02/rep04/admixture.log	4207 bytes
/home/computer/popgen/projects/ashkenazi_reference_test/results/admixture/runs/primary/K02/rep04/admixture_attempt01_admixture_j8.log	4207 bytes
/home/computer/popgen/projects/ashkenazi_reference_test/results/admixture/runs/primary/K02/rep04/complete.json	823 bytes
/home/computer/popgen/projects/ashkenazi_reference_test/results/admixture/runs/primary/K02/rep04/dataset.2.P	1269540 bytes
/home/computer/popgen/projects/ashkenazi_reference_test/results/admixture/runs/primary/K02/rep04/dataset.2.Q	6642 bytes
/home/computer/popgen/projects/ashkenazi_reference_test/results/admixture/runs/primary/K02/rep05/admixture.log	4276 bytes
/home/computer/popgen/projects/ashkenazi_reference_test/results/admixture/runs/primary/K02/rep05/admixture_attempt01_admixture_j8.log	4276 bytes
/home/computer/popgen/projects/ashkenazi_reference_test/results/admixture/runs/primary/K02/rep05/complete.json	823 bytes
/home/computer/popgen/projects/ashkenazi_reference_test/results/admixture/runs/primary/K02/rep05/dataset.2.P	1269540 bytes
/home/computer/popgen/projects/ashkenazi_reference_test/results/admixture/runs/primary/K02/rep05/dataset.2.Q	6642 bytes
/home/computer/popgen/projects/ashkenazi_reference_test/results/admixture/runs/primary/K03/rep01/admixture.log	3549 bytes
/home/computer/popgen/projects/ashkenazi_reference_test/results/admixture/runs/primary/K03/rep01/admixture_attempt01_admixture_j8.log	3549 bytes
/home/computer/popgen/projects/ashkenazi_reference_test/results/admixture/runs/primary/K03/rep01/complete.json	822 bytes
/home/computer/popgen/projects/ashkenazi_reference_test/results/admixture/runs/primary/K03/rep01/dataset.3.P	1904310 bytes
/home/computer/popgen/projects/ashkenazi_reference_test/results/admixture/runs/primary/K03/rep01/dataset.3.Q	9963 bytes
/home/computer/popgen/projects/ashkenazi_reference_test/results/admixture/runs/primary/K03/rep02/admixture.log	3775 bytes
/home/computer/popgen/projects/ashkenazi_reference_test/results/admixture/runs/primary/K03/rep02/admixture_attempt01_admixture_j8.log	3775 bytes
/home/computer/popgen/projects/ashkenazi_reference_test/results/admixture/runs/primary/K03/rep02/complete.json	824 bytes
/home/computer/popgen/projects/ashkenazi_reference_test/results/admixture/runs/primary/K03/rep02/dataset.3.P	1904310 bytes
/home/computer/popgen/projects/ashkenazi_reference_test/results/admixture/runs/primary/K03/rep02/dataset.3.Q	9963 bytes
/home/computer/popgen/projects/ashkenazi_reference_test/results/admixture/runs/primary/K03/rep03/admixture.log	3918 bytes
/home/computer/popgen/projects/ashkenazi_reference_test/results/admixture/runs/primary/K03/rep03/admixture_attempt01_admixture_j8.log	3918 bytes
/home/computer/popgen/projects/ashkenazi_reference_test/results/admixture/runs/primary/K03/rep03/complete.json	824 bytes
/home/computer/popgen/projects/ashkenazi_reference_test/results/admixture/runs/primary/K03/rep03/dataset.3.P	1904310 bytes
/home/computer/popgen/projects/ashkenazi_reference_test/results/admixture/runs/primary/K03/rep03/dataset.3.Q	9963 bytes
/home/computer/popgen/projects/ashkenazi_reference_test/results/admixture/runs/primary/K03/rep04/admixture.log	4150 bytes
/home/computer/popgen/projects/ashkenazi_reference_test/results/admixture/runs/primary/K03/rep04/admixture_attempt01_admixture_j8.log	4150 bytes
/home/computer/popgen/projects/ashkenazi_reference_test/results/admixture/runs/primary/K03/rep04/complete.json	824 bytes
/home/computer/popgen/projects/ashkenazi_reference_test/results/admixture/runs/primary/K03/rep04/dataset.3.P	1904310 bytes
/home/computer/popgen/projects/ashkenazi_reference_test/results/admixture/runs/primary/K03/rep04/dataset.3.Q	9963 bytes
/home/computer/popgen/projects/ashkenazi_reference_test/results/admixture/runs/primary/K03/rep05/admixture.log	3624 bytes
/home/computer/popgen/projects/ashkenazi_reference_test/results/admixture/runs/primary/K03/rep05/admixture_attempt01_admixture_j8.log	3624 bytes
/home/computer/popgen/projects/ashkenazi_reference_test/results/admixture/runs/primary/K03/rep05/complete.json	823 bytes
/home/computer/popgen/projects/ashkenazi_reference_test/results/admixture/runs/primary/K03/rep05/dataset.3.P	1904310 bytes
/home/computer/popgen/projects/ashkenazi_reference_test/results/admixture/runs/primary/K03/rep05/dataset.3.Q	9963 bytes
/home/computer/popgen/projects/ashkenazi_reference_test/results/admixture/runs/primary/K04/rep01/admixture.log	6123 bytes
/home/computer/popgen/projects/ashkenazi_reference_test/results/admixture/runs/primary/K04/rep01/admixture_attempt01_admixture_j8.log	6123 bytes
/home/computer/popgen/projects/ashkenazi_reference_test/results/admixture/runs/primary/K04/rep01/complete.json	823 bytes
/home/computer/popgen/projects/ashkenazi_reference_test/results/admixture/runs/primary/K04/rep01/dataset.4.P	2539080 bytes
/home/computer/popgen/projects/ashkenazi_reference_test/results/admixture/runs/primary/K04/rep01/dataset.4.Q	13284 bytes
/home/computer/popgen/projects/ashkenazi_reference_test/results/admixture/runs/primary/K04/rep02/admixture.log	6121 bytes
/home/computer/popgen/projects/ashkenazi_reference_test/results/admixture/runs/primary/K04/rep02/admixture_attempt01_admixture_j8.log	6121 bytes
/home/computer/popgen/projects/ashkenazi_reference_test/results/admixture/runs/primary/K04/rep02/complete.json	823 bytes
/home/computer/popgen/projects/ashkenazi_reference_test/results/admixture/runs/primary/K04/rep02/dataset.4.P	2539080 bytes
/home/computer/popgen/projects/ashkenazi_reference_test/results/admixture/runs/primary/K04/rep02/dataset.4.Q	13284 bytes
/home/computer/popgen/projects/ashkenazi_reference_test/results/admixture/runs/primary/K04/rep03/admixture.log	5228 bytes
/home/computer/popgen/projects/ashkenazi_reference_test/results/admixture/runs/primary/K04/rep03/admixture_attempt01_admixture_j8.log	5228 bytes
/home/computer/popgen/projects/ashkenazi_reference_test/results/admixture/runs/primary/K04/rep03/complete.json	824 bytes
/home/computer/popgen/projects/ashkenazi_reference_test/results/admixture/runs/primary/K04/rep03/dataset.4.P	2539080 bytes
/home/computer/popgen/projects/ashkenazi_reference_test/results/admixture/runs/primary/K04/rep03/dataset.4.Q	13284 bytes
/home/computer/popgen/projects/ashkenazi_reference_test/results/admixture/runs/primary/K04/rep04/admixture.log	5540 bytes
/home/computer/popgen/projects/ashkenazi_reference_test/results/admixture/runs/primary/K04/rep04/admixture_attempt01_admixture_j8.log	5540 bytes
/home/computer/popgen/projects/ashkenazi_reference_test/results/admixture/runs/primary/K04/rep04/complete.json	824 bytes
/home/computer/popgen/projects/ashkenazi_reference_test/results/admixture/runs/primary/K04/rep04/dataset.4.P	2539080 bytes
/home/computer/popgen/projects/ashkenazi_reference_test/results/admixture/runs/primary/K04/rep04/dataset.4.Q	13284 bytes
/home/computer/popgen/projects/ashkenazi_reference_test/results/admixture/runs/primary/K04/rep05/admixture.log	5066 bytes
/home/computer/popgen/projects/ashkenazi_reference_test/results/admixture/runs/primary/K04/rep05/admixture_attempt01_admixture_j8.log	5066 bytes
/home/computer/popgen/projects/ashkenazi_reference_test/results/admixture/runs/primary/K04/rep05/complete.json	824 bytes
/home/computer/popgen/projects/ashkenazi_reference_test/results/admixture/runs/primary/K04/rep05/dataset.4.P	2539080 bytes
/home/computer/popgen/projects/ashkenazi_reference_test/results/admixture/runs/primary/K04/rep05/dataset.4.Q	13284 bytes
/home/computer/popgen/projects/ashkenazi_reference_test/results/admixture/runs/primary/K05/rep01/admixture.log	5410 bytes
/home/computer/popgen/projects/ashkenazi_reference_test/results/admixture/runs/primary/K05/rep01/admixture_attempt01_admixture_j8.log	5410 bytes
/home/computer/popgen/projects/ashkenazi_reference_test/results/admixture/runs/primary/K05/rep01/complete.json	823 bytes
/home/computer/popgen/projects/ashkenazi_reference_test/results/admixture/runs/primary/K05/rep01/dataset.5.P	3173850 bytes
/home/computer/popgen/projects/ashkenazi_reference_test/results/admixture/runs/primary/K05/rep01/dataset.5.Q	16605 bytes
/home/computer/popgen/projects/ashkenazi_reference_test/results/admixture/runs/primary/K05/rep02/admixture.log	10173 bytes
/home/computer/popgen/projects/ashkenazi_reference_test/results/admixture/runs/primary/K05/rep02/admixture_attempt01_admixture_j8.log	10173 bytes
/home/computer/popgen/projects/ashkenazi_reference_test/results/admixture/runs/primary/K05/rep02/complete.json	822 bytes
/home/computer/popgen/projects/ashkenazi_reference_test/results/admixture/runs/primary/K05/rep02/dataset.5.P	3173850 bytes
/home/computer/popgen/projects/ashkenazi_reference_test/results/admixture/runs/primary/K05/rep02/dataset.5.Q	16605 bytes
/home/computer/popgen/projects/ashkenazi_reference_test/results/admixture/runs/primary/K05/rep03/admixture.log	9273 bytes
/home/computer/popgen/projects/ashkenazi_reference_test/results/admixture/runs/primary/K05/rep03/admixture_attempt01_admixture_j8.log	9273 bytes
/home/computer/popgen/projects/ashkenazi_reference_test/results/admixture/runs/primary/K05/rep03/complete.json	823 bytes
/home/computer/popgen/projects/ashkenazi_reference_test/results/admixture/runs/primary/K05/rep03/dataset.5.P	3173850 bytes
/home/computer/popgen/projects/ashkenazi_reference_test/results/admixture/runs/primary/K05/rep03/dataset.5.Q	16605 bytes
/home/computer/popgen/projects/ashkenazi_reference_test/results/admixture/runs/primary/K05/rep04/admixture.log	6899 bytes
/home/computer/popgen/projects/ashkenazi_reference_test/results/admixture/runs/primary/K05/rep04/admixture_attempt01_admixture_j8.log	6899 bytes
/home/computer/popgen/projects/ashkenazi_reference_test/results/admixture/runs/primary/K05/rep04/complete.json	824 bytes
/home/computer/popgen/projects/ashkenazi_reference_test/results/admixture/runs/primary/K05/rep04/dataset.5.P	3173850 bytes
/home/computer/popgen/projects/ashkenazi_reference_test/results/admixture/runs/primary/K05/rep04/dataset.5.Q	16605 bytes
/home/computer/popgen/projects/ashkenazi_reference_test/results/admixture/runs/primary/K05/rep05/admixture.log	6481 bytes
/home/computer/popgen/projects/ashkenazi_reference_test/results/admixture/runs/primary/K05/rep05/admixture_attempt01_admixture_j8.log	6481 bytes
/home/computer/popgen/projects/ashkenazi_reference_test/results/admixture/runs/primary/K05/rep05/complete.json	823 bytes
/home/computer/popgen/projects/ashkenazi_reference_test/results/admixture/runs/primary/K05/rep05/dataset.5.P	3173850 bytes
/home/computer/popgen/projects/ashkenazi_reference_test/results/admixture/runs/primary/K05/rep05/dataset.5.Q	16605 bytes
/home/computer/popgen/projects/ashkenazi_reference_test/results/admixture/runs/primary/K06/rep01/admixture.log	6953 bytes
/home/computer/popgen/projects/ashkenazi_reference_test/results/admixture/runs/primary/K06/rep01/admixture_attempt01_admixture_j8.log	6953 bytes
/home/computer/popgen/projects/ashkenazi_reference_test/results/admixture/runs/primary/K06/rep01/complete.json	824 bytes
/home/computer/popgen/projects/ashkenazi_reference_test/results/admixture/runs/primary/K06/rep01/dataset.6.P	3808620 bytes
/home/computer/popgen/projects/ashkenazi_reference_test/results/admixture/runs/primary/K06/rep01/dataset.6.Q	19926 bytes
/home/computer/popgen/projects/ashkenazi_reference_test/results/admixture/runs/primary/K06/rep02/admixture.log	7457 bytes
/home/computer/popgen/projects/ashkenazi_reference_test/results/admixture/runs/primary/K06/rep02/admixture_attempt01_admixture_j8.log	7457 bytes
/home/computer/popgen/projects/ashkenazi_reference_test/results/admixture/runs/primary/K06/rep02/complete.json	823 bytes
/home/computer/popgen/projects/ashkenazi_reference_test/results/admixture/runs/primary/K06/rep02/dataset.6.P	3808620 bytes
/home/computer/popgen/projects/ashkenazi_reference_test/results/admixture/runs/primary/K06/rep02/dataset.6.Q	19926 bytes
/home/computer/popgen/projects/ashkenazi_reference_test/results/admixture/runs/primary/K06/rep03/admixture.log	6649 bytes
/home/computer/popgen/projects/ashkenazi_reference_test/results/admixture/runs/primary/K06/rep03/admixture_attempt01_admixture_j8.log	6649 bytes
/home/computer/popgen/projects/ashkenazi_reference_test/results/admixture/runs/primary/K06/rep03/complete.json	824 bytes
/home/computer/popgen/projects/ashkenazi_reference_test/results/admixture/runs/primary/K06/rep03/dataset.6.P	3808620 bytes
/home/computer/popgen/projects/ashkenazi_reference_test/results/admixture/runs/primary/K06/rep03/dataset.6.Q	19926 bytes
/home/computer/popgen/projects/ashkenazi_reference_test/results/admixture/runs/primary/K06/rep04/admixture.log	5526 bytes
/home/computer/popgen/projects/ashkenazi_reference_test/results/admixture/runs/primary/K06/rep04/admixture_attempt01_admixture_j8.log	5526 bytes
/home/computer/popgen/projects/ashkenazi_reference_test/results/admixture/runs/primary/K06/rep04/complete.json	824 bytes
/home/computer/popgen/projects/ashkenazi_reference_test/results/admixture/runs/primary/K06/rep04/dataset.6.P	3808620 bytes
/home/computer/popgen/projects/ashkenazi_reference_test/results/admixture/runs/primary/K06/rep04/dataset.6.Q	19926 bytes
/home/computer/popgen/projects/ashkenazi_reference_test/results/admixture/runs/primary/K06/rep05/admixture.log	5913 bytes
/home/computer/popgen/projects/ashkenazi_reference_test/results/admixture/runs/primary/K06/rep05/admixture_attempt01_admixture_j8.log	5913 bytes
/home/computer/popgen/projects/ashkenazi_reference_test/results/admixture/runs/primary/K06/rep05/complete.json	824 bytes
/home/computer/popgen/projects/ashkenazi_reference_test/results/admixture/runs/primary/K06/rep05/dataset.6.P	3808620 bytes
/home/computer/popgen/projects/ashkenazi_reference_test/results/admixture/runs/primary/K06/rep05/dataset.6.Q	19926 bytes
/home/computer/popgen/projects/ashkenazi_reference_test/results/admixture/runs/primary/K07/rep01/admixture.log	11241 bytes
/home/computer/popgen/projects/ashkenazi_reference_test/results/admixture/runs/primary/K07/rep01/admixture_attempt01_admixture_j8.log	11241 bytes
/home/computer/popgen/projects/ashkenazi_reference_test/results/admixture/runs/primary/K07/rep01/complete.json	823 bytes
/home/computer/popgen/projects/ashkenazi_reference_test/results/admixture/runs/primary/K07/rep01/dataset.7.P	4443390 bytes
/home/computer/popgen/projects/ashkenazi_reference_test/results/admixture/runs/primary/K07/rep01/dataset.7.Q	23247 bytes
/home/computer/popgen/projects/ashkenazi_reference_test/results/admixture/runs/primary/K07/rep02/admixture.log	5804 bytes
/home/computer/popgen/projects/ashkenazi_reference_test/results/admixture/runs/primary/K07/rep02/admixture_attempt01_admixture_j8.log	5804 bytes
/home/computer/popgen/projects/ashkenazi_reference_test/results/admixture/runs/primary/K07/rep02/complete.json	824 bytes
/home/computer/popgen/projects/ashkenazi_reference_test/results/admixture/runs/primary/K07/rep02/dataset.7.P	4443390 bytes
/home/computer/popgen/projects/ashkenazi_reference_test/results/admixture/runs/primary/K07/rep02/dataset.7.Q	23247 bytes
/home/computer/popgen/projects/ashkenazi_reference_test/results/admixture/runs/primary/K07/rep03/admixture.log	6173 bytes
/home/computer/popgen/projects/ashkenazi_reference_test/results/admixture/runs/primary/K07/rep03/admixture_attempt01_admixture_j8.log	6173 bytes
/home/computer/popgen/projects/ashkenazi_reference_test/results/admixture/runs/primary/K07/rep03/complete.json	824 bytes
/home/computer/popgen/projects/ashkenazi_reference_test/results/admixture/runs/primary/K07/rep03/dataset.7.P	4443390 bytes
/home/computer/popgen/projects/ashkenazi_reference_test/results/admixture/runs/primary/K07/rep03/dataset.7.Q	23247 bytes
/home/computer/popgen/projects/ashkenazi_reference_test/results/admixture/runs/primary/K07/rep04/admixture.log	8258 bytes
/home/computer/popgen/projects/ashkenazi_reference_test/results/admixture/runs/primary/K07/rep04/admixture_attempt01_admixture_j8.log	8258 bytes
/home/computer/popgen/projects/ashkenazi_reference_test/results/admixture/runs/primary/K07/rep04/complete.json	824 bytes
/home/computer/popgen/projects/ashkenazi_reference_test/results/admixture/runs/primary/K07/rep04/dataset.7.P	4443390 bytes
/home/computer/popgen/projects/ashkenazi_reference_test/results/admixture/runs/primary/K07/rep04/dataset.7.Q	23247 bytes
/home/computer/popgen/projects/ashkenazi_reference_test/results/admixture/runs/primary/K07/rep05/admixture.log	4757 bytes
/home/computer/popgen/projects/ashkenazi_reference_test/results/admixture/runs/primary/K07/rep05/admixture_attempt01_admixture_j8.log	4757 bytes
/home/computer/popgen/projects/ashkenazi_reference_test/results/admixture/runs/primary/K07/rep05/complete.json	824 bytes
/home/computer/popgen/projects/ashkenazi_reference_test/results/admixture/runs/primary/K07/rep05/dataset.7.P	4443390 bytes
/home/computer/popgen/projects/ashkenazi_reference_test/results/admixture/runs/primary/K07/rep05/dataset.7.Q	23247 bytes
/home/computer/popgen/projects/ashkenazi_reference_test/results/admixture/runs/primary/K08/rep01/admixture.log	8251 bytes
/home/computer/popgen/projects/ashkenazi_reference_test/results/admixture/runs/primary/K08/rep01/admixture_attempt01_admixture_j8.log	8251 bytes
/home/computer/popgen/projects/ashkenazi_reference_test/results/admixture/runs/primary/K08/rep01/complete.json	824 bytes
/home/computer/popgen/projects/ashkenazi_reference_test/results/admixture/runs/primary/K08/rep01/dataset.8.P	5078160 bytes
/home/computer/popgen/projects/ashkenazi_reference_test/results/admixture/runs/primary/K08/rep01/dataset.8.Q	26568 bytes
/home/computer/popgen/projects/ashkenazi_reference_test/results/admixture/runs/primary/K08/rep02/admixture.log	7231 bytes
/home/computer/popgen/projects/ashkenazi_reference_test/results/admixture/runs/primary/K08/rep02/admixture_attempt01_admixture_j8.log	7231 bytes
/home/computer/popgen/projects/ashkenazi_reference_test/results/admixture/runs/primary/K08/rep02/complete.json	823 bytes
/home/computer/popgen/projects/ashkenazi_reference_test/results/admixture/runs/primary/K08/rep02/dataset.8.P	5078160 bytes
/home/computer/popgen/projects/ashkenazi_reference_test/results/admixture/runs/primary/K08/rep02/dataset.8.Q	26568 bytes
/home/computer/popgen/projects/ashkenazi_reference_test/results/admixture/runs/primary/K08/rep03/admixture.log	7824 bytes
/home/computer/popgen/projects/ashkenazi_reference_test/results/admixture/runs/primary/K08/rep03/admixture_attempt01_admixture_j8.log	7824 bytes
/home/computer/popgen/projects/ashkenazi_reference_test/results/admixture/runs/primary/K08/rep03/complete.json	822 bytes
/home/computer/popgen/projects/ashkenazi_reference_test/results/admixture/runs/primary/K08/rep03/dataset.8.P	5078160 bytes
/home/computer/popgen/projects/ashkenazi_reference_test/results/admixture/runs/primary/K08/rep03/dataset.8.Q	26568 bytes
/home/computer/popgen/projects/ashkenazi_reference_test/results/admixture/runs/primary/K08/rep04/admixture.log	6006 bytes
/home/computer/popgen/projects/ashkenazi_reference_test/results/admixture/runs/primary/K08/rep04/admixture_attempt01_admixture_j8.log	6006 bytes
/home/computer/popgen/projects/ashkenazi_reference_test/results/admixture/runs/primary/K08/rep04/complete.json	823 bytes
/home/computer/popgen/projects/ashkenazi_reference_test/results/admixture/runs/primary/K08/rep04/dataset.8.P	5078160 bytes
/home/computer/popgen/projects/ashkenazi_reference_test/results/admixture/runs/primary/K08/rep04/dataset.8.Q	26568 bytes
/home/computer/popgen/projects/ashkenazi_reference_test/results/admixture/runs/primary/K08/rep05/admixture.log	6896 bytes
/home/computer/popgen/projects/ashkenazi_reference_test/results/admixture/runs/primary/K08/rep05/admixture_attempt01_admixture_j8.log	6896 bytes
/home/computer/popgen/projects/ashkenazi_reference_test/results/admixture/runs/primary/K08/rep05/complete.json	823 bytes
/home/computer/popgen/projects/ashkenazi_reference_test/results/admixture/runs/primary/K08/rep05/dataset.8.P	5078160 bytes
/home/computer/popgen/projects/ashkenazi_reference_test/results/admixture/runs/primary/K08/rep05/dataset.8.Q	26568 bytes
/home/computer/popgen/projects/ashkenazi_reference_test/results/admixture/runs/primary/K09/rep01/admixture.log	7123 bytes
/home/computer/popgen/projects/ashkenazi_reference_test/results/admixture/runs/primary/K09/rep01/admixture_attempt01_admixture_j8.log	7123 bytes
/home/computer/popgen/projects/ashkenazi_reference_test/results/admixture/runs/primary/K09/rep01/complete.json	823 bytes
/home/computer/popgen/projects/ashkenazi_reference_test/results/admixture/runs/primary/K09/rep01/dataset.9.P	5712930 bytes
/home/computer/popgen/projects/ashkenazi_reference_test/results/admixture/runs/primary/K09/rep01/dataset.9.Q	29889 bytes
/home/computer/popgen/projects/ashkenazi_reference_test/results/admixture/runs/primary/K09/rep02/admixture.log	4944 bytes
/home/computer/popgen/projects/ashkenazi_reference_test/results/admixture/runs/primary/K09/rep02/admixture_attempt01_admixture_j8.log	4944 bytes
/home/computer/popgen/projects/ashkenazi_reference_test/results/admixture/runs/primary/K09/rep02/complete.json	822 bytes
/home/computer/popgen/projects/ashkenazi_reference_test/results/admixture/runs/primary/K09/rep02/dataset.9.P	5712930 bytes
/home/computer/popgen/projects/ashkenazi_reference_test/results/admixture/runs/primary/K09/rep02/dataset.9.Q	29889 bytes
/home/computer/popgen/projects/ashkenazi_reference_test/results/admixture/runs/primary/K09/rep03/admixture.log	7656 bytes
/home/computer/popgen/projects/ashkenazi_reference_test/results/admixture/runs/primary/K09/rep03/admixture_attempt01_admixture_j8.log	7656 bytes
/home/computer/popgen/projects/ashkenazi_reference_test/results/admixture/runs/primary/K09/rep03/complete.json	823 bytes
/home/computer/popgen/projects/ashkenazi_reference_test/results/admixture/runs/primary/K09/rep03/dataset.9.P	5712930 bytes
/home/computer/popgen/projects/ashkenazi_reference_test/results/admixture/runs/primary/K09/rep03/dataset.9.Q	29889 bytes
/home/computer/popgen/projects/ashkenazi_reference_test/results/admixture/runs/primary/K09/rep04/admixture.log	5071 bytes
/home/computer/popgen/projects/ashkenazi_reference_test/results/admixture/runs/primary/K09/rep04/admixture_attempt01_admixture_j8.log	5071 bytes
/home/computer/popgen/projects/ashkenazi_reference_test/results/admixture/runs/primary/K09/rep04/complete.json	823 bytes
/home/computer/popgen/projects/ashkenazi_reference_test/results/admixture/runs/primary/K09/rep04/dataset.9.P	5712930 bytes
/home/computer/popgen/projects/ashkenazi_reference_test/results/admixture/runs/primary/K09/rep04/dataset.9.Q	29889 bytes
/home/computer/popgen/projects/ashkenazi_reference_test/results/admixture/runs/primary/K09/rep05/admixture.log	5233 bytes
/home/computer/popgen/projects/ashkenazi_reference_test/results/admixture/runs/primary/K09/rep05/admixture_attempt01_admixture_j8.log	5233 bytes
/home/computer/popgen/projects/ashkenazi_reference_test/results/admixture/runs/primary/K09/rep05/complete.json	823 bytes
/home/computer/popgen/projects/ashkenazi_reference_test/results/admixture/runs/primary/K09/rep05/dataset.9.P	5712930 bytes
/home/computer/popgen/projects/ashkenazi_reference_test/results/admixture/runs/primary/K09/rep05/dataset.9.Q	29889 bytes
/home/computer/popgen/projects/ashkenazi_reference_test/results/admixture/runs/primary/K10/rep01/admixture.log	6143 bytes
/home/computer/popgen/projects/ashkenazi_reference_test/results/admixture/runs/primary/K10/rep01/admixture_attempt01_admixture_j8.log	6143 bytes
/home/computer/popgen/projects/ashkenazi_reference_test/results/admixture/runs/primary/K10/rep01/complete.json	826 bytes
/home/computer/popgen/projects/ashkenazi_reference_test/results/admixture/runs/primary/K10/rep01/dataset.10.P	6347700 bytes
/home/computer/popgen/projects/ashkenazi_reference_test/results/admixture/runs/primary/K10/rep01/dataset.10.Q	33210 bytes
/home/computer/popgen/projects/ashkenazi_reference_test/results/admixture/runs/primary/K10/rep02/admixture.log	7295 bytes
/home/computer/popgen/projects/ashkenazi_reference_test/results/admixture/runs/primary/K10/rep02/admixture_attempt01_admixture_j8.log	7295 bytes
/home/computer/popgen/projects/ashkenazi_reference_test/results/admixture/runs/primary/K10/rep02/complete.json	826 bytes
/home/computer/popgen/projects/ashkenazi_reference_test/results/admixture/runs/primary/K10/rep02/dataset.10.P	6347700 bytes
/home/computer/popgen/projects/ashkenazi_reference_test/results/admixture/runs/primary/K10/rep02/dataset.10.Q	33210 bytes
/home/computer/popgen/projects/ashkenazi_reference_test/results/admixture/runs/primary/K10/rep03/admixture.log	8035 bytes
/home/computer/popgen/projects/ashkenazi_reference_test/results/admixture/runs/primary/K10/rep03/admixture_attempt01_admixture_j8.log	8035 bytes
/home/computer/popgen/projects/ashkenazi_reference_test/results/admixture/runs/primary/K10/rep03/complete.json	825 bytes
/home/computer/popgen/projects/ashkenazi_reference_test/results/admixture/runs/primary/K10/rep03/dataset.10.P	6347700 bytes
/home/computer/popgen/projects/ashkenazi_reference_test/results/admixture/runs/primary/K10/rep03/dataset.10.Q	33210 bytes
/home/computer/popgen/projects/ashkenazi_reference_test/results/admixture/runs/primary/K10/rep04/admixture.log	5303 bytes
/home/computer/popgen/projects/ashkenazi_reference_test/results/admixture/runs/primary/K10/rep04/admixture_attempt01_admixture_j8.log	5303 bytes
/home/computer/popgen/projects/ashkenazi_reference_test/results/admixture/runs/primary/K10/rep04/complete.json	825 bytes
/home/computer/popgen/projects/ashkenazi_reference_test/results/admixture/runs/primary/K10/rep04/dataset.10.P	6347700 bytes
/home/computer/popgen/projects/ashkenazi_reference_test/results/admixture/runs/primary/K10/rep04/dataset.10.Q	33210 bytes
/home/computer/popgen/projects/ashkenazi_reference_test/results/admixture/runs/primary/K10/rep05/admixture.log	7188 bytes
/home/computer/popgen/projects/ashkenazi_reference_test/results/admixture/runs/primary/K10/rep05/admixture_attempt01_admixture_j8.log	7188 bytes
/home/computer/popgen/projects/ashkenazi_reference_test/results/admixture/runs/primary/K10/rep05/complete.json	826 bytes
/home/computer/popgen/projects/ashkenazi_reference_test/results/admixture/runs/primary/K10/rep05/dataset.10.P	6347700 bytes
/home/computer/popgen/projects/ashkenazi_reference_test/results/admixture/runs/primary/K10/rep05/dataset.10.Q	33210 bytes
/home/computer/popgen/projects/ashkenazi_reference_test/results/admixture/runs/primary/K11/rep01/admixture.log	7115 bytes
/home/computer/popgen/projects/ashkenazi_reference_test/results/admixture/runs/primary/K11/rep01/admixture_attempt01_admixture_j8.log	7115 bytes
/home/computer/popgen/projects/ashkenazi_reference_test/results/admixture/runs/primary/K11/rep01/complete.json	825 bytes
/home/computer/popgen/projects/ashkenazi_reference_test/results/admixture/runs/primary/K11/rep01/dataset.11.P	6982470 bytes
/home/computer/popgen/projects/ashkenazi_reference_test/results/admixture/runs/primary/K11/rep01/dataset.11.Q	36531 bytes
/home/computer/popgen/projects/ashkenazi_reference_test/results/admixture/runs/primary/K11/rep02/admixture.log	14599 bytes
/home/computer/popgen/projects/ashkenazi_reference_test/results/admixture/runs/primary/K11/rep02/admixture_attempt01_admixture_j8.log	14599 bytes
/home/computer/popgen/projects/ashkenazi_reference_test/results/admixture/runs/primary/K11/rep02/complete.json	826 bytes
/home/computer/popgen/projects/ashkenazi_reference_test/results/admixture/runs/primary/K11/rep02/dataset.11.P	6982470 bytes
/home/computer/popgen/projects/ashkenazi_reference_test/results/admixture/runs/primary/K11/rep02/dataset.11.Q	36531 bytes
/home/computer/popgen/projects/ashkenazi_reference_test/results/admixture/runs/primary/K11/rep03/admixture.log	7041 bytes
/home/computer/popgen/projects/ashkenazi_reference_test/results/admixture/runs/primary/K11/rep03/admixture_attempt01_admixture_j8.log	7041 bytes
/home/computer/popgen/projects/ashkenazi_reference_test/results/admixture/runs/primary/K11/rep03/complete.json	825 bytes
/home/computer/popgen/projects/ashkenazi_reference_test/results/admixture/runs/primary/K11/rep03/dataset.11.P	6982470 bytes
/home/computer/popgen/projects/ashkenazi_reference_test/results/admixture/runs/primary/K11/rep03/dataset.11.Q	36531 bytes
/home/computer/popgen/projects/ashkenazi_reference_test/results/admixture/runs/primary/K11/rep04/admixture.log	9139 bytes
/home/computer/popgen/projects/ashkenazi_reference_test/results/admixture/runs/primary/K11/rep04/admixture_attempt01_admixture_j8.log	9139 bytes
/home/computer/popgen/projects/ashkenazi_reference_test/results/admixture/runs/primary/K11/rep04/complete.json	825 bytes
/home/computer/popgen/projects/ashkenazi_reference_test/results/admixture/runs/primary/K11/rep04/dataset.11.P	6982470 bytes
/home/computer/popgen/projects/ashkenazi_reference_test/results/admixture/runs/primary/K11/rep04/dataset.11.Q	36531 bytes
/home/computer/popgen/projects/ashkenazi_reference_test/results/admixture/runs/primary/K11/rep05/admixture.log	11612 bytes
/home/computer/popgen/projects/ashkenazi_reference_test/results/admixture/runs/primary/K11/rep05/admixture_attempt01_admixture_j8.log	11612 bytes
/home/computer/popgen/projects/ashkenazi_reference_test/results/admixture/runs/primary/K11/rep05/complete.json	825 bytes
/home/computer/popgen/projects/ashkenazi_reference_test/results/admixture/runs/primary/K11/rep05/dataset.11.P	6982470 bytes
/home/computer/popgen/projects/ashkenazi_reference_test/results/admixture/runs/primary/K11/rep05/dataset.11.Q	36531 bytes
/home/computer/popgen/projects/ashkenazi_reference_test/results/admixture/runs/primary/K12/rep01/admixture.log	14392 bytes
/home/computer/popgen/projects/ashkenazi_reference_test/results/admixture/runs/primary/K12/rep01/admixture_attempt01_admixture_j8.log	14392 bytes
/home/computer/popgen/projects/ashkenazi_reference_test/results/admixture/runs/primary/K12/rep01/complete.json	826 bytes
/home/computer/popgen/projects/ashkenazi_reference_test/results/admixture/runs/primary/K12/rep01/dataset.12.P	7617240 bytes
/home/computer/popgen/projects/ashkenazi_reference_test/results/admixture/runs/primary/K12/rep01/dataset.12.Q	39852 bytes
/home/computer/popgen/projects/ashkenazi_reference_test/results/admixture/runs/primary/K12/rep02/admixture.log	8399 bytes
/home/computer/popgen/projects/ashkenazi_reference_test/results/admixture/runs/primary/K12/rep02/admixture_attempt01_admixture_j8.log	8399 bytes
/home/computer/popgen/projects/ashkenazi_reference_test/results/admixture/runs/primary/K12/rep02/complete.json	824 bytes
/home/computer/popgen/projects/ashkenazi_reference_test/results/admixture/runs/primary/K12/rep02/dataset.12.P	7617240 bytes
/home/computer/popgen/projects/ashkenazi_reference_test/results/admixture/runs/primary/K12/rep02/dataset.12.Q	39852 bytes
/home/computer/popgen/projects/ashkenazi_reference_test/results/admixture/runs/primary/K12/rep03/admixture.log	13359 bytes
/home/computer/popgen/projects/ashkenazi_reference_test/results/admixture/runs/primary/K12/rep03/admixture_attempt01_admixture_j8.log	13359 bytes
/home/computer/popgen/projects/ashkenazi_reference_test/results/admixture/runs/primary/K12/rep03/complete.json	826 bytes
/home/computer/popgen/projects/ashkenazi_reference_test/results/admixture/runs/primary/K12/rep03/dataset.12.P	7617240 bytes
/home/computer/popgen/projects/ashkenazi_reference_test/results/admixture/runs/primary/K12/rep03/dataset.12.Q	39852 bytes
/home/computer/popgen/projects/ashkenazi_reference_test/results/admixture/runs/primary/K12/rep04/admixture.log	8739 bytes
/home/computer/popgen/projects/ashkenazi_reference_test/results/admixture/runs/primary/K12/rep04/admixture_attempt01_admixture_j8.log	8739 bytes
/home/computer/popgen/projects/ashkenazi_reference_test/results/admixture/runs/primary/K12/rep04/complete.json	824 bytes
/home/computer/popgen/projects/ashkenazi_reference_test/results/admixture/runs/primary/K12/rep04/dataset.12.P	7617240 bytes
/home/computer/popgen/projects/ashkenazi_reference_test/results/admixture/runs/primary/K12/rep04/dataset.12.Q	39852 bytes
/home/computer/popgen/projects/ashkenazi_reference_test/results/admixture/runs/primary/K12/rep05/admixture.log	7989 bytes
/home/computer/popgen/projects/ashkenazi_reference_test/results/admixture/runs/primary/K12/rep05/admixture_attempt01_admixture_j8.log	7989 bytes
/home/computer/popgen/projects/ashkenazi_reference_test/results/admixture/runs/primary/K12/rep05/complete.json	825 bytes
/home/computer/popgen/projects/ashkenazi_reference_test/results/admixture/runs/primary/K12/rep05/dataset.12.P	7617240 bytes
/home/computer/popgen/projects/ashkenazi_reference_test/results/admixture/runs/primary/K12/rep05/dataset.12.Q	39852 bytes
/home/computer/popgen/projects/ashkenazi_reference_test/results/admixture/runs/strict_pass/K02/rep01/admixture.log	3069 bytes
/home/computer/popgen/projects/ashkenazi_reference_test/results/admixture/runs/strict_pass/K02/rep01/admixture_attempt01_admixture_j8.log	3069 bytes
/home/computer/popgen/projects/ashkenazi_reference_test/results/admixture/runs/strict_pass/K02/rep01/complete.json	828 bytes
/home/computer/popgen/projects/ashkenazi_reference_test/results/admixture/runs/strict_pass/K02/rep01/dataset.2.P	1269540 bytes
/home/computer/popgen/projects/ashkenazi_reference_test/results/admixture/runs/strict_pass/K02/rep01/dataset.2.Q	4446 bytes
/home/computer/popgen/projects/ashkenazi_reference_test/results/admixture/runs/strict_pass/K02/rep02/admixture.log	3076 bytes
/home/computer/popgen/projects/ashkenazi_reference_test/results/admixture/runs/strict_pass/K02/rep02/admixture_attempt01_admixture_j8.log	3076 bytes
/home/computer/popgen/projects/ashkenazi_reference_test/results/admixture/runs/strict_pass/K02/rep02/complete.json	827 bytes
/home/computer/popgen/projects/ashkenazi_reference_test/results/admixture/runs/strict_pass/K02/rep02/dataset.2.P	1269540 bytes
/home/computer/popgen/projects/ashkenazi_reference_test/results/admixture/runs/strict_pass/K02/rep02/dataset.2.Q	4446 bytes
/home/computer/popgen/projects/ashkenazi_reference_test/results/admixture/runs/strict_pass/K02/rep03/admixture.log	3145 bytes
/home/computer/popgen/projects/ashkenazi_reference_test/results/admixture/runs/strict_pass/K02/rep03/admixture_attempt01_admixture_j8.log	3145 bytes
/home/computer/popgen/projects/ashkenazi_reference_test/results/admixture/runs/strict_pass/K02/rep03/complete.json	827 bytes
/home/computer/popgen/projects/ashkenazi_reference_test/results/admixture/runs/strict_pass/K02/rep03/dataset.2.P	1269540 bytes
/home/computer/popgen/projects/ashkenazi_reference_test/results/admixture/runs/strict_pass/K02/rep03/dataset.2.Q	4446 bytes
/home/computer/popgen/projects/ashkenazi_reference_test/results/admixture/runs/strict_pass/K02/rep04/admixture.log	3076 bytes
/home/computer/popgen/projects/ashkenazi_reference_test/results/admixture/runs/strict_pass/K02/rep04/admixture_attempt01_admixture_j8.log	3076 bytes
/home/computer/popgen/projects/ashkenazi_reference_test/results/admixture/runs/strict_pass/K02/rep04/complete.json	827 bytes
/home/computer/popgen/projects/ashkenazi_reference_test/results/admixture/runs/strict_pass/K02/rep04/dataset.2.P	1269540 bytes
/home/computer/popgen/projects/ashkenazi_reference_test/results/admixture/runs/strict_pass/K02/rep04/dataset.2.Q	4446 bytes
/home/computer/popgen/projects/ashkenazi_reference_test/results/admixture/runs/strict_pass/K02/rep05/admixture.log	3295 bytes
/home/computer/popgen/projects/ashkenazi_reference_test/results/admixture/runs/strict_pass/K02/rep05/admixture_attempt01_admixture_j8.log	3295 bytes
/home/computer/popgen/projects/ashkenazi_reference_test/results/admixture/runs/strict_pass/K02/rep05/complete.json	827 bytes
/home/computer/popgen/projects/ashkenazi_reference_test/results/admixture/runs/strict_pass/K02/rep05/dataset.2.P	1269540 bytes
/home/computer/popgen/projects/ashkenazi_reference_test/results/admixture/runs/strict_pass/K02/rep05/dataset.2.Q	4446 bytes
/home/computer/popgen/projects/ashkenazi_reference_test/results/admixture/runs/strict_pass/K03/rep01/admixture.log	3923 bytes
/home/computer/popgen/projects/ashkenazi_reference_test/results/admixture/runs/strict_pass/K03/rep01/admixture_attempt01_admixture_j8.log	3923 bytes
/home/computer/popgen/projects/ashkenazi_reference_test/results/admixture/runs/strict_pass/K03/rep01/complete.json	826 bytes
/home/computer/popgen/projects/ashkenazi_reference_test/results/admixture/runs/strict_pass/K03/rep01/dataset.3.P	1904310 bytes
/home/computer/popgen/projects/ashkenazi_reference_test/results/admixture/runs/strict_pass/K03/rep01/dataset.3.Q	6669 bytes
/home/computer/popgen/projects/ashkenazi_reference_test/results/admixture/runs/strict_pass/K03/rep02/admixture.log	3694 bytes
/home/computer/popgen/projects/ashkenazi_reference_test/results/admixture/runs/strict_pass/K03/rep02/admixture_attempt01_admixture_j8.log	3694 bytes
/home/computer/popgen/projects/ashkenazi_reference_test/results/admixture/runs/strict_pass/K03/rep02/complete.json	827 bytes
/home/computer/popgen/projects/ashkenazi_reference_test/results/admixture/runs/strict_pass/K03/rep02/dataset.3.P	1904310 bytes
/home/computer/popgen/projects/ashkenazi_reference_test/results/admixture/runs/strict_pass/K03/rep02/dataset.3.Q	6669 bytes
/home/computer/popgen/projects/ashkenazi_reference_test/results/admixture/runs/strict_pass/K03/rep03/admixture.log	3993 bytes
/home/computer/popgen/projects/ashkenazi_reference_test/results/admixture/runs/strict_pass/K03/rep03/admixture_attempt01_admixture_j8.log	3993 bytes
/home/computer/popgen/projects/ashkenazi_reference_test/results/admixture/runs/strict_pass/K03/rep03/complete.json	827 bytes
/home/computer/popgen/projects/ashkenazi_reference_test/results/admixture/runs/strict_pass/K03/rep03/dataset.3.P	1904310 bytes
/home/computer/popgen/projects/ashkenazi_reference_test/results/admixture/runs/strict_pass/K03/rep03/dataset.3.Q	6669 bytes
/home/computer/popgen/projects/ashkenazi_reference_test/results/admixture/runs/strict_pass/K03/rep04/admixture.log	3754 bytes
/home/computer/popgen/projects/ashkenazi_reference_test/results/admixture/runs/strict_pass/K03/rep04/admixture_attempt01_admixture_j8.log	3754 bytes
/home/computer/popgen/projects/ashkenazi_reference_test/results/admixture/runs/strict_pass/K03/rep04/complete.json	828 bytes
/home/computer/popgen/projects/ashkenazi_reference_test/results/admixture/runs/strict_pass/K03/rep04/dataset.3.P	1904310 bytes
/home/computer/popgen/projects/ashkenazi_reference_test/results/admixture/runs/strict_pass/K03/rep04/dataset.3.Q	6669 bytes
/home/computer/popgen/projects/ashkenazi_reference_test/results/admixture/runs/strict_pass/K03/rep05/admixture.log	4375 bytes
/home/computer/popgen/projects/ashkenazi_reference_test/results/admixture/runs/strict_pass/K03/rep05/admixture_attempt01_admixture_j8.log	4375 bytes
/home/computer/popgen/projects/ashkenazi_reference_test/results/admixture/runs/strict_pass/K03/rep05/complete.json	827 bytes
/home/computer/popgen/projects/ashkenazi_reference_test/results/admixture/runs/strict_pass/K03/rep05/dataset.3.P	1904310 bytes
/home/computer/popgen/projects/ashkenazi_reference_test/results/admixture/runs/strict_pass/K03/rep05/dataset.3.Q	6669 bytes
/home/computer/popgen/projects/ashkenazi_reference_test/results/admixture/runs/strict_pass/K04/rep01/admixture.log	5686 bytes
/home/computer/popgen/projects/ashkenazi_reference_test/results/admixture/runs/strict_pass/K04/rep01/admixture_attempt01_admixture_j8.log	5686 bytes
/home/computer/popgen/projects/ashkenazi_reference_test/results/admixture/runs/strict_pass/K04/rep01/complete.json	827 bytes
/home/computer/popgen/projects/ashkenazi_reference_test/results/admixture/runs/strict_pass/K04/rep01/dataset.4.P	2539080 bytes
/home/computer/popgen/projects/ashkenazi_reference_test/results/admixture/runs/strict_pass/K04/rep01/dataset.4.Q	8892 bytes
/home/computer/popgen/projects/ashkenazi_reference_test/results/admixture/runs/strict_pass/K04/rep02/admixture.log	5299 bytes
/home/computer/popgen/projects/ashkenazi_reference_test/results/admixture/runs/strict_pass/K04/rep02/admixture_attempt01_admixture_j8.log	5299 bytes
/home/computer/popgen/projects/ashkenazi_reference_test/results/admixture/runs/strict_pass/K04/rep02/complete.json	827 bytes
/home/computer/popgen/projects/ashkenazi_reference_test/results/admixture/runs/strict_pass/K04/rep02/dataset.4.P	2539080 bytes
/home/computer/popgen/projects/ashkenazi_reference_test/results/admixture/runs/strict_pass/K04/rep02/dataset.4.Q	8892 bytes
/home/computer/popgen/projects/ashkenazi_reference_test/results/admixture/runs/strict_pass/K04/rep03/admixture.log	7191 bytes
/home/computer/popgen/projects/ashkenazi_reference_test/results/admixture/runs/strict_pass/K04/rep03/admixture_attempt01_admixture_j8.log	7191 bytes
/home/computer/popgen/projects/ashkenazi_reference_test/results/admixture/runs/strict_pass/K04/rep03/complete.json	827 bytes
/home/computer/popgen/projects/ashkenazi_reference_test/results/admixture/runs/strict_pass/K04/rep03/dataset.4.P	2539080 bytes
/home/computer/popgen/projects/ashkenazi_reference_test/results/admixture/runs/strict_pass/K04/rep03/dataset.4.Q	8892 bytes
/home/computer/popgen/projects/ashkenazi_reference_test/results/admixture/runs/strict_pass/K04/rep04/admixture.log	4551 bytes
/home/computer/popgen/projects/ashkenazi_reference_test/results/admixture/runs/strict_pass/K04/rep04/admixture_attempt01_admixture_j8.log	4551 bytes
/home/computer/popgen/projects/ashkenazi_reference_test/results/admixture/runs/strict_pass/K04/rep04/complete.json	826 bytes
/home/computer/popgen/projects/ashkenazi_reference_test/results/admixture/runs/strict_pass/K04/rep04/dataset.4.P	2539080 bytes
/home/computer/popgen/projects/ashkenazi_reference_test/results/admixture/runs/strict_pass/K04/rep04/dataset.4.Q	8892 bytes
/home/computer/popgen/projects/ashkenazi_reference_test/results/admixture/runs/strict_pass/K04/rep05/admixture.log	5987 bytes
/home/computer/popgen/projects/ashkenazi_reference_test/results/admixture/runs/strict_pass/K04/rep05/admixture_attempt01_admixture_j8.log	5987 bytes
/home/computer/popgen/projects/ashkenazi_reference_test/results/admixture/runs/strict_pass/K04/rep05/complete.json	827 bytes
/home/computer/popgen/projects/ashkenazi_reference_test/results/admixture/runs/strict_pass/K04/rep05/dataset.4.P	2539080 bytes
/home/computer/popgen/projects/ashkenazi_reference_test/results/admixture/runs/strict_pass/K04/rep05/dataset.4.Q	8892 bytes
/home/computer/popgen/projects/ashkenazi_reference_test/results/admixture/runs/strict_pass/K05/rep01/admixture.log	5846 bytes
/home/computer/popgen/projects/ashkenazi_reference_test/results/admixture/runs/strict_pass/K05/rep01/admixture_attempt01_admixture_j8.log	5846 bytes
/home/computer/popgen/projects/ashkenazi_reference_test/results/admixture/runs/strict_pass/K05/rep01/complete.json	826 bytes
/home/computer/popgen/projects/ashkenazi_reference_test/results/admixture/runs/strict_pass/K05/rep01/dataset.5.P	3173850 bytes
/home/computer/popgen/projects/ashkenazi_reference_test/results/admixture/runs/strict_pass/K05/rep01/dataset.5.Q	11115 bytes
/home/computer/popgen/projects/ashkenazi_reference_test/results/admixture/runs/strict_pass/K05/rep02/admixture.log	5773 bytes
/home/computer/popgen/projects/ashkenazi_reference_test/results/admixture/runs/strict_pass/K05/rep02/admixture_attempt01_admixture_j8.log	5773 bytes
/home/computer/popgen/projects/ashkenazi_reference_test/results/admixture/runs/strict_pass/K05/rep02/complete.json	828 bytes
/home/computer/popgen/projects/ashkenazi_reference_test/results/admixture/runs/strict_pass/K05/rep02/dataset.5.P	3173850 bytes
/home/computer/popgen/projects/ashkenazi_reference_test/results/admixture/runs/strict_pass/K05/rep02/dataset.5.Q	11115 bytes
/home/computer/popgen/projects/ashkenazi_reference_test/results/admixture/runs/strict_pass/K05/rep03/admixture.log	6924 bytes
/home/computer/popgen/projects/ashkenazi_reference_test/results/admixture/runs/strict_pass/K05/rep03/admixture_attempt01_admixture_j8.log	6924 bytes
/home/computer/popgen/projects/ashkenazi_reference_test/results/admixture/runs/strict_pass/K05/rep03/complete.json	826 bytes
/home/computer/popgen/projects/ashkenazi_reference_test/results/admixture/runs/strict_pass/K05/rep03/dataset.5.P	3173850 bytes
/home/computer/popgen/projects/ashkenazi_reference_test/results/admixture/runs/strict_pass/K05/rep03/dataset.5.Q	11115 bytes
/home/computer/popgen/projects/ashkenazi_reference_test/results/admixture/runs/strict_pass/K05/rep04/admixture.log	8201 bytes
/home/computer/popgen/projects/ashkenazi_reference_test/results/admixture/runs/strict_pass/K05/rep04/admixture_attempt01_admixture_j8.log	8201 bytes
/home/computer/popgen/projects/ashkenazi_reference_test/results/admixture/runs/strict_pass/K05/rep04/complete.json	827 bytes
/home/computer/popgen/projects/ashkenazi_reference_test/results/admixture/runs/strict_pass/K05/rep04/dataset.5.P	3173850 bytes
/home/computer/popgen/projects/ashkenazi_reference_test/results/admixture/runs/strict_pass/K05/rep04/dataset.5.Q	11115 bytes
/home/computer/popgen/projects/ashkenazi_reference_test/results/admixture/runs/strict_pass/K05/rep05/admixture.log	10010 bytes
/home/computer/popgen/projects/ashkenazi_reference_test/results/admixture/runs/strict_pass/K05/rep05/admixture_attempt01_admixture_j8.log	10010 bytes
/home/computer/popgen/projects/ashkenazi_reference_test/results/admixture/runs/strict_pass/K05/rep05/complete.json	828 bytes
/home/computer/popgen/projects/ashkenazi_reference_test/results/admixture/runs/strict_pass/K05/rep05/dataset.5.P	3173850 bytes
/home/computer/popgen/projects/ashkenazi_reference_test/results/admixture/runs/strict_pass/K05/rep05/dataset.5.Q	11115 bytes
/home/computer/popgen/projects/ashkenazi_reference_test/results/admixture/runs/strict_pass/K06/rep01/admixture.log	6883 bytes
/home/computer/popgen/projects/ashkenazi_reference_test/results/admixture/runs/strict_pass/K06/rep01/admixture_attempt01_admixture_j8.log	6883 bytes
/home/computer/popgen/projects/ashkenazi_reference_test/results/admixture/runs/strict_pass/K06/rep01/complete.json	827 bytes
/home/computer/popgen/projects/ashkenazi_reference_test/results/admixture/runs/strict_pass/K06/rep01/dataset.6.P	3808620 bytes
/home/computer/popgen/projects/ashkenazi_reference_test/results/admixture/runs/strict_pass/K06/rep01/dataset.6.Q	13338 bytes
/home/computer/popgen/projects/ashkenazi_reference_test/results/admixture/runs/strict_pass/K06/rep02/admixture.log	7829 bytes
/home/computer/popgen/projects/ashkenazi_reference_test/results/admixture/runs/strict_pass/K06/rep02/admixture_attempt01_admixture_j8.log	7829 bytes
/home/computer/popgen/projects/ashkenazi_reference_test/results/admixture/runs/strict_pass/K06/rep02/complete.json	827 bytes
/home/computer/popgen/projects/ashkenazi_reference_test/results/admixture/runs/strict_pass/K06/rep02/dataset.6.P	3808620 bytes
/home/computer/popgen/projects/ashkenazi_reference_test/results/admixture/runs/strict_pass/K06/rep02/dataset.6.Q	13338 bytes
/home/computer/popgen/projects/ashkenazi_reference_test/results/admixture/runs/strict_pass/K06/rep03/admixture.log	7951 bytes
/home/computer/popgen/projects/ashkenazi_reference_test/results/admixture/runs/strict_pass/K06/rep03/admixture_attempt01_admixture_j8.log	7951 bytes
/home/computer/popgen/projects/ashkenazi_reference_test/results/admixture/runs/strict_pass/K06/rep03/complete.json	826 bytes
/home/computer/popgen/projects/ashkenazi_reference_test/results/admixture/runs/strict_pass/K06/rep03/dataset.6.P	3808620 bytes
/home/computer/popgen/projects/ashkenazi_reference_test/results/admixture/runs/strict_pass/K06/rep03/dataset.6.Q	13338 bytes
/home/computer/popgen/projects/ashkenazi_reference_test/results/admixture/runs/strict_pass/K06/rep04/admixture.log	7039 bytes
/home/computer/popgen/projects/ashkenazi_reference_test/results/admixture/runs/strict_pass/K06/rep04/admixture_attempt01_admixture_j8.log	7039 bytes
/home/computer/popgen/projects/ashkenazi_reference_test/results/admixture/runs/strict_pass/K06/rep04/complete.json	828 bytes
/home/computer/popgen/projects/ashkenazi_reference_test/results/admixture/runs/strict_pass/K06/rep04/dataset.6.P	3808620 bytes
/home/computer/popgen/projects/ashkenazi_reference_test/results/admixture/runs/strict_pass/K06/rep04/dataset.6.Q	13338 bytes
/home/computer/popgen/projects/ashkenazi_reference_test/results/admixture/runs/strict_pass/K06/rep05/admixture.log	11325 bytes
/home/computer/popgen/projects/ashkenazi_reference_test/results/admixture/runs/strict_pass/K06/rep05/admixture_attempt01_admixture_j8.log	11325 bytes
/home/computer/popgen/projects/ashkenazi_reference_test/results/admixture/runs/strict_pass/K06/rep05/complete.json	827 bytes
/home/computer/popgen/projects/ashkenazi_reference_test/results/admixture/runs/strict_pass/K06/rep05/dataset.6.P	3808620 bytes
/home/computer/popgen/projects/ashkenazi_reference_test/results/admixture/runs/strict_pass/K06/rep05/dataset.6.Q	13338 bytes
/home/computer/popgen/projects/ashkenazi_reference_test/results/admixture/runs/strict_pass/K07/rep01/admixture.log	6391 bytes
/home/computer/popgen/projects/ashkenazi_reference_test/results/admixture/runs/strict_pass/K07/rep01/admixture_attempt01_admixture_j8.log	6391 bytes
/home/computer/popgen/projects/ashkenazi_reference_test/results/admixture/runs/strict_pass/K07/rep01/complete.json	827 bytes
/home/computer/popgen/projects/ashkenazi_reference_test/results/admixture/runs/strict_pass/K07/rep01/dataset.7.P	4443390 bytes
/home/computer/popgen/projects/ashkenazi_reference_test/results/admixture/runs/strict_pass/K07/rep01/dataset.7.Q	15561 bytes
/home/computer/popgen/projects/ashkenazi_reference_test/results/admixture/runs/strict_pass/K07/rep02/admixture.log	13221 bytes
/home/computer/popgen/projects/ashkenazi_reference_test/results/admixture/runs/strict_pass/K07/rep02/admixture_attempt01_admixture_j8.log	13221 bytes
/home/computer/popgen/projects/ashkenazi_reference_test/results/admixture/runs/strict_pass/K07/rep02/complete.json	826 bytes
/home/computer/popgen/projects/ashkenazi_reference_test/results/admixture/runs/strict_pass/K07/rep02/dataset.7.P	4443390 bytes
/home/computer/popgen/projects/ashkenazi_reference_test/results/admixture/runs/strict_pass/K07/rep02/dataset.7.Q	15561 bytes
/home/computer/popgen/projects/ashkenazi_reference_test/results/admixture/runs/strict_pass/K07/rep03/admixture.log	13910 bytes
/home/computer/popgen/projects/ashkenazi_reference_test/results/admixture/runs/strict_pass/K07/rep03/admixture_attempt01_admixture_j8.log	13910 bytes
/home/computer/popgen/projects/ashkenazi_reference_test/results/admixture/runs/strict_pass/K07/rep03/complete.json	827 bytes
/home/computer/popgen/projects/ashkenazi_reference_test/results/admixture/runs/strict_pass/K07/rep03/dataset.7.P	4443390 bytes
/home/computer/popgen/projects/ashkenazi_reference_test/results/admixture/runs/strict_pass/K07/rep03/dataset.7.Q	15561 bytes
/home/computer/popgen/projects/ashkenazi_reference_test/results/admixture/runs/strict_pass/K07/rep04/admixture.log	7623 bytes
/home/computer/popgen/projects/ashkenazi_reference_test/results/admixture/runs/strict_pass/K07/rep04/admixture_attempt01_admixture_j8.log	7623 bytes
/home/computer/popgen/projects/ashkenazi_reference_test/results/admixture/runs/strict_pass/K07/rep04/complete.json	828 bytes
/home/computer/popgen/projects/ashkenazi_reference_test/results/admixture/runs/strict_pass/K07/rep04/dataset.7.P	4443390 bytes
/home/computer/popgen/projects/ashkenazi_reference_test/results/admixture/runs/strict_pass/K07/rep04/dataset.7.Q	15561 bytes
/home/computer/popgen/projects/ashkenazi_reference_test/results/admixture/runs/strict_pass/K07/rep05/admixture.log	13131 bytes
/home/computer/popgen/projects/ashkenazi_reference_test/results/admixture/runs/strict_pass/K07/rep05/admixture_attempt01_admixture_j8.log	13131 bytes
/home/computer/popgen/projects/ashkenazi_reference_test/results/admixture/runs/strict_pass/K07/rep05/complete.json	827 bytes
/home/computer/popgen/projects/ashkenazi_reference_test/results/admixture/runs/strict_pass/K07/rep05/dataset.7.P	4443390 bytes
/home/computer/popgen/projects/ashkenazi_reference_test/results/admixture/runs/strict_pass/K07/rep05/dataset.7.Q	15561 bytes
/home/computer/popgen/projects/ashkenazi_reference_test/results/admixture/runs/strict_pass/K08/rep01/admixture.log	11889 bytes
/home/computer/popgen/projects/ashkenazi_reference_test/results/admixture/runs/strict_pass/K08/rep01/admixture_attempt01_admixture_j8.log	11889 bytes
/home/computer/popgen/projects/ashkenazi_reference_test/results/admixture/runs/strict_pass/K08/rep01/complete.json	827 bytes
/home/computer/popgen/projects/ashkenazi_reference_test/results/admixture/runs/strict_pass/K08/rep01/dataset.8.P	5078160 bytes
/home/computer/popgen/projects/ashkenazi_reference_test/results/admixture/runs/strict_pass/K08/rep01/dataset.8.Q	17784 bytes
/home/computer/popgen/projects/ashkenazi_reference_test/results/admixture/runs/strict_pass/K08/rep02/admixture.log	10880 bytes
/home/computer/popgen/projects/ashkenazi_reference_test/results/admixture/runs/strict_pass/K08/rep02/admixture_attempt01_admixture_j8.log	10880 bytes
/home/computer/popgen/projects/ashkenazi_reference_test/results/admixture/runs/strict_pass/K08/rep02/complete.json	828 bytes
/home/computer/popgen/projects/ashkenazi_reference_test/results/admixture/runs/strict_pass/K08/rep02/dataset.8.P	5078160 bytes
/home/computer/popgen/projects/ashkenazi_reference_test/results/admixture/runs/strict_pass/K08/rep02/dataset.8.Q	17784 bytes
/home/computer/popgen/projects/ashkenazi_reference_test/results/admixture/runs/strict_pass/K08/rep03/admixture.log	8867 bytes
/home/computer/popgen/projects/ashkenazi_reference_test/results/admixture/runs/strict_pass/K08/rep03/admixture_attempt01_admixture_j8.log	8867 bytes
/home/computer/popgen/projects/ashkenazi_reference_test/results/admixture/runs/strict_pass/K08/rep03/complete.json	827 bytes
/home/computer/popgen/projects/ashkenazi_reference_test/results/admixture/runs/strict_pass/K08/rep03/dataset.8.P	5078160 bytes
/home/computer/popgen/projects/ashkenazi_reference_test/results/admixture/runs/strict_pass/K08/rep03/dataset.8.Q	17784 bytes
/home/computer/popgen/projects/ashkenazi_reference_test/results/admixture/runs/strict_pass/K08/rep04/admixture.log	17267 bytes
/home/computer/popgen/projects/ashkenazi_reference_test/results/admixture/runs/strict_pass/K08/rep04/admixture_attempt01_admixture_j8.log	17267 bytes
/home/computer/popgen/projects/ashkenazi_reference_test/results/admixture/runs/strict_pass/K08/rep04/complete.json	827 bytes
/home/computer/popgen/projects/ashkenazi_reference_test/results/admixture/runs/strict_pass/K08/rep04/dataset.8.P	5078160 bytes
/home/computer/popgen/projects/ashkenazi_reference_test/results/admixture/runs/strict_pass/K08/rep04/dataset.8.Q	17784 bytes
/home/computer/popgen/projects/ashkenazi_reference_test/results/admixture/runs/strict_pass/K08/rep05/admixture.log	13513 bytes
/home/computer/popgen/projects/ashkenazi_reference_test/results/admixture/runs/strict_pass/K08/rep05/admixture_attempt01_admixture_j8.log	13513 bytes
/home/computer/popgen/projects/ashkenazi_reference_test/results/admixture/runs/strict_pass/K08/rep05/complete.json	828 bytes
/home/computer/popgen/projects/ashkenazi_reference_test/results/admixture/runs/strict_pass/K08/rep05/dataset.8.P	5078160 bytes
/home/computer/popgen/projects/ashkenazi_reference_test/results/admixture/runs/strict_pass/K08/rep05/dataset.8.Q	17784 bytes
/home/computer/popgen/projects/ashkenazi_reference_test/results/admixture/runs/strict_pass/K09/rep01/admixture.log	24030 bytes
/home/computer/popgen/projects/ashkenazi_reference_test/results/admixture/runs/strict_pass/K09/rep01/admixture_attempt01_admixture_j8.log	24030 bytes
/home/computer/popgen/projects/ashkenazi_reference_test/results/admixture/runs/strict_pass/K09/rep01/complete.json	827 bytes
/home/computer/popgen/projects/ashkenazi_reference_test/results/admixture/runs/strict_pass/K09/rep01/dataset.9.P	5712930 bytes
/home/computer/popgen/projects/ashkenazi_reference_test/results/admixture/runs/strict_pass/K09/rep01/dataset.9.Q	20007 bytes
/home/computer/popgen/projects/ashkenazi_reference_test/results/admixture/runs/strict_pass/K09/rep02/admixture.log	15719 bytes
/home/computer/popgen/projects/ashkenazi_reference_test/results/admixture/runs/strict_pass/K09/rep02/admixture_attempt01_admixture_j8.log	15719 bytes
/home/computer/popgen/projects/ashkenazi_reference_test/results/admixture/runs/strict_pass/K09/rep02/complete.json	827 bytes
/home/computer/popgen/projects/ashkenazi_reference_test/results/admixture/runs/strict_pass/K09/rep02/dataset.9.P	5712930 bytes
/home/computer/popgen/projects/ashkenazi_reference_test/results/admixture/runs/strict_pass/K09/rep02/dataset.9.Q	20007 bytes
/home/computer/popgen/projects/ashkenazi_reference_test/results/admixture/runs/strict_pass/K09/rep03/admixture.log	13760 bytes
/home/computer/popgen/projects/ashkenazi_reference_test/results/admixture/runs/strict_pass/K09/rep03/admixture_attempt01_admixture_j8.log	13760 bytes
/home/computer/popgen/projects/ashkenazi_reference_test/results/admixture/runs/strict_pass/K09/rep03/complete.json	826 bytes
/home/computer/popgen/projects/ashkenazi_reference_test/results/admixture/runs/strict_pass/K09/rep03/dataset.9.P	5712930 bytes
/home/computer/popgen/projects/ashkenazi_reference_test/results/admixture/runs/strict_pass/K09/rep03/dataset.9.Q	20007 bytes
/home/computer/popgen/projects/ashkenazi_reference_test/results/admixture/runs/strict_pass/K09/rep04/admixture.log	18297 bytes
/home/computer/popgen/projects/ashkenazi_reference_test/results/admixture/runs/strict_pass/K09/rep04/admixture_attempt01_admixture_j8.log	18297 bytes
/home/computer/popgen/projects/ashkenazi_reference_test/results/admixture/runs/strict_pass/K09/rep04/complete.json	827 bytes
/home/computer/popgen/projects/ashkenazi_reference_test/results/admixture/runs/strict_pass/K09/rep04/dataset.9.P	5712930 bytes
/home/computer/popgen/projects/ashkenazi_reference_test/results/admixture/runs/strict_pass/K09/rep04/dataset.9.Q	20007 bytes
/home/computer/popgen/projects/ashkenazi_reference_test/results/admixture/runs/strict_pass/K09/rep05/admixture.log	17362 bytes
/home/computer/popgen/projects/ashkenazi_reference_test/results/admixture/runs/strict_pass/K09/rep05/admixture_attempt01_admixture_j8.log	17362 bytes
/home/computer/popgen/projects/ashkenazi_reference_test/results/admixture/runs/strict_pass/K09/rep05/complete.json	826 bytes
/home/computer/popgen/projects/ashkenazi_reference_test/results/admixture/runs/strict_pass/K09/rep05/dataset.9.P	5712930 bytes
/home/computer/popgen/projects/ashkenazi_reference_test/results/admixture/runs/strict_pass/K09/rep05/dataset.9.Q	20007 bytes
/home/computer/popgen/projects/ashkenazi_reference_test/results/admixture/runs/strict_pass/K10/rep01/admixture.log	21957 bytes
/home/computer/popgen/projects/ashkenazi_reference_test/results/admixture/runs/strict_pass/K10/rep01/admixture_attempt01_admixture_j8.log	21957 bytes
/home/computer/popgen/projects/ashkenazi_reference_test/results/admixture/runs/strict_pass/K10/rep01/complete.json	830 bytes
/home/computer/popgen/projects/ashkenazi_reference_test/results/admixture/runs/strict_pass/K10/rep01/dataset.10.P	6347700 bytes
/home/computer/popgen/projects/ashkenazi_reference_test/results/admixture/runs/strict_pass/K10/rep01/dataset.10.Q	22230 bytes
/home/computer/popgen/projects/ashkenazi_reference_test/results/admixture/runs/strict_pass/K10/rep02/admixture.log	17686 bytes
/home/computer/popgen/projects/ashkenazi_reference_test/results/admixture/runs/strict_pass/K10/rep02/admixture_attempt01_admixture_j8.log	17686 bytes
/home/computer/popgen/projects/ashkenazi_reference_test/results/admixture/runs/strict_pass/K10/rep02/complete.json	829 bytes
/home/computer/popgen/projects/ashkenazi_reference_test/results/admixture/runs/strict_pass/K10/rep02/dataset.10.P	6347700 bytes
/home/computer/popgen/projects/ashkenazi_reference_test/results/admixture/runs/strict_pass/K10/rep02/dataset.10.Q	22230 bytes
/home/computer/popgen/projects/ashkenazi_reference_test/results/admixture/runs/strict_pass/K10/rep03/admixture.log	16685 bytes
/home/computer/popgen/projects/ashkenazi_reference_test/results/admixture/runs/strict_pass/K10/rep03/admixture_attempt01_admixture_j8.log	16685 bytes
/home/computer/popgen/projects/ashkenazi_reference_test/results/admixture/runs/strict_pass/K10/rep03/complete.json	829 bytes
/home/computer/popgen/projects/ashkenazi_reference_test/results/admixture/runs/strict_pass/K10/rep03/dataset.10.P	6347700 bytes
/home/computer/popgen/projects/ashkenazi_reference_test/results/admixture/runs/strict_pass/K10/rep03/dataset.10.Q	22230 bytes
/home/computer/popgen/projects/ashkenazi_reference_test/results/admixture/runs/strict_pass/K10/rep04/admixture.log	11522 bytes
/home/computer/popgen/projects/ashkenazi_reference_test/results/admixture/runs/strict_pass/K10/rep04/admixture_attempt01_admixture_j8.log	11522 bytes
/home/computer/popgen/projects/ashkenazi_reference_test/results/admixture/runs/strict_pass/K10/rep04/complete.json	829 bytes
/home/computer/popgen/projects/ashkenazi_reference_test/results/admixture/runs/strict_pass/K10/rep04/dataset.10.P	6347700 bytes
/home/computer/popgen/projects/ashkenazi_reference_test/results/admixture/runs/strict_pass/K10/rep04/dataset.10.Q	22230 bytes
/home/computer/popgen/projects/ashkenazi_reference_test/results/admixture/runs/strict_pass/K10/rep05/admixture.log	14674 bytes
/home/computer/popgen/projects/ashkenazi_reference_test/results/admixture/runs/strict_pass/K10/rep05/admixture_attempt01_admixture_j8.log	14674 bytes
/home/computer/popgen/projects/ashkenazi_reference_test/results/admixture/runs/strict_pass/K10/rep05/complete.json	829 bytes
/home/computer/popgen/projects/ashkenazi_reference_test/results/admixture/runs/strict_pass/K10/rep05/dataset.10.P	6347700 bytes
/home/computer/popgen/projects/ashkenazi_reference_test/results/admixture/runs/strict_pass/K10/rep05/dataset.10.Q	22230 bytes
/home/computer/popgen/projects/ashkenazi_reference_test/results/admixture/runs/strict_pass/K11/rep01/admixture.log	19328 bytes
/home/computer/popgen/projects/ashkenazi_reference_test/results/admixture/runs/strict_pass/K11/rep01/admixture_attempt01_admixture_j8.log	19328 bytes
/home/computer/popgen/projects/ashkenazi_reference_test/results/admixture/runs/strict_pass/K11/rep01/complete.json	830 bytes
/home/computer/popgen/projects/ashkenazi_reference_test/results/admixture/runs/strict_pass/K11/rep01/dataset.11.P	6982470 bytes
/home/computer/popgen/projects/ashkenazi_reference_test/results/admixture/runs/strict_pass/K11/rep01/dataset.11.Q	24453 bytes
/home/computer/popgen/projects/ashkenazi_reference_test/results/admixture/runs/strict_pass/K11/rep02/admixture.log	16296 bytes
/home/computer/popgen/projects/ashkenazi_reference_test/results/admixture/runs/strict_pass/K11/rep02/admixture_attempt01_admixture_j8.log	16296 bytes
/home/computer/popgen/projects/ashkenazi_reference_test/results/admixture/runs/strict_pass/K11/rep02/complete.json	829 bytes
/home/computer/popgen/projects/ashkenazi_reference_test/results/admixture/runs/strict_pass/K11/rep02/dataset.11.P	6982470 bytes
/home/computer/popgen/projects/ashkenazi_reference_test/results/admixture/runs/strict_pass/K11/rep02/dataset.11.Q	24453 bytes
/home/computer/popgen/projects/ashkenazi_reference_test/results/admixture/runs/strict_pass/K11/rep03/admixture.log	19569 bytes
/home/computer/popgen/projects/ashkenazi_reference_test/results/admixture/runs/strict_pass/K11/rep03/admixture_attempt01_admixture_j8.log	19569 bytes
/home/computer/popgen/projects/ashkenazi_reference_test/results/admixture/runs/strict_pass/K11/rep03/complete.json	830 bytes
/home/computer/popgen/projects/ashkenazi_reference_test/results/admixture/runs/strict_pass/K11/rep03/dataset.11.P	6982470 bytes
/home/computer/popgen/projects/ashkenazi_reference_test/results/admixture/runs/strict_pass/K11/rep03/dataset.11.Q	24453 bytes
/home/computer/popgen/projects/ashkenazi_reference_test/results/admixture/runs/strict_pass/K11/rep04/admixture.log	16803 bytes
/home/computer/popgen/projects/ashkenazi_reference_test/results/admixture/runs/strict_pass/K11/rep04/admixture_attempt01_admixture_j8.log	16803 bytes
/home/computer/popgen/projects/ashkenazi_reference_test/results/admixture/runs/strict_pass/K11/rep04/complete.json	829 bytes
/home/computer/popgen/projects/ashkenazi_reference_test/results/admixture/runs/strict_pass/K11/rep04/dataset.11.P	6982470 bytes
/home/computer/popgen/projects/ashkenazi_reference_test/results/admixture/runs/strict_pass/K11/rep04/dataset.11.Q	24453 bytes
/home/computer/popgen/projects/ashkenazi_reference_test/results/admixture/runs/strict_pass/K11/rep05/admixture.log	18240 bytes
/home/computer/popgen/projects/ashkenazi_reference_test/results/admixture/runs/strict_pass/K11/rep05/admixture_attempt01_admixture_j8.log	18240 bytes
/home/computer/popgen/projects/ashkenazi_reference_test/results/admixture/runs/strict_pass/K11/rep05/complete.json	830 bytes
/home/computer/popgen/projects/ashkenazi_reference_test/results/admixture/runs/strict_pass/K11/rep05/dataset.11.P	6982470 bytes
/home/computer/popgen/projects/ashkenazi_reference_test/results/admixture/runs/strict_pass/K11/rep05/dataset.11.Q	24453 bytes
/home/computer/popgen/projects/ashkenazi_reference_test/results/admixture/runs/strict_pass/K12/rep01/admixture.log	13645 bytes
/home/computer/popgen/projects/ashkenazi_reference_test/results/admixture/runs/strict_pass/K12/rep01/admixture_attempt01_admixture_j8.log	13645 bytes
/home/computer/popgen/projects/ashkenazi_reference_test/results/admixture/runs/strict_pass/K12/rep01/complete.json	829 bytes
/home/computer/popgen/projects/ashkenazi_reference_test/results/admixture/runs/strict_pass/K12/rep01/dataset.12.P	7617240 bytes
/home/computer/popgen/projects/ashkenazi_reference_test/results/admixture/runs/strict_pass/K12/rep01/dataset.12.Q	26676 bytes
/home/computer/popgen/projects/ashkenazi_reference_test/results/admixture/runs/strict_pass/K12/rep02/admixture.log	13271 bytes
/home/computer/popgen/projects/ashkenazi_reference_test/results/admixture/runs/strict_pass/K12/rep02/admixture_attempt01_admixture_j8.log	13271 bytes
/home/computer/popgen/projects/ashkenazi_reference_test/results/admixture/runs/strict_pass/K12/rep02/complete.json	829 bytes
/home/computer/popgen/projects/ashkenazi_reference_test/results/admixture/runs/strict_pass/K12/rep02/dataset.12.P	7617240 bytes
/home/computer/popgen/projects/ashkenazi_reference_test/results/admixture/runs/strict_pass/K12/rep02/dataset.12.Q	26676 bytes
/home/computer/popgen/projects/ashkenazi_reference_test/results/admixture/runs/strict_pass/K12/rep03/admixture.log	22570 bytes
/home/computer/popgen/projects/ashkenazi_reference_test/results/admixture/runs/strict_pass/K12/rep03/admixture_attempt01_admixture_j8.log	22570 bytes
/home/computer/popgen/projects/ashkenazi_reference_test/results/admixture/runs/strict_pass/K12/rep03/complete.json	830 bytes
/home/computer/popgen/projects/ashkenazi_reference_test/results/admixture/runs/strict_pass/K12/rep03/dataset.12.P	7617240 bytes
/home/computer/popgen/projects/ashkenazi_reference_test/results/admixture/runs/strict_pass/K12/rep03/dataset.12.Q	26676 bytes
/home/computer/popgen/projects/ashkenazi_reference_test/results/admixture/runs/strict_pass/K12/rep04/admixture.log	23380 bytes
/home/computer/popgen/projects/ashkenazi_reference_test/results/admixture/runs/strict_pass/K12/rep04/admixture_attempt01_admixture_j8.log	23380 bytes
/home/computer/popgen/projects/ashkenazi_reference_test/results/admixture/runs/strict_pass/K12/rep04/complete.json	829 bytes
/home/computer/popgen/projects/ashkenazi_reference_test/results/admixture/runs/strict_pass/K12/rep04/dataset.12.P	7617240 bytes
/home/computer/popgen/projects/ashkenazi_reference_test/results/admixture/runs/strict_pass/K12/rep04/dataset.12.Q	26676 bytes
/home/computer/popgen/projects/ashkenazi_reference_test/results/admixture/runs/strict_pass/K12/rep05/admixture.log	20522 bytes
/home/computer/popgen/projects/ashkenazi_reference_test/results/admixture/runs/strict_pass/K12/rep05/admixture_attempt01_admixture_j8.log	20522 bytes
/home/computer/popgen/projects/ashkenazi_reference_test/results/admixture/runs/strict_pass/K12/rep05/complete.json	830 bytes
/home/computer/popgen/projects/ashkenazi_reference_test/results/admixture/runs/strict_pass/K12/rep05/dataset.12.P	7617240 bytes
/home/computer/popgen/projects/ashkenazi_reference_test/results/admixture/runs/strict_pass/K12/rep05/dataset.12.Q	26676 bytes
/home/computer/popgen/projects/ashkenazi_reference_test/results/admixture/runtime_selected.json	513 bytes
/home/computer/popgen/projects/ashkenazi_reference_test/results/admixture/stage07_admixture_summary.txt	3272 bytes
/home/computer/popgen/projects/ashkenazi_reference_test/results/admixture/stage07_complete.json	85382 bytes
/home/computer/popgen/projects/ashkenazi_reference_test/results/admixture/tables/admixture_cv_summary.tsv	2593 bytes
/home/computer/popgen/projects/ashkenazi_reference_test/results/admixture/tables/admixture_replicate_metrics.tsv	36051 bytes
/home/computer/popgen/projects/ashkenazi_reference_test/results/admixture/tables/admixture_replicate_stability.tsv	2783 bytes
/home/computer/popgen/projects/ashkenazi_reference_test/results/admixture/tables/ashkenazi_admixture_component_distances_all_k.tsv	33420 bytes
/home/computer/popgen/projects/ashkenazi_reference_test/results/admixture/tables/primary_strict_admixture_alignment_summary.tsv	1476 bytes
/home/computer/popgen/projects/ashkenazi_reference_test/results/admixture/tables/primary_strict_population_component_sensitivity_all_k.tsv	11189 bytes
/home/computer/popgen/projects/ashkenazi_reference_test/results/formal_stats_readiness/STAGE09_READINESS_AND_REQUIRED_DESIGN.txt	1238 bytes
/home/computer/popgen/projects/ashkenazi_reference_test/results/formal_stats_readiness/modern_population_inventory.tsv	1250 bytes
/home/computer/popgen/projects/ashkenazi_reference_test/results/fst/METHODS_STAGE06_FST.txt	2123 bytes
/home/computer/popgen/projects/ashkenazi_reference_test/results/fst/figures/all_pairs_primary_vs_strict_hudson_fst.pdf	15102 bytes
/home/computer/popgen/projects/ashkenazi_reference_test/results/fst/figures/all_pairs_primary_vs_strict_hudson_fst.png	153143 bytes
/home/computer/popgen/projects/ashkenazi_reference_test/results/fst/figures/ashkenazi_hudson_fst_primary_vs_strict.pdf	18920 bytes
/home/computer/popgen/projects/ashkenazi_reference_test/results/fst/figures/ashkenazi_hudson_fst_primary_vs_strict.png	188887 bytes
/home/computer/popgen/projects/ashkenazi_reference_test/results/fst/figures/ashkenazi_hudson_vs_weir_cockerham.pdf	16999 bytes
/home/computer/popgen/projects/ashkenazi_reference_test/results/fst/figures/ashkenazi_hudson_vs_weir_cockerham.png	137384 bytes
/home/computer/popgen/projects/ashkenazi_reference_test/results/fst/figures/primary_hudson_fst_heatmap.pdf	24616 bytes
/home/computer/popgen/projects/ashkenazi_reference_test/results/fst/figures/primary_hudson_fst_heatmap.png	240160 bytes
/home/computer/popgen/projects/ashkenazi_reference_test/results/fst/figures/strict_minus_primary_hudson_fst_heatmap.pdf	26695 bytes
/home/computer/popgen/projects/ashkenazi_reference_test/results/fst/figures/strict_minus_primary_hudson_fst_heatmap.png	251770 bytes
/home/computer/popgen/projects/ashkenazi_reference_test/results/fst/figures/strict_pass_hudson_fst_heatmap.pdf	24672 bytes
/home/computer/popgen/projects/ashkenazi_reference_test/results/fst/figures/strict_pass_hudson_fst_heatmap.png	253262 bytes
/home/computer/popgen/projects/ashkenazi_reference_test/results/fst/fst_analysis_summary.txt	6591 bytes
/home/computer/popgen/projects/ashkenazi_reference_test/results/fst/logs/primary_frequency_console.txt	2840 bytes
/home/computer/popgen/projects/ashkenazi_reference_test/results/fst/logs/strict_pass_frequency_console.txt	2874 bytes
/home/computer/popgen/projects/ashkenazi_reference_test/results/fst/logs/wc_primary_Jew_Ashkenazi__Cypriot_console.txt	4626 bytes
/home/computer/popgen/projects/ashkenazi_reference_test/results/fst/logs/wc_primary_Jew_Ashkenazi__Druze_console.txt	4631 bytes
/home/computer/popgen/projects/ashkenazi_reference_test/results/fst/logs/wc_primary_Jew_Ashkenazi__Greek_console.txt	4606 bytes
/home/computer/popgen/projects/ashkenazi_reference_test/results/fst/logs/wc_primary_Jew_Ashkenazi__Italian_Bergamo_console.txt	4723 bytes
/home/computer/popgen/projects/ashkenazi_reference_test/results/fst/logs/wc_primary_Jew_Ashkenazi__Italian_Central_console.txt	4725 bytes
/home/computer/popgen/projects/ashkenazi_reference_test/results/fst/logs/wc_primary_Jew_Ashkenazi__Italian_North_console.txt	4678 bytes
/home/computer/popgen/projects/ashkenazi_reference_test/results/fst/logs/wc_primary_Jew_Ashkenazi__Italian_South_console.txt	4706 bytes
/home/computer/popgen/projects/ashkenazi_reference_test/results/fst/logs/wc_primary_Jew_Ashkenazi__Italian_Tuscan_console.txt	4685 bytes
/home/computer/popgen/projects/ashkenazi_reference_test/results/fst/logs/wc_primary_Jew_Ashkenazi__Jew_Iraqi_console.txt	4639 bytes
/home/computer/popgen/projects/ashkenazi_reference_test/results/fst/logs/wc_primary_Jew_Ashkenazi__Jew_Turkish_console.txt	4661 bytes
/home/computer/popgen/projects/ashkenazi_reference_test/results/fst/logs/wc_primary_Jew_Ashkenazi__Jew_Yemenite_console.txt	4667 bytes
/home/computer/popgen/projects/ashkenazi_reference_test/results/fst/logs/wc_primary_Jew_Ashkenazi__Lebanese_Christian_console.txt	4723 bytes
/home/computer/popgen/projects/ashkenazi_reference_test/results/fst/logs/wc_primary_Jew_Ashkenazi__Lebanese_Muslim_console.txt	4696 bytes
/home/computer/popgen/projects/ashkenazi_reference_test/results/fst/logs/wc_primary_Jew_Ashkenazi__Lebanese_console.txt	4634 bytes
/home/computer/popgen/projects/ashkenazi_reference_test/results/fst/logs/wc_primary_Jew_Ashkenazi__Maltese_console.txt	4624 bytes
/home/computer/popgen/projects/ashkenazi_reference_test/results/fst/logs/wc_primary_Jew_Ashkenazi__Palestinian_console.txt	4684 bytes
/home/computer/popgen/projects/ashkenazi_reference_test/results/fst/logs/wc_primary_Jew_Ashkenazi__Sicilian_console.txt	4633 bytes
/home/computer/popgen/projects/ashkenazi_reference_test/results/fst/logs/wc_strict_pass_Jew_Ashkenazi__Cypriot_console.txt	4668 bytes
/home/computer/popgen/projects/ashkenazi_reference_test/results/fst/logs/wc_strict_pass_Jew_Ashkenazi__Druze_console.txt	4671 bytes
/home/computer/popgen/projects/ashkenazi_reference_test/results/fst/logs/wc_strict_pass_Jew_Ashkenazi__Greek_console.txt	4648 bytes
/home/computer/popgen/projects/ashkenazi_reference_test/results/fst/logs/wc_strict_pass_Jew_Ashkenazi__Italian_Bergamo_console.txt	4765 bytes
/home/computer/popgen/projects/ashkenazi_reference_test/results/fst/logs/wc_strict_pass_Jew_Ashkenazi__Italian_Central_console.txt	4767 bytes
/home/computer/popgen/projects/ashkenazi_reference_test/results/fst/logs/wc_strict_pass_Jew_Ashkenazi__Italian_North_console.txt	4720 bytes
/home/computer/popgen/projects/ashkenazi_reference_test/results/fst/logs/wc_strict_pass_Jew_Ashkenazi__Italian_South_console.txt	4748 bytes
/home/computer/popgen/projects/ashkenazi_reference_test/results/fst/logs/wc_strict_pass_Jew_Ashkenazi__Italian_Tuscan_console.txt	4730 bytes
/home/computer/popgen/projects/ashkenazi_reference_test/results/fst/logs/wc_strict_pass_Jew_Ashkenazi__Jew_Iraqi_console.txt	4683 bytes
/home/computer/popgen/projects/ashkenazi_reference_test/results/fst/logs/wc_strict_pass_Jew_Ashkenazi__Jew_Turkish_console.txt	4703 bytes
/home/computer/popgen/projects/ashkenazi_reference_test/results/fst/logs/wc_strict_pass_Jew_Ashkenazi__Jew_Yemenite_console.txt	4710 bytes
/home/computer/popgen/projects/ashkenazi_reference_test/results/fst/logs/wc_strict_pass_Jew_Ashkenazi__Lebanese_Christian_console.txt	4765 bytes
/home/computer/popgen/projects/ashkenazi_reference_test/results/fst/logs/wc_strict_pass_Jew_Ashkenazi__Lebanese_Muslim_console.txt	4738 bytes
/home/computer/popgen/projects/ashkenazi_reference_test/results/fst/logs/wc_strict_pass_Jew_Ashkenazi__Lebanese_console.txt	4676 bytes
/home/computer/popgen/projects/ashkenazi_reference_test/results/fst/logs/wc_strict_pass_Jew_Ashkenazi__Maltese_console.txt	4666 bytes
/home/computer/popgen/projects/ashkenazi_reference_test/results/fst/logs/wc_strict_pass_Jew_Ashkenazi__Palestinian_console.txt	4701 bytes
/home/computer/popgen/projects/ashkenazi_reference_test/results/fst/logs/wc_strict_pass_Jew_Ashkenazi__Sicilian_console.txt	4675 bytes
/home/computer/popgen/projects/ashkenazi_reference_test/results/fst/stage06_complete.json	4061 bytes
/home/computer/popgen/projects/ashkenazi_reference_test/results/fst/stage06_fst_results_for_manuscript.txt	1377 bytes
/home/computer/popgen/projects/ashkenazi_reference_test/results/fst/stage06_master_console.log	12704 bytes
/home/computer/popgen/projects/ashkenazi_reference_test/results/fst/stratified_frequencies/primary_shared_qc.frq.strat	205773721 bytes
/home/computer/popgen/projects/ashkenazi_reference_test/results/fst/stratified_frequencies/primary_shared_qc.log	1680 bytes
/home/computer/popgen/projects/ashkenazi_reference_test/results/fst/stratified_frequencies/primary_shared_qc.nosex	171 bytes
/home/computer/popgen/projects/ashkenazi_reference_test/results/fst/stratified_frequencies/strict_pass_shared_qc.frq.strat	205773721 bytes
/home/computer/popgen/projects/ashkenazi_reference_test/results/fst/stratified_frequencies/strict_pass_shared_qc.log	1698 bytes
/home/computer/popgen/projects/ashkenazi_reference_test/results/fst/stratified_frequencies/strict_pass_shared_qc.nosex	102 bytes
/home/computer/popgen/projects/ashkenazi_reference_test/results/fst/tables/ashkenazi_hudson_vs_weir_cockerham_validation.tsv	2947 bytes
/home/computer/popgen/projects/ashkenazi_reference_test/results/fst/tables/primary_ashkenazi_hudson_fst.tsv	2456 bytes
/home/computer/popgen/projects/ashkenazi_reference_test/results/fst/tables/primary_ashkenazi_plink_weir_cockerham_fst.tsv	3992 bytes
/home/computer/popgen/projects/ashkenazi_reference_test/results/fst/tables/primary_hudson_pairwise_fst.tsv	26239 bytes
/home/computer/popgen/projects/ashkenazi_reference_test/results/fst/tables/primary_population_counts.tsv	544 bytes
/home/computer/popgen/projects/ashkenazi_reference_test/results/fst/tables/primary_strict_ashkenazi_hudson_comparison.tsv	2334 bytes
/home/computer/popgen/projects/ashkenazi_reference_test/results/fst/tables/primary_strict_hudson_pairwise_comparison.tsv	23902 bytes
/home/computer/popgen/projects/ashkenazi_reference_test/results/fst/tables/strict_pass_ashkenazi_hudson_fst.tsv	2529 bytes
/home/computer/popgen/projects/ashkenazi_reference_test/results/fst/tables/strict_pass_ashkenazi_plink_weir_cockerham_fst.tsv	4206 bytes
/home/computer/popgen/projects/ashkenazi_reference_test/results/fst/tables/strict_pass_hudson_pairwise_fst.tsv	26980 bytes
/home/computer/popgen/projects/ashkenazi_reference_test/results/fst/tables/strict_pass_population_counts.tsv	614 bytes
/home/computer/popgen/projects/ashkenazi_reference_test/results/fst/weir_cockerham_validation/primary/Jew_Ashkenazi__Cypriot.fst	6373298 bytes
/home/computer/popgen/projects/ashkenazi_reference_test/results/fst/weir_cockerham_validation/primary/Jew_Ashkenazi__Cypriot.log	2144 bytes
/home/computer/popgen/projects/ashkenazi_reference_test/results/fst/weir_cockerham_validation/primary/Jew_Ashkenazi__Cypriot.nosex	171 bytes
/home/computer/popgen/projects/ashkenazi_reference_test/results/fst/weir_cockerham_validation/primary/Jew_Ashkenazi__Druze.fst	6525964 bytes
/home/computer/popgen/projects/ashkenazi_reference_test/results/fst/weir_cockerham_validation/primary/Jew_Ashkenazi__Druze.log	2157 bytes
/home/computer/popgen/projects/ashkenazi_reference_test/results/fst/weir_cockerham_validation/primary/Jew_Ashkenazi__Druze.nosex	171 bytes
/home/computer/popgen/projects/ashkenazi_reference_test/results/fst/weir_cockerham_validation/primary/Jew_Ashkenazi__Greek.fst	6483165 bytes
/home/computer/popgen/projects/ashkenazi_reference_test/results/fst/weir_cockerham_validation/primary/Jew_Ashkenazi__Greek.log	2132 bytes
/home/computer/popgen/projects/ashkenazi_reference_test/results/fst/weir_cockerham_validation/primary/Jew_Ashkenazi__Greek.nosex	171 bytes
/home/computer/popgen/projects/ashkenazi_reference_test/results/fst/weir_cockerham_validation/primary/Jew_Ashkenazi__Italian_Bergamo.fst	6437904 bytes
/home/computer/popgen/projects/ashkenazi_reference_test/results/fst/weir_cockerham_validation/primary/Jew_Ashkenazi__Italian_Bergamo.log	2209 bytes
/home/computer/popgen/projects/ashkenazi_reference_test/results/fst/weir_cockerham_validation/primary/Jew_Ashkenazi__Italian_Bergamo.nosex	171 bytes
/home/computer/popgen/projects/ashkenazi_reference_test/results/fst/weir_cockerham_validation/primary/Jew_Ashkenazi__Italian_Central.fst	6483739 bytes
/home/computer/popgen/projects/ashkenazi_reference_test/results/fst/weir_cockerham_validation/primary/Jew_Ashkenazi__Italian_Central.log	2211 bytes
/home/computer/popgen/projects/ashkenazi_reference_test/results/fst/weir_cockerham_validation/primary/Jew_Ashkenazi__Italian_Central.nosex	171 bytes
/home/computer/popgen/projects/ashkenazi_reference_test/results/fst/weir_cockerham_validation/primary/Jew_Ashkenazi__Italian_North.fst	6480822 bytes
/home/computer/popgen/projects/ashkenazi_reference_test/results/fst/weir_cockerham_validation/primary/Jew_Ashkenazi__Italian_North.log	2172 bytes
/home/computer/popgen/projects/ashkenazi_reference_test/results/fst/weir_cockerham_validation/primary/Jew_Ashkenazi__Italian_North.nosex	171 bytes
/home/computer/popgen/projects/ashkenazi_reference_test/results/fst/weir_cockerham_validation/primary/Jew_Ashkenazi__Italian_South.fst	6502236 bytes
/home/computer/popgen/projects/ashkenazi_reference_test/results/fst/weir_cockerham_validation/primary/Jew_Ashkenazi__Italian_South.log	2200 bytes
/home/computer/popgen/projects/ashkenazi_reference_test/results/fst/weir_cockerham_validation/primary/Jew_Ashkenazi__Italian_South.nosex	171 bytes
/home/computer/popgen/projects/ashkenazi_reference_test/results/fst/weir_cockerham_validation/primary/Jew_Ashkenazi__Italian_Tuscan.fst	6414497 bytes
/home/computer/popgen/projects/ashkenazi_reference_test/results/fst/weir_cockerham_validation/primary/Jew_Ashkenazi__Italian_Tuscan.log	2175 bytes
/home/computer/popgen/projects/ashkenazi_reference_test/results/fst/weir_cockerham_validation/primary/Jew_Ashkenazi__Italian_Tuscan.nosex	171 bytes
/home/computer/popgen/projects/ashkenazi_reference_test/results/fst/weir_cockerham_validation/primary/Jew_Ashkenazi__Jew_Iraqi.fst	6381161 bytes
/home/computer/popgen/projects/ashkenazi_reference_test/results/fst/weir_cockerham_validation/primary/Jew_Ashkenazi__Jew_Iraqi.log	2149 bytes
/home/computer/popgen/projects/ashkenazi_reference_test/results/fst/weir_cockerham_validation/primary/Jew_Ashkenazi__Jew_Iraqi.nosex	171 bytes
/home/computer/popgen/projects/ashkenazi_reference_test/results/fst/weir_cockerham_validation/primary/Jew_Ashkenazi__Jew_Turkish.fst	6427857 bytes
/home/computer/popgen/projects/ashkenazi_reference_test/results/fst/weir_cockerham_validation/primary/Jew_Ashkenazi__Jew_Turkish.log	2163 bytes
/home/computer/popgen/projects/ashkenazi_reference_test/results/fst/weir_cockerham_validation/primary/Jew_Ashkenazi__Jew_Turkish.nosex	171 bytes
/home/computer/popgen/projects/ashkenazi_reference_test/results/fst/weir_cockerham_validation/primary/Jew_Ashkenazi__Jew_Yemenite.fst	6407963 bytes
/home/computer/popgen/projects/ashkenazi_reference_test/results/fst/weir_cockerham_validation/primary/Jew_Ashkenazi__Jew_Yemenite.log	2165 bytes
/home/computer/popgen/projects/ashkenazi_reference_test/results/fst/weir_cockerham_validation/primary/Jew_Ashkenazi__Jew_Yemenite.nosex	171 bytes
/home/computer/popgen/projects/ashkenazi_reference_test/results/fst/weir_cockerham_validation/primary/Jew_Ashkenazi__Lebanese.fst	6435664 bytes
/home/computer/popgen/projects/ashkenazi_reference_test/results/fst/weir_cockerham_validation/primary/Jew_Ashkenazi__Lebanese.log	2148 bytes
/home/computer/popgen/projects/ashkenazi_reference_test/results/fst/weir_cockerham_validation/primary/Jew_Ashkenazi__Lebanese.nosex	171 bytes
/home/computer/popgen/projects/ashkenazi_reference_test/results/fst/weir_cockerham_validation/primary/Jew_Ashkenazi__Lebanese_Christian.fst	6436913 bytes
/home/computer/popgen/projects/ashkenazi_reference_test/results/fst/weir_cockerham_validation/primary/Jew_Ashkenazi__Lebanese_Christian.log	2197 bytes
/home/computer/popgen/projects/ashkenazi_reference_test/results/fst/weir_cockerham_validation/primary/Jew_Ashkenazi__Lebanese_Christian.nosex	171 bytes
/home/computer/popgen/projects/ashkenazi_reference_test/results/fst/weir_cockerham_validation/primary/Jew_Ashkenazi__Lebanese_Muslim.fst	6461741 bytes
/home/computer/popgen/projects/ashkenazi_reference_test/results/fst/weir_cockerham_validation/primary/Jew_Ashkenazi__Lebanese_Muslim.log	2182 bytes
/home/computer/popgen/projects/ashkenazi_reference_test/results/fst/weir_cockerham_validation/primary/Jew_Ashkenazi__Lebanese_Muslim.nosex	171 bytes
/home/computer/popgen/projects/ashkenazi_reference_test/results/fst/weir_cockerham_validation/primary/Jew_Ashkenazi__Maltese.fst	6426202 bytes
/home/computer/popgen/projects/ashkenazi_reference_test/results/fst/weir_cockerham_validation/primary/Jew_Ashkenazi__Maltese.log	2142 bytes
/home/computer/popgen/projects/ashkenazi_reference_test/results/fst/weir_cockerham_validation/primary/Jew_Ashkenazi__Maltese.nosex	171 bytes
/home/computer/popgen/projects/ashkenazi_reference_test/results/fst/weir_cockerham_validation/primary/Jew_Ashkenazi__Palestinian.fst	6551920 bytes
/home/computer/popgen/projects/ashkenazi_reference_test/results/fst/weir_cockerham_validation/primary/Jew_Ashkenazi__Palestinian.log	2186 bytes
/home/computer/popgen/projects/ashkenazi_reference_test/results/fst/weir_cockerham_validation/primary/Jew_Ashkenazi__Palestinian.nosex	171 bytes
/home/computer/popgen/projects/ashkenazi_reference_test/results/fst/weir_cockerham_validation/primary/Jew_Ashkenazi__Sicilian.fst	6453071 bytes
/home/computer/popgen/projects/ashkenazi_reference_test/results/fst/weir_cockerham_validation/primary/Jew_Ashkenazi__Sicilian.log	2147 bytes
/home/computer/popgen/projects/ashkenazi_reference_test/results/fst/weir_cockerham_validation/primary/Jew_Ashkenazi__Sicilian.nosex	171 bytes
/home/computer/popgen/projects/ashkenazi_reference_test/results/fst/weir_cockerham_validation/strict_pass/Jew_Ashkenazi__Cypriot.fst	6373298 bytes
/home/computer/popgen/projects/ashkenazi_reference_test/results/fst/weir_cockerham_validation/strict_pass/Jew_Ashkenazi__Cypriot.log	2166 bytes
/home/computer/popgen/projects/ashkenazi_reference_test/results/fst/weir_cockerham_validation/strict_pass/Jew_Ashkenazi__Cypriot.nosex	102 bytes
/home/computer/popgen/projects/ashkenazi_reference_test/results/fst/weir_cockerham_validation/strict_pass/Jew_Ashkenazi__Druze.fst	6534915 bytes
/home/computer/popgen/projects/ashkenazi_reference_test/results/fst/weir_cockerham_validation/strict_pass/Jew_Ashkenazi__Druze.log	2177 bytes
/home/computer/popgen/projects/ashkenazi_reference_test/results/fst/weir_cockerham_validation/strict_pass/Jew_Ashkenazi__Druze.nosex	102 bytes
/home/computer/popgen/projects/ashkenazi_reference_test/results/fst/weir_cockerham_validation/strict_pass/Jew_Ashkenazi__Greek.fst	6483330 bytes
/home/computer/popgen/projects/ashkenazi_reference_test/results/fst/weir_cockerham_validation/strict_pass/Jew_Ashkenazi__Greek.log	2154 bytes
/home/computer/popgen/projects/ashkenazi_reference_test/results/fst/weir_cockerham_validation/strict_pass/Jew_Ashkenazi__Greek.nosex	102 bytes
/home/computer/popgen/projects/ashkenazi_reference_test/results/fst/weir_cockerham_validation/strict_pass/Jew_Ashkenazi__Italian_Bergamo.fst	6438258 bytes
/home/computer/popgen/projects/ashkenazi_reference_test/results/fst/weir_cockerham_validation/strict_pass/Jew_Ashkenazi__Italian_Bergamo.log	2231 bytes
/home/computer/popgen/projects/ashkenazi_reference_test/results/fst/weir_cockerham_validation/strict_pass/Jew_Ashkenazi__Italian_Bergamo.nosex	102 bytes
/home/computer/popgen/projects/ashkenazi_reference_test/results/fst/weir_cockerham_validation/strict_pass/Jew_Ashkenazi__Italian_Central.fst	6483739 bytes
/home/computer/popgen/projects/ashkenazi_reference_test/results/fst/weir_cockerham_validation/strict_pass/Jew_Ashkenazi__Italian_Central.log	2233 bytes
/home/computer/popgen/projects/ashkenazi_reference_test/results/fst/weir_cockerham_validation/strict_pass/Jew_Ashkenazi__Italian_Central.nosex	102 bytes
/home/computer/popgen/projects/ashkenazi_reference_test/results/fst/weir_cockerham_validation/strict_pass/Jew_Ashkenazi__Italian_North.fst	6480822 bytes
/home/computer/popgen/projects/ashkenazi_reference_test/results/fst/weir_cockerham_validation/strict_pass/Jew_Ashkenazi__Italian_North.log	2194 bytes
/home/computer/popgen/projects/ashkenazi_reference_test/results/fst/weir_cockerham_validation/strict_pass/Jew_Ashkenazi__Italian_North.nosex	102 bytes
/home/computer/popgen/projects/ashkenazi_reference_test/results/fst/weir_cockerham_validation/strict_pass/Jew_Ashkenazi__Italian_South.fst	6502236 bytes
/home/computer/popgen/projects/ashkenazi_reference_test/results/fst/weir_cockerham_validation/strict_pass/Jew_Ashkenazi__Italian_South.log	2222 bytes
/home/computer/popgen/projects/ashkenazi_reference_test/results/fst/weir_cockerham_validation/strict_pass/Jew_Ashkenazi__Italian_South.nosex	102 bytes
/home/computer/popgen/projects/ashkenazi_reference_test/results/fst/weir_cockerham_validation/strict_pass/Jew_Ashkenazi__Italian_Tuscan.fst	6373992 bytes
/home/computer/popgen/projects/ashkenazi_reference_test/results/fst/weir_cockerham_validation/strict_pass/Jew_Ashkenazi__Italian_Tuscan.log	2200 bytes
/home/computer/popgen/projects/ashkenazi_reference_test/results/fst/weir_cockerham_validation/strict_pass/Jew_Ashkenazi__Italian_Tuscan.nosex	102 bytes
/home/computer/popgen/projects/ashkenazi_reference_test/results/fst/weir_cockerham_validation/strict_pass/Jew_Ashkenazi__Jew_Iraqi.fst	6374376 bytes
/home/computer/popgen/projects/ashkenazi_reference_test/results/fst/weir_cockerham_validation/strict_pass/Jew_Ashkenazi__Jew_Iraqi.log	2173 bytes
/home/computer/popgen/projects/ashkenazi_reference_test/results/fst/weir_cockerham_validation/strict_pass/Jew_Ashkenazi__Jew_Iraqi.nosex	102 bytes
/home/computer/popgen/projects/ashkenazi_reference_test/results/fst/weir_cockerham_validation/strict_pass/Jew_Ashkenazi__Jew_Turkish.fst	6427857 bytes
/home/computer/popgen/projects/ashkenazi_reference_test/results/fst/weir_cockerham_validation/strict_pass/Jew_Ashkenazi__Jew_Turkish.log	2185 bytes
/home/computer/popgen/projects/ashkenazi_reference_test/results/fst/weir_cockerham_validation/strict_pass/Jew_Ashkenazi__Jew_Turkish.nosex	102 bytes
/home/computer/popgen/projects/ashkenazi_reference_test/results/fst/weir_cockerham_validation/strict_pass/Jew_Ashkenazi__Jew_Yemenite.fst	6418603 bytes
/home/computer/popgen/projects/ashkenazi_reference_test/results/fst/weir_cockerham_validation/strict_pass/Jew_Ashkenazi__Jew_Yemenite.log	2188 bytes
/home/computer/popgen/projects/ashkenazi_reference_test/results/fst/weir_cockerham_validation/strict_pass/Jew_Ashkenazi__Jew_Yemenite.nosex	102 bytes
/home/computer/popgen/projects/ashkenazi_reference_test/results/fst/weir_cockerham_validation/strict_pass/Jew_Ashkenazi__Lebanese.fst	6435664 bytes
/home/computer/popgen/projects/ashkenazi_reference_test/results/fst/weir_cockerham_validation/strict_pass/Jew_Ashkenazi__Lebanese.log	2170 bytes
/home/computer/popgen/projects/ashkenazi_reference_test/results/fst/weir_cockerham_validation/strict_pass/Jew_Ashkenazi__Lebanese.nosex	102 bytes
/home/computer/popgen/projects/ashkenazi_reference_test/results/fst/weir_cockerham_validation/strict_pass/Jew_Ashkenazi__Lebanese_Christian.fst	6436913 bytes
/home/computer/popgen/projects/ashkenazi_reference_test/results/fst/weir_cockerham_validation/strict_pass/Jew_Ashkenazi__Lebanese_Christian.log	2219 bytes
/home/computer/popgen/projects/ashkenazi_reference_test/results/fst/weir_cockerham_validation/strict_pass/Jew_Ashkenazi__Lebanese_Christian.nosex	102 bytes
/home/computer/popgen/projects/ashkenazi_reference_test/results/fst/weir_cockerham_validation/strict_pass/Jew_Ashkenazi__Lebanese_Muslim.fst	6461741 bytes
/home/computer/popgen/projects/ashkenazi_reference_test/results/fst/weir_cockerham_validation/strict_pass/Jew_Ashkenazi__Lebanese_Muslim.log	2204 bytes
/home/computer/popgen/projects/ashkenazi_reference_test/results/fst/weir_cockerham_validation/strict_pass/Jew_Ashkenazi__Lebanese_Muslim.nosex	102 bytes
/home/computer/popgen/projects/ashkenazi_reference_test/results/fst/weir_cockerham_validation/strict_pass/Jew_Ashkenazi__Maltese.fst	6426202 bytes
/home/computer/popgen/projects/ashkenazi_reference_test/results/fst/weir_cockerham_validation/strict_pass/Jew_Ashkenazi__Maltese.log	2164 bytes
/home/computer/popgen/projects/ashkenazi_reference_test/results/fst/weir_cockerham_validation/strict_pass/Jew_Ashkenazi__Maltese.nosex	102 bytes
/home/computer/popgen/projects/ashkenazi_reference_test/results/fst/weir_cockerham_validation/strict_pass/Jew_Ashkenazi__Palestinian.fst	6540788 bytes
/home/computer/popgen/projects/ashkenazi_reference_test/results/fst/weir_cockerham_validation/strict_pass/Jew_Ashkenazi__Palestinian.log	2183 bytes
/home/computer/popgen/projects/ashkenazi_reference_test/results/fst/weir_cockerham_validation/strict_pass/Jew_Ashkenazi__Palestinian.nosex	102 bytes
/home/computer/popgen/projects/ashkenazi_reference_test/results/fst/weir_cockerham_validation/strict_pass/Jew_Ashkenazi__Sicilian.fst	6453071 bytes
/home/computer/popgen/projects/ashkenazi_reference_test/results/fst/weir_cockerham_validation/strict_pass/Jew_Ashkenazi__Sicilian.log	2169 bytes
/home/computer/popgen/projects/ashkenazi_reference_test/results/fst/weir_cockerham_validation/strict_pass/Jew_Ashkenazi__Sicilian.nosex	102 bytes
/home/computer/popgen/projects/ashkenazi_reference_test/results/fst/work/primary.within.tsv	8194 bytes
/home/computer/popgen/projects/ashkenazi_reference_test/results/fst/work/strict_pass.within.tsv	5464 bytes
/home/computer/popgen/projects/ashkenazi_reference_test/results/fst/work/wc_pairs/primary/Jew_Ashkenazi__Cypriot.keep.tsv	235 bytes
/home/computer/popgen/projects/ashkenazi_reference_test/results/fst/work/wc_pairs/primary/Jew_Ashkenazi__Cypriot.within.tsv	295 bytes
/home/computer/popgen/projects/ashkenazi_reference_test/results/fst/work/wc_pairs/primary/Jew_Ashkenazi__Druze.keep.tsv	1492 bytes
/home/computer/popgen/projects/ashkenazi_reference_test/results/fst/work/wc_pairs/primary/Jew_Ashkenazi__Druze.within.tsv	1942 bytes
/home/computer/popgen/projects/ashkenazi_reference_test/results/fst/work/wc_pairs/primary/Jew_Ashkenazi__Greek.keep.tsv	537 bytes
/home/computer/popgen/projects/ashkenazi_reference_test/results/fst/work/wc_pairs/primary/Jew_Ashkenazi__Greek.within.tsv	667 bytes
/home/computer/popgen/projects/ashkenazi_reference_test/results/fst/work/wc_pairs/primary/Jew_Ashkenazi__Italian_Bergamo.keep.tsv	614 bytes
/home/computer/popgen/projects/ashkenazi_reference_test/results/fst/work/wc_pairs/primary/Jew_Ashkenazi__Italian_Bergamo.within.tsv	779 bytes
/home/computer/popgen/projects/ashkenazi_reference_test/results/fst/work/wc_pairs/primary/Jew_Ashkenazi__Italian_Central.keep.tsv	406 bytes
/home/computer/popgen/projects/ashkenazi_reference_test/results/fst/work/wc_pairs/primary/Jew_Ashkenazi__Italian_Central.within.tsv	521 bytes
/home/computer/popgen/projects/ashkenazi_reference_test/results/fst/work/wc_pairs/primary/Jew_Ashkenazi__Italian_North.keep.tsv	427 bytes
/home/computer/popgen/projects/ashkenazi_reference_test/results/fst/work/wc_pairs/primary/Jew_Ashkenazi__Italian_North.within.tsv	557 bytes
/home/computer/popgen/projects/ashkenazi_reference_test/results/fst/work/wc_pairs/primary/Jew_Ashkenazi__Italian_South.keep.tsv	471 bytes
/home/computer/popgen/projects/ashkenazi_reference_test/results/fst/work/wc_pairs/primary/Jew_Ashkenazi__Italian_South.within.tsv	616 bytes
/home/computer/popgen/projects/ashkenazi_reference_test/results/fst/work/wc_pairs/primary/Jew_Ashkenazi__Italian_Tuscan.keep.tsv	442 bytes
/home/computer/popgen/projects/ashkenazi_reference_test/results/fst/work/wc_pairs/primary/Jew_Ashkenazi__Italian_Tuscan.within.tsv	557 bytes
/home/computer/popgen/projects/ashkenazi_reference_test/results/fst/work/wc_pairs/primary/Jew_Ashkenazi__Jew_Iraqi.keep.tsv	330 bytes
/home/computer/popgen/projects/ashkenazi_reference_test/results/fst/work/wc_pairs/primary/Jew_Ashkenazi__Jew_Iraqi.within.tsv	405 bytes
/home/computer/popgen/projects/ashkenazi_reference_test/results/fst/work/wc_pairs/primary/Jew_Ashkenazi__Jew_Turkish.keep.tsv	400 bytes
/home/computer/popgen/projects/ashkenazi_reference_test/results/fst/work/wc_pairs/primary/Jew_Ashkenazi__Jew_Turkish.within.tsv	475 bytes
/home/computer/popgen/projects/ashkenazi_reference_test/results/fst/work/wc_pairs/primary/Jew_Ashkenazi__Jew_Yemenite.keep.tsv	400 bytes
/home/computer/popgen/projects/ashkenazi_reference_test/results/fst/work/wc_pairs/primary/Jew_Ashkenazi__Jew_Yemenite.within.tsv	485 bytes
/home/computer/popgen/projects/ashkenazi_reference_test/results/fst/work/wc_pairs/primary/Jew_Ashkenazi__Lebanese.keep.tsv	296 bytes
/home/computer/popgen/projects/ashkenazi_reference_test/results/fst/work/wc_pairs/primary/Jew_Ashkenazi__Lebanese.within.tsv	371 bytes
/home/computer/popgen/projects/ashkenazi_reference_test/results/fst/work/wc_pairs/primary/Jew_Ashkenazi__Lebanese_Christian.keep.tsv	365 bytes
/home/computer/popgen/projects/ashkenazi_reference_test/results/fst/work/wc_pairs/primary/Jew_Ashkenazi__Lebanese_Christian.within.tsv	445 bytes
/home/computer/popgen/projects/ashkenazi_reference_test/results/fst/work/wc_pairs/primary/Jew_Ashkenazi__Lebanese_Muslim.keep.tsv	408 bytes
/home/computer/popgen/projects/ashkenazi_reference_test/results/fst/work/wc_pairs/primary/Jew_Ashkenazi__Lebanese_Muslim.within.tsv	498 bytes
/home/computer/popgen/projects/ashkenazi_reference_test/results/fst/work/wc_pairs/primary/Jew_Ashkenazi__Maltese.keep.tsv	316 bytes
/home/computer/popgen/projects/ashkenazi_reference_test/results/fst/work/wc_pairs/primary/Jew_Ashkenazi__Maltese.within.tsv	391 bytes
/home/computer/popgen/projects/ashkenazi_reference_test/results/fst/work/wc_pairs/primary/Jew_Ashkenazi__Palestinian.keep.tsv	1597 bytes
/home/computer/popgen/projects/ashkenazi_reference_test/results/fst/work/wc_pairs/primary/Jew_Ashkenazi__Palestinian.within.tsv	2047 bytes
/home/computer/popgen/projects/ashkenazi_reference_test/results/fst/work/wc_pairs/primary/Jew_Ashkenazi__Sicilian.keep.tsv	301 bytes
/home/computer/popgen/projects/ashkenazi_reference_test/results/fst/work/wc_pairs/primary/Jew_Ashkenazi__Sicilian.within.tsv	391 bytes
/home/computer/popgen/projects/ashkenazi_reference_test/results/fst/work/wc_pairs/strict_pass/Jew_Ashkenazi__Cypriot.keep.tsv	235 bytes
/home/computer/popgen/projects/ashkenazi_reference_test/results/fst/work/wc_pairs/strict_pass/Jew_Ashkenazi__Cypriot.within.tsv	295 bytes
/home/computer/popgen/projects/ashkenazi_reference_test/results/fst/work/wc_pairs/strict_pass/Jew_Ashkenazi__Druze.keep.tsv	788 bytes
/home/computer/popgen/projects/ashkenazi_reference_test/results/fst/work/wc_pairs/strict_pass/Jew_Ashkenazi__Druze.within.tsv	1018 bytes
/home/computer/popgen/projects/ashkenazi_reference_test/results/fst/work/wc_pairs/strict_pass/Jew_Ashkenazi__Greek.keep.tsv	513 bytes
/home/computer/popgen/projects/ashkenazi_reference_test/results/fst/work/wc_pairs/strict_pass/Jew_Ashkenazi__Greek.within.tsv	638 bytes
/home/computer/popgen/projects/ashkenazi_reference_test/results/fst/work/wc_pairs/strict_pass/Jew_Ashkenazi__Italian_Bergamo.keep.tsv	360 bytes
/home/computer/popgen/projects/ashkenazi_reference_test/results/fst/work/wc_pairs/strict_pass/Jew_Ashkenazi__Italian_Bergamo.within.tsv	455 bytes
/home/computer/popgen/projects/ashkenazi_reference_test/results/fst/work/wc_pairs/strict_pass/Jew_Ashkenazi__Italian_Central.keep.tsv	390 bytes
/home/computer/popgen/projects/ashkenazi_reference_test/results/fst/work/wc_pairs/strict_pass/Jew_Ashkenazi__Italian_Central.within.tsv	505 bytes
/home/computer/popgen/projects/ashkenazi_reference_test/results/fst/work/wc_pairs/strict_pass/Jew_Ashkenazi__Italian_North.keep.tsv	418 bytes
/home/computer/popgen/projects/ashkenazi_reference_test/results/fst/work/wc_pairs/strict_pass/Jew_Ashkenazi__Italian_North.within.tsv	548 bytes
/home/computer/popgen/projects/ashkenazi_reference_test/results/fst/work/wc_pairs/strict_pass/Jew_Ashkenazi__Italian_South.keep.tsv	471 bytes
/home/computer/popgen/projects/ashkenazi_reference_test/results/fst/work/wc_pairs/strict_pass/Jew_Ashkenazi__Italian_South.within.tsv	616 bytes
/home/computer/popgen/projects/ashkenazi_reference_test/results/fst/work/wc_pairs/strict_pass/Jew_Ashkenazi__Italian_Tuscan.keep.tsv	270 bytes
/home/computer/popgen/projects/ashkenazi_reference_test/results/fst/work/wc_pairs/strict_pass/Jew_Ashkenazi__Italian_Tuscan.within.tsv	335 bytes
/home/computer/popgen/projects/ashkenazi_reference_test/results/fst/work/wc_pairs/strict_pass/Jew_Ashkenazi__Jew_Iraqi.keep.tsv	288 bytes
/home/computer/popgen/projects/ashkenazi_reference_test/results/fst/work/wc_pairs/strict_pass/Jew_Ashkenazi__Jew_Iraqi.within.tsv	353 bytes
/home/computer/popgen/projects/ashkenazi_reference_test/results/fst/work/wc_pairs/strict_pass/Jew_Ashkenazi__Jew_Turkish.keep.tsv	400 bytes
/home/computer/popgen/projects/ashkenazi_reference_test/results/fst/work/wc_pairs/strict_pass/Jew_Ashkenazi__Jew_Turkish.within.tsv	475 bytes
/home/computer/popgen/projects/ashkenazi_reference_test/results/fst/work/wc_pairs/strict_pass/Jew_Ashkenazi__Jew_Yemenite.keep.tsv	352 bytes
/home/computer/popgen/projects/ashkenazi_reference_test/results/fst/work/wc_pairs/strict_pass/Jew_Ashkenazi__Jew_Yemenite.within.tsv	427 bytes
/home/computer/popgen/projects/ashkenazi_reference_test/results/fst/work/wc_pairs/strict_pass/Jew_Ashkenazi__Lebanese.keep.tsv	296 bytes
/home/computer/popgen/projects/ashkenazi_reference_test/results/fst/work/wc_pairs/strict_pass/Jew_Ashkenazi__Lebanese.within.tsv	371 bytes
/home/computer/popgen/projects/ashkenazi_reference_test/results/fst/work/wc_pairs/strict_pass/Jew_Ashkenazi__Lebanese_Christian.keep.tsv	365 bytes
/home/computer/popgen/projects/ashkenazi_reference_test/results/fst/work/wc_pairs/strict_pass/Jew_Ashkenazi__Lebanese_Christian.within.tsv	445 bytes
/home/computer/popgen/projects/ashkenazi_reference_test/results/fst/work/wc_pairs/strict_pass/Jew_Ashkenazi__Lebanese_Muslim.keep.tsv	408 bytes
/home/computer/popgen/projects/ashkenazi_reference_test/results/fst/work/wc_pairs/strict_pass/Jew_Ashkenazi__Lebanese_Muslim.within.tsv	498 bytes
/home/computer/popgen/projects/ashkenazi_reference_test/results/fst/work/wc_pairs/strict_pass/Jew_Ashkenazi__Maltese.keep.tsv	316 bytes
/home/computer/popgen/projects/ashkenazi_reference_test/results/fst/work/wc_pairs/strict_pass/Jew_Ashkenazi__Maltese.within.tsv	391 bytes
/home/computer/popgen/projects/ashkenazi_reference_test/results/fst/work/wc_pairs/strict_pass/Jew_Ashkenazi__Palestinian.keep.tsv	746 bytes
/home/computer/popgen/projects/ashkenazi_reference_test/results/fst/work/wc_pairs/strict_pass/Jew_Ashkenazi__Palestinian.within.tsv	951 bytes
/home/computer/popgen/projects/ashkenazi_reference_test/results/fst/work/wc_pairs/strict_pass/Jew_Ashkenazi__Sicilian.keep.tsv	301 bytes
/home/computer/popgen/projects/ashkenazi_reference_test/results/fst/work/wc_pairs/strict_pass/Jew_Ashkenazi__Sicilian.within.tsv	391 bytes
/home/computer/popgen/projects/ashkenazi_reference_test/results/handoff/ashkenazi_stages05_08_results_handoff_20260718_105540.zip	14651899 bytes
/home/computer/popgen/projects/ashkenazi_reference_test/results/handoff/ashkenazi_stages05_08_results_handoff_LATEST.zip	14651899 bytes
/home/computer/popgen/projects/ashkenazi_reference_test/results/pca/analysis/modern_primary_annotated.tsv	124289 bytes
/home/computer/popgen/projects/ashkenazi_reference_test/results/pca/analysis/modern_primary_ashkenazi_centroid_distances_pc1_pc10.tsv	501 bytes
/home/computer/popgen/projects/ashkenazi_reference_test/results/pca/analysis/modern_primary_pc1_pc2.pdf	34955 bytes
/home/computer/popgen/projects/ashkenazi_reference_test/results/pca/analysis/modern_primary_pc1_pc2.png	451651 bytes
/home/computer/popgen/projects/ashkenazi_reference_test/results/pca/analysis/modern_primary_pc1_pc3.pdf	34593 bytes
/home/computer/popgen/projects/ashkenazi_reference_test/results/pca/analysis/modern_primary_pc1_pc3.png	343409 bytes
/home/computer/popgen/projects/ashkenazi_reference_test/results/pca/analysis/modern_primary_population_centroids.tsv	2767 bytes
/home/computer/popgen/projects/ashkenazi_reference_test/results/pca/analysis/modern_primary_variance_explained.tsv	741 bytes
/home/computer/popgen/projects/ashkenazi_reference_test/results/pca/analysis/modern_strict_pass_annotated.tsv	82310 bytes
/home/computer/popgen/projects/ashkenazi_reference_test/results/pca/analysis/modern_strict_pass_ashkenazi_centroid_distances_pc1_pc10.tsv	499 bytes
/home/computer/popgen/projects/ashkenazi_reference_test/results/pca/analysis/modern_strict_pass_pc1_pc2.pdf	32485 bytes
/home/computer/popgen/projects/ashkenazi_reference_test/results/pca/analysis/modern_strict_pass_pc1_pc2.png	479045 bytes
/home/computer/popgen/projects/ashkenazi_reference_test/results/pca/analysis/modern_strict_pass_pc1_pc3.pdf	33117 bytes
/home/computer/popgen/projects/ashkenazi_reference_test/results/pca/analysis/modern_strict_pass_pc1_pc3.png	446142 bytes
/home/computer/popgen/projects/ashkenazi_reference_test/results/pca/analysis/modern_strict_pass_population_centroids.tsv	2737 bytes
/home/computer/popgen/projects/ashkenazi_reference_test/results/pca/analysis/modern_strict_pass_variance_explained.tsv	741 bytes
/home/computer/popgen/projects/ashkenazi_reference_test/results/pca/analysis/pca_analysis_summary.txt	691 bytes
/home/computer/popgen/projects/ashkenazi_reference_test/results/pca/analysis/primary_strict_population_pca_stability.tsv	1012 bytes
/home/computer/popgen/projects/ashkenazi_reference_test/results/pca/analysis/primary_strict_procrustes_aligned_samples.tsv	42959 bytes
/home/computer/popgen/projects/ashkenazi_reference_test/results/pca/modern_primary.eigenval	157 bytes
/home/computer/popgen/projects/ashkenazi_reference_test/results/pca/modern_primary.eigenvec	87201 bytes
/home/computer/popgen/projects/ashkenazi_reference_test/results/pca/modern_primary.log	1253 bytes
/home/computer/popgen/projects/ashkenazi_reference_test/results/pca/modern_primary.nosex	171 bytes
/home/computer/popgen/projects/ashkenazi_reference_test/results/pca/modern_strict_pass.eigenval	158 bytes
/home/computer/popgen/projects/ashkenazi_reference_test/results/pca/modern_strict_pass.eigenvec	56767 bytes
/home/computer/popgen/projects/ashkenazi_reference_test/results/pca/modern_strict_pass.log	1270 bytes
/home/computer/popgen/projects/ashkenazi_reference_test/results/pca/modern_strict_pass.nosex	102 bytes
/home/computer/popgen/projects/ashkenazi_reference_test/results/stage07_08_complete.json	89319 bytes
/home/computer/popgen/projects/ashkenazi_reference_test/results/synthesis/MANUSCRIPT_READY_STAGE08_RESULTS.txt	1284 bytes
/home/computer/popgen/projects/ashkenazi_reference_test/results/synthesis/METHODS_STAGE08_SYNTHESIS.txt	1156 bytes
/home/computer/popgen/projects/ashkenazi_reference_test/results/synthesis/figures/integrated_comparator_ranking.pdf	20664 bytes
/home/computer/popgen/projects/ashkenazi_reference_test/results/synthesis/figures/integrated_comparator_ranking.png	156895 bytes
/home/computer/popgen/projects/ashkenazi_reference_test/results/synthesis/figures/integrated_rank_heatmap.pdf	26049 bytes
/home/computer/popgen/projects/ashkenazi_reference_test/results/synthesis/figures/integrated_rank_heatmap.png	182473 bytes
/home/computer/popgen/projects/ashkenazi_reference_test/results/synthesis/figures/primary_strict_integrated_rank_stability.pdf	17502 bytes
/home/computer/popgen/projects/ashkenazi_reference_test/results/synthesis/figures/primary_strict_integrated_rank_stability.png	120944 bytes
/home/computer/popgen/projects/ashkenazi_reference_test/results/synthesis/stage08_complete.json	1122 bytes
/home/computer/popgen/projects/ashkenazi_reference_test/results/synthesis/stage08_synthesis_summary.txt	1571 bytes
/home/computer/popgen/projects/ashkenazi_reference_test/results/synthesis/tables/integrated_comparator_ranking.tsv	3592 bytes
