FID	IID	Population	Original_Group	Locality	Assessment	PC1	PC2	PC3	PC4	PC5	PC6	PC7	PC8	PC9	PC10	PC11	PC12	PC13	PC14	PC15	PC16	PC17	PC18	PC19	PC20
1	CYP19.HO	Cypriot	Cypriot	Nicosia	Pass	-0.0076058500	-0.0149127000	-0.0038158100	0.0003806480	0.0012291400	0.0065949700	-0.0011564900	0.0010629300	-0.0111533000	-0.0028417900	0.0022517700	-0.0009714200	0.0072215700	0.0068132700	0.0031200500	0.0070869500	-0.0079051400	-0.0049915900	-0.0001973780	-0.0062761900
2	CYP2.HO	Cypriot	Cypriot	Nicosia	Pass	-0.0011440100	-0.0145398000	-0.0004154060	-0.0007198610	0.0004563760	0.0027510500	-0.0069140600	-0.0019028300	-0.0060462800	-0.0096239200	-0.0072741700	-0.0055078400	0.0009811240	-0.0033136900	-0.0052493700	0.0051560000	-0.0027444800	0.0006724190	-0.0006950160	0.0046836100
3	CYP5.HO	Cypriot	Cypriot	Nicosia	Pass	-0.0045727100	-0.0096797700	0.0019079800	0.0081459500	-0.0000745289	0.0086038700	-0.0046440400	-0.0022608300	-0.0116015000	-0.0043643600	0.0041713800	-0.0082236800	0.0030811800	-0.0066394100	0.0011992800	0.0117793000	-0.0051932400	-0.0023478300	0.0057582000	0.0052622300
4	Cyprus22AJ19.HO	Cypriot	Cypriot	Nicosia	Pass	-0.0092650800	-0.0135275000	-0.0007165120	0.0002833500	0.0049829200	-0.0009070770	-0.0074041000	-0.0033284200	-0.0112534000	-0.0065019000	-0.0034094100	-0.0083807300	0.0005207170	0.0003309860	-0.0069239800	0.0025328700	-0.0032282100	0.0016993800	-0.0030235300	-0.0056082500
5	Cyprus24AJ19.HO	Cypriot	Cypriot	Nicosia	Pass	-0.0096646300	-0.0153331000	0.0021863800	0.0049559000	-0.0016988900	0.0012910600	-0.0055983500	0.0022549000	-0.0095221300	-0.0000188773	0.0037432100	0.0016940500	-0.0061238100	0.0036334100	-0.0001970840	0.0085103000	0.0003749060	-0.0016084700	0.0002048480	0.0069843800
6	HGDP00557.DG	Druze	Druze	Israel, modern 1	PROVISIONAL_PASS	-0.0456645000	0.0849617000	0.0059759100	0.0046888200	-0.0085038600	-0.0385369000	0.0040299800	0.0258864000	-0.0380719000	0.1654870000	-0.0027347800	0.0084663200	-0.0235156000	-0.0157258000	0.0207812000	0.0245401000	-0.0474318000	0.1098770000	-0.0665262000	0.1050890000
7	HGDP00557.HO	Druze	Druze	Israel, modern 1	Pass	-0.0457375000	0.0849009000	0.0058259500	0.0048379000	-0.0085443500	-0.0386399000	0.0042390200	0.0260554000	-0.0380778000	0.1653400000	-0.0025354300	0.0084640200	-0.0232878000	-0.0158431000	0.0205818000	0.0244032000	-0.0474358000	0.1097400000	-0.0665678000	0.1050320000
8	HGDP00558.DG	Druze	Druze	Israel, modern 1	PROVISIONAL_PASS	-0.0697467000	0.1249540000	0.0080290100	-0.0013728900	-0.0084780900	-0.0634917000	-0.0079642500	0.0099090100	0.0016065400	0.0713334000	-0.0261402000	0.0399783000	-0.0086350600	-0.0214204000	0.0492266000	0.0244892000	-0.0381474000	0.1109390000	0.0066278900	-0.0604059000
9	HGDP00558.HO	Druze	Druze	Israel, modern 1	Pass	-0.0698043000	0.1249710000	0.0081029500	-0.0014427900	-0.0084442300	-0.0637824000	-0.0080415400	0.0101116000	0.0016474600	0.0711963000	-0.0258827000	0.0399873000	-0.0086758100	-0.0206310000	0.0492199000	0.0246318000	-0.0383411000	0.1107720000	0.0066204300	-0.0603194000
10	HGDP00559.DG	Druze	Druze	Israel, modern 1	PROVISIONAL_PASS	-0.0408377000	0.0695397000	-0.0047736900	-0.0034361900	-0.0152470000	0.0181982000	0.0228865000	0.0013814200	-0.0083248100	0.0134422000	-0.0002988230	-0.0477257000	0.0087683700	0.0068450700	-0.0535758000	-0.0030210400	0.0686136000	-0.0999724000	0.0393614000	0.1681080000
11	HGDP00559.HO	Druze	Druze	Israel, modern 1	Pass	-0.0406066000	0.0697312000	-0.0047201000	-0.0031933600	-0.0150688000	0.0183785000	0.0229070000	0.0013373800	-0.0082986400	0.0135509000	-0.0000559849	-0.0479804000	0.0088837100	0.0070907200	-0.0537901000	-0.0030345900	0.0686061000	-0.0999782000	0.0394269000	0.1680160000
12	HGDP00560.DG	Druze	Druze	Israel, modern 1	PROVISIONAL_PASS	-0.0534826000	0.0940145000	0.0085424600	0.0042239800	-0.0114105000	-0.0443049000	-0.0092538900	0.0000356851	0.0025423100	-0.0050103800	-0.0069733300	0.0016899600	-0.0124760000	-0.0026692200	0.0349803000	-0.0066229400	-0.0305592000	0.0358954000	-0.0034919900	0.0332358000
13	HGDP00560.HO	Druze	Druze	Israel, modern 1	Pass	-0.0533283000	0.0940712000	0.0084022700	0.0043925800	-0.0117573000	-0.0442010000	-0.0093018000	0.0000244858	0.0026758400	-0.0049568400	-0.0069036500	0.0014638100	-0.0124268000	-0.0027067100	0.0349402000	-0.0066388500	-0.0303995000	0.0359717000	-0.0034122300	0.0333329000
14	HGDP00561.DG	Druze	Druze	Israel, modern 1	PROVISIONAL_PASS	-0.0288827000	0.0464553000	-0.0031561500	0.0020660100	0.0149683000	-0.0080660000	-0.0067501400	-0.0072711500	-0.0055409400	-0.0035970300	-0.0010690400	-0.0121590000	-0.0122307000	-0.0150029000	-0.0162882000	-0.0025192800	0.0403375000	-0.0506381000	0.0249604000	0.0483015000
15	HGDP00561.HO	Druze	Druze	Israel, modern 1	Pass	-0.0287916000	0.0462479000	-0.0034077700	0.0021584800	0.0148087000	-0.0080594400	-0.0071247800	-0.0073449400	-0.0057720900	-0.0036278300	-0.0010711300	-0.0121296000	-0.0123224000	-0.0151407000	-0.0168362000	-0.0026650100	0.0404038000	-0.0505839000	0.0242191000	0.0483358000
16	HGDP00562.DG	Druze	Druze	Israel, modern 1	PROVISIONAL_PASS	-0.0459998000	0.0762640000	0.0039989900	0.0098782300	-0.0087639000	-0.0239931000	-0.0174593000	0.0245658000	-0.0647563000	0.2543320000	0.0136705000	0.0321743000	-0.0194171000	0.0142017000	-0.0522145000	-0.0557761000	0.0347780000	-0.0623183000	0.0469202000	-0.0458668000
17	HGDP00562.HO	Druze	Druze	Israel, modern 1	Pass	-0.0459306000	0.0760824000	0.0042007000	0.0098506200	-0.0087774000	-0.0242767000	-0.0175021000	0.0244756000	-0.0649270000	0.2542050000	0.0138219000	0.0321284000	-0.0194626000	0.0143337000	-0.0523516000	-0.0555628000	0.0348016000	-0.0626019000	0.0466246000	-0.0455104000
18	HGDP00563.DG	Druze	Druze	Israel, modern 1	PROVISIONAL_PASS	0.0004504730	0.0091636900	0.0032788600	0.0137556000	0.0022245700	0.0249727000	-0.0254995000	-0.0095168500	-0.0324963000	-0.0105720000	-0.0265012000	-0.0615845000	-0.0649082000	0.0093231000	-0.0686917000	0.0255400000	0.0029830600	-0.1225350000	-0.1186370000	0.0192182000
19	HGDP00563.HO	Druze	Druze	Israel, modern 1	Pass	0.0005253040	0.0094230300	0.0032735900	0.0134745000	0.0019593800	0.0250087000	-0.0252743000	-0.0094286600	-0.0323591000	-0.0101724000	-0.0261394000	-0.0615486000	-0.0645246000	0.0093427500	-0.0684343000	0.0255317000	0.0033589500	-0.1227750000	-0.1184560000	0.0189863000
20	HGDP00564.DG	Druze	Druze	Israel, modern 1	PROVISIONAL_PASS	-0.0380978000	0.0636784000	0.0020572900	0.0068119300	-0.0119326000	-0.0235101000	-0.0165932000	0.0308642000	-0.0889436000	0.2738510000	0.0227494000	0.0358260000	-0.0449168000	0.0133145000	-0.0119781000	-0.0619479000	0.0265455000	-0.0664869000	0.0089123500	0.0152841000
21	HGDP00564.HO	Druze	Druze	Israel, modern 1	Pass	-0.0380132000	0.0636529000	0.0023984600	0.0066558500	-0.0120883000	-0.0237315000	-0.0166034000	0.0311497000	-0.0890617000	0.2734840000	0.0228676000	0.0353340000	-0.0449955000	0.0138694000	-0.0118316000	-0.0617608000	0.0265206000	-0.0661059000	0.0089446000	0.0153172000
22	HGDP00565.DG	Druze	Druze	Israel, modern 1	PROVISIONAL_PASS	-0.0606138000	0.1079080000	0.0083762500	0.0098382200	-0.0075827900	-0.0394882000	-0.0016207600	0.0123136000	-0.0174369000	0.1201720000	-0.0050324000	0.0240956000	-0.0287579000	0.0105443000	0.0310673000	0.0328581000	-0.0588088000	0.0979798000	-0.0499010000	-0.0114695000
23	HGDP00565.HO	Druze	Druze	Israel, modern 1	Pass	-0.0603999000	0.1081190000	0.0086839400	0.0098013200	-0.0077618300	-0.0395238000	-0.0015388400	0.0123550000	-0.0172902000	0.1203560000	-0.0045486300	0.0240803000	-0.0286623000	0.0104847000	0.0310865000	0.0329147000	-0.0590402000	0.0979358000	-0.0499283000	-0.0117524000
24	HGDP00566.DG	Druze	Druze	Israel, modern 1	PROVISIONAL_PASS	0.0024109800	0.0125692000	0.0007712220	-0.0010190100	0.0103439000	0.0107132000	-0.0128772000	-0.0145138000	-0.0115466000	-0.0120286000	0.0268070000	-0.0504689000	-0.0136618000	-0.0038664400	-0.0202268000	-0.0009818700	0.0031027200	-0.0717839000	-0.0064934600	0.0239134000
25	HGDP00566.HO	Druze	Druze	Israel, modern 1	Pass	0.0024190400	0.0127882000	0.0006496220	-0.0008654360	0.0102539000	0.0109117000	-0.0129956000	-0.0146462000	-0.0116049000	-0.0121904000	0.0265798000	-0.0503100000	-0.0134513000	-0.0038895700	-0.0201258000	-0.0012641300	0.0029953400	-0.0718848000	-0.0064255800	0.0241270000
26	HGDP00567.DG	Druze	Druze	Israel, modern 1	PROVISIONAL_PASS	-0.0749585000	0.1404820000	0.0032842800	0.0033700800	-0.0184200000	-0.0922251000	-0.0205059000	-0.0105973000	0.0491258000	-0.0646582000	-0.0193533000	0.0217235000	0.0148078000	0.0078628000	0.0008253190	-0.0272964000	0.0200740000	-0.0027557500	0.0777905000	0.0318104000
27	HGDP00567.HO	Druze	Druze	Israel, modern 1	Pass	-0.0749137000	0.1406730000	0.0034041300	0.0034565900	-0.0183294000	-0.0923845000	-0.0205416000	-0.0107167000	0.0489438000	-0.0647770000	-0.0191575000	0.0213661000	0.0147051000	0.0078851000	0.0009221260	-0.0273112000	0.0200386000	-0.0024914100	0.0776509000	0.0315777000
28	HGDP00568.DG	Druze	Druze	Israel, modern 1	PROVISIONAL_PASS	-0.0766509000	0.1362690000	0.0100701000	-0.0120145000	-0.0255080000	0.0255389000	0.0777941000	-0.0139098000	0.0381479000	-0.0805524000	-0.0258808000	0.0329443000	0.0209486000	0.0481533000	-0.0021671500	-0.0094669400	-0.0587409000	0.0266204000	-0.1008200000	-0.1274750000
29	HGDP00568.HO	Druze	Druze	Israel, modern 1	Pass	-0.0767115000	0.1365170000	0.0100958000	-0.0120176000	-0.0257844000	0.0254466000	0.0780276000	-0.0136326000	0.0379510000	-0.0806472000	-0.0261900000	0.0331487000	0.0209546000	0.0483957000	-0.0020926300	-0.0094199100	-0.0585796000	0.0266971000	-0.1009220000	-0.1277360000
30	HGDP00569.DG	Druze	Druze	Israel, modern 1	PROVISIONAL_PASS	-0.0601049000	0.0970795000	0.0000180288	-0.0292009000	-0.0758477000	0.4183720000	0.3280310000	-0.0080693100	0.0444535000	0.0101240000	0.0038277500	0.0219915000	0.0052520400	-0.0095304200	-0.0026114700	-0.0155638000	0.0196169000	0.0180669000	0.0419564000	0.0145835000
31	HGDP00569.HO	Druze	Druze	Israel, modern 1	Pass	-0.0599449000	0.0969492000	0.0001647540	-0.0290524000	-0.0757351000	0.4176400000	0.3277860000	-0.0079594600	0.0444243000	0.0100491000	0.0037502600	0.0219976000	0.0047895400	-0.0097034000	-0.0024084700	-0.0156030000	0.0195803000	0.0177950000	0.0420950000	0.0147635000
32	HGDP00571.DG	Druze	Druze	Israel, modern 1	PROVISIONAL_PASS	-0.0440316000	0.0715208000	0.0141908000	-0.0105608000	-0.0039004700	0.0139687000	0.0430317000	-0.0141385000	-0.0068928800	-0.0295653000	-0.0269454000	-0.0004234920	0.0265827000	0.0092310500	0.0019592900	0.0411984000	-0.0745303000	0.0416819000	-0.1077790000	-0.1733260000
33	HGDP00571.HO	Druze	Druze	Israel, modern 1	Pass	-0.0442356000	0.0718549000	0.0141265000	-0.0109494000	-0.0041040500	0.0136299000	0.0426429000	-0.0140281000	-0.0068693100	-0.0297381000	-0.0268820000	-0.0004526250	0.0267645000	0.0092142800	0.0023493200	0.0416779000	-0.0744356000	0.0420638000	-0.1077490000	-0.1734720000
34	HGDP00572.DG	Druze	Druze	Israel, modern 1	PROVISIONAL_PASS	-0.0438584000	0.0945573000	0.0013843400	-0.0032580800	0.0011660400	-0.0361282000	-0.0100972000	-0.0158717000	0.0200435000	-0.0874225000	-0.0003001950	-0.0250060000	-0.0035301100	0.0157439000	-0.0484747000	-0.0144857000	0.0237240000	-0.0799805000	-0.0277721000	0.0298405000
35	HGDP00572.HO	Druze	Druze	Israel, modern 1	Pass	-0.0439387000	0.0947249000	0.0013936400	-0.0031892400	0.0012238700	-0.0360166000	-0.0101560000	-0.0157164000	0.0199356000	-0.0875216000	0.0000196291	-0.0251551000	-0.0034547300	0.0158597000	-0.0487045000	-0.0144573000	0.0235671000	-0.0799423000	-0.0278076000	0.0296212000
36	HGDP00573.DG	Druze	Druze	Israel, modern 1	PROVISIONAL_PASS	-0.0593015000	0.0925794000	0.0014458900	-0.0011618300	-0.0026027600	-0.0545620000	-0.0131063000	-0.0030763500	0.0189884000	0.0334837000	-0.0134698000	0.0112520000	-0.0138763000	-0.0221375000	0.0437643000	0.0528172000	0.0297792000	0.0993551000	0.0154383000	-0.1015950000
37	HGDP00573.HO	Druze	Druze	Israel, modern 1	Pass	-0.0589524000	0.0924188000	0.0016426100	-0.0009117990	-0.0023847300	-0.0547109000	-0.0132411000	-0.0030481100	0.0188764000	0.0331600000	-0.0135027000	0.0113928000	-0.0138556000	-0.0218992000	0.0437473000	0.0527813000	0.0299853000	0.0993510000	0.0151162000	-0.1017440000
38	HGDP00574.DG	Druze	Druze	Israel, modern 1	PROVISIONAL_PASS	-0.0635583000	0.1091100000	-0.0026719500	-0.0061219600	-0.0052050600	-0.0393547000	0.0005264380	-0.0122403000	0.0460132000	-0.1127040000	0.0159122000	-0.0128629000	0.0205306000	0.0076916400	-0.0055548000	-0.0222816000	0.0296885000	-0.0635656000	0.0313620000	0.0272820000
39	HGDP00574.HO	Druze	Druze	Israel, modern 1	Pass	-0.0635474000	0.1093300000	-0.0023054600	-0.0061177500	-0.0054722100	-0.0390615000	0.0004510810	-0.0121366000	0.0459922000	-0.1125720000	0.0160548000	-0.0135580000	0.0202971000	0.0079052800	-0.0055788500	-0.0218748000	0.0300860000	-0.0634448000	0.0315497000	0.0275347000
40	HGDP00575.DG	Druze	Druze	Israel, modern 1	PROVISIONAL_PASS	-0.0742906000	0.1278250000	0.0041072100	-0.0108841000	-0.0071857300	-0.0769280000	-0.0025634400	-0.0201767000	0.0552335000	-0.1471110000	-0.0061428600	0.0006431220	0.0245193000	0.0069523900	-0.0315872000	-0.0347628000	-0.0082100200	-0.0469262000	0.0164691000	-0.0099239900
41	HGDP00575.HO	Druze	Druze	Israel, modern 1	Pass	-0.0741645000	0.1279390000	0.0043441200	-0.0110065000	-0.0069357100	-0.0768660000	-0.0027880600	-0.0201316000	0.0552440000	-0.1469790000	-0.0062594800	0.0006135010	0.0245202000	0.0066732600	-0.0315261000	-0.0347594000	-0.0083658700	-0.0467751000	0.0168998000	-0.0099965300
42	HGDP00576.DG	Druze	Druze	Israel, modern 1	PROVISIONAL_PASS	0.0067650400	0.0060307000	-0.0055289200	0.0026669600	0.0062164000	0.0140523000	-0.0120890000	-0.0032228300	-0.0075903000	0.0080309200	0.0142960000	-0.0198231000	0.0033473000	0.0022781800	-0.0018335400	0.0085599500	-0.0020223200	-0.0017634600	0.0040751600	-0.0059972300
43	HGDP00577.DG	Druze	Druze	Israel, modern 1	PROVISIONAL_PASS	-0.0601177000	0.1069760000	0.0061028400	-0.0078072900	-0.0293381000	0.0140321000	0.0387232000	-0.0015375700	0.0269107000	-0.0252936000	0.0096504700	0.0406288000	-0.0016231700	0.0482920000	0.0171792000	0.0426910000	-0.0523793000	0.0488667000	-0.1169850000	-0.1817250000
44	HGDP00577.HO	Druze	Druze	Israel, modern 1	Pass	-0.0596454000	0.1067200000	0.0066401100	-0.0079407200	-0.0292144000	0.0136118000	0.0383247000	-0.0012616900	0.0274516000	-0.0254848000	0.0100890000	0.0404162000	-0.0015829800	0.0483474000	0.0168157000	0.0429482000	-0.0525928000	0.0489193000	-0.1165580000	-0.1812720000
45	HGDP00578.DG	Druze	Druze	Israel, modern 1	PROVISIONAL_PASS	-0.0279745000	0.0519634000	0.0071086300	0.0026556700	0.0063212600	-0.0093564900	-0.0148369000	0.0130933000	-0.0327118000	0.0807166000	0.0128681000	-0.0103194000	-0.0034933100	-0.0014824300	0.0247437000	0.0429741000	-0.0541878000	0.0925197000	-0.0960807000	0.1039170000
46	HGDP00578.HO	Druze	Druze	Israel, modern 1	Pass	-0.0280287000	0.0520851000	0.0070413400	0.0028926700	0.0063103800	-0.0095637800	-0.0145392000	0.0130115000	-0.0326086000	0.0807089000	0.0130717000	-0.0102331000	-0.0034167100	-0.0014670200	0.0247740000	0.0428646000	-0.0539329000	0.0922443000	-0.0962409000	0.1039390000
47	HGDP00579.DG	Druze	Druze	Israel, modern 1	PROVISIONAL_PASS	0.0000550905	-0.0044856300	-0.0083770500	0.0022675800	0.0023017200	0.0126129000	-0.0202043000	0.0147259000	-0.0225554000	0.0164761000	0.0059222500	-0.0396599000	-0.0121221000	-0.0024136700	-0.0222556000	0.0341100000	-0.0190494000	-0.0553398000	0.0071130500	0.0376748000
48	HGDP00579.HO	Druze	Druze	Israel, modern 1	Pass	0.0004630600	-0.0047236800	-0.0085329300	0.0022585600	0.0029774900	0.0125735000	-0.0199132000	0.0145803000	-0.0222649000	0.0161353000	0.0058192300	-0.0398636000	-0.0122299000	-0.0028718400	-0.0218551000	0.0345375000	-0.0185303000	-0.0559577000	0.0070751700	0.0381482000
49	HGDP00580.DG	Druze	Druze	Israel, modern 1	PROVISIONAL_PASS	-0.0218086000	0.0373403000	0.0036003000	0.0089376300	0.0090128000	-0.0208234000	-0.0222728000	-0.0166236000	0.0060983100	-0.0179164000	0.0102048000	-0.0267122000	-0.0011029900	-0.0293761000	0.0288685000	0.0150054000	-0.0102840000	0.0036654800	0.0257659000	0.0595221000
50	HGDP00580.HO	Druze	Druze	Israel, modern 1	Pass	-0.0218376000	0.0373241000	0.0034539900	0.0090691500	0.0089170200	-0.0207417000	-0.0221576000	-0.0163753000	0.0059707600	-0.0179911000	0.0099767600	-0.0268222000	-0.0010609800	-0.0290806000	0.0290039000	0.0148945000	-0.0104082000	0.0035625000	0.0256587000	0.0595683000
51	HGDP00581.DG	Druze	Druze	Israel, modern 1	PROVISIONAL_PASS	-0.0623104000	0.1090190000	0.0037833100	-0.0007177540	-0.0071352800	-0.0555839000	-0.0064463000	-0.0082629700	0.0383744000	-0.0708779000	-0.0099733800	-0.0010023500	0.0124663000	-0.0005603900	0.0050699700	-0.0011672200	0.0100712000	0.0054317600	0.0232867000	-0.0179342000
52	HGDP00582.DG	Druze	Druze	Israel, modern 1	PROVISIONAL_PASS	-0.0197908000	0.0462186000	-0.0015346600	-0.0003684300	-0.0024655700	-0.0034600700	-0.0107970000	-0.0026489600	-0.0162264000	-0.0197760000	0.0112471000	-0.0376394000	0.0041028100	-0.0284325000	-0.0236877000	-0.0039347500	0.0404032000	-0.0106888000	0.0187030000	0.0356828000
53	HGDP00582.HO	Druze	Druze	Israel, modern 1	Pass	-0.0197558000	0.0462469000	-0.0016509600	-0.0003907940	-0.0024791900	-0.0035532300	-0.0107572000	-0.0026008300	-0.0162138000	-0.0201077000	0.0112383000	-0.0377435000	0.0038508300	-0.0285063000	-0.0237852000	-0.0040275100	0.0403755000	-0.0107172000	0.0188922000	0.0356188000
54	HGDP00583.DG	Druze	Druze	Israel, modern 1	PROVISIONAL_PASS	-0.0708909000	0.1400010000	0.0020356100	-0.0053601300	-0.0220279000	-0.0813396000	0.0070778800	-0.0087731500	0.0522035000	-0.1060920000	-0.0188513000	0.0180111000	0.0266819000	0.0305949000	0.0063232200	-0.0350686000	0.0005492050	-0.0111468000	0.0125587000	0.0476727000
55	HGDP00583.HO	Druze	Druze	Israel, modern 1	Pass	-0.0709774000	0.1397990000	0.0019087300	-0.0052887700	-0.0221293000	-0.0813509000	0.0069747000	-0.0089710300	0.0522246000	-0.1058800000	-0.0185997000	0.0181571000	0.0266555000	0.0306567000	0.0062415500	-0.0348557000	0.0006389660	-0.0109573000	0.0127632000	0.0479404000
56	HGDP00584.DG	Druze	Druze	Israel, modern 1	PROVISIONAL_PASS	-0.0158818000	0.0287994000	-0.0098334500	-0.0036059800	-0.0037951500	0.0494849000	0.0154990000	-0.0039666100	-0.0091136800	0.0026108300	-0.0220901000	-0.0441541000	0.0030062900	-0.0312708000	-0.0587924000	0.0003212060	0.0707037000	-0.0744476000	0.0230519000	0.1493800000
57	HGDP00584.HO	Druze	Druze	Israel, modern 1	Pass	-0.0158560000	0.0289339000	-0.0094842100	-0.0039015300	-0.0037915200	0.0493898000	0.0156483000	-0.0035952900	-0.0088730900	0.0024264600	-0.0219105000	-0.0441090000	0.0025871300	-0.0313481000	-0.0592067000	-0.0001560910	0.0703025000	-0.0743073000	0.0231057000	0.1494250000
58	HGDP00586.DG	Druze	Druze	Israel, modern 1	PROVISIONAL_PASS	-0.0254928000	0.0435128000	-0.0026323600	-0.0017116700	0.0097593600	0.0002416930	-0.0160787000	-0.0118050000	-0.0133316000	-0.0270913000	0.0211018000	-0.0254045000	-0.0099106700	0.0012206700	-0.0352993000	-0.0420719000	0.0202972000	-0.0611774000	0.0247931000	-0.0002333700
59	HGDP00586.HO	Druze	Druze	Israel, modern 1	Pass	-0.0256005000	0.0435543000	-0.0025261800	-0.0022110700	0.0096391300	0.0002411710	-0.0161066000	-0.0118217000	-0.0133198000	-0.0269964000	0.0209283000	-0.0253229000	-0.0098251300	0.0015262900	-0.0351814000	-0.0417786000	0.0201550000	-0.0610539000	0.0246130000	0.0003593730
60	HGDP00587.DG	Druze	Druze	Israel, modern 1	PROVISIONAL_PASS	-0.0061808300	0.0078980100	-0.0013217000	0.0064301400	0.0068641600	0.0165351000	-0.0100830000	0.0074753000	-0.0185483000	-0.0053976500	0.0153069000	-0.0000144992	0.0039025600	-0.0614915000	0.0112884000	0.0425185000	-0.0317448000	-0.0367252000	-0.0053320300	0.0477484000
61	HGDP00587.HO	Druze	Druze	Israel, modern 1	Pass	-0.0062274100	0.0080034400	-0.0011931300	0.0062587900	0.0066940400	0.0166499000	-0.0101377000	0.0074626200	-0.0185327000	-0.0054362200	0.0152051000	-0.0002726150	0.0039150500	-0.0612208000	0.0113552000	0.0424588000	-0.0314934000	-0.0366432000	-0.0053088800	0.0477537000
62	HGDP00588.DG	Druze	Druze	Israel, modern 1	PROVISIONAL_PASS	-0.0630142000	0.1240890000	0.0132759000	0.0032657700	-0.0218960000	-0.0737721000	-0.0207388000	0.0190973000	-0.0055233300	0.0623182000	-0.0026396200	0.0192018000	-0.0110998000	0.0074830000	0.0476707000	0.0175523000	-0.0036458400	0.1006310000	0.0375783000	-0.0374687000
63	HGDP00588.HO	Druze	Druze	Israel, modern 1	Pass	-0.0621456000	0.1236480000	0.0128980000	0.0035625000	-0.0214637000	-0.0733829000	-0.0206927000	0.0191752000	-0.0053388500	0.0622538000	-0.0025656500	0.0189147000	-0.0109690000	0.0074717200	0.0477124000	0.0170483000	-0.0036899600	0.1003110000	0.0368591000	-0.0378162000
64	HGDP00590.DG	Druze	Druze	Israel, modern 1	PROVISIONAL_PASS	-0.0542306000	0.0922560000	0.0033608400	0.0024678000	-0.0028279900	-0.0445187000	-0.0109314000	-0.0084092500	0.0196875000	-0.0198393000	-0.0096518600	0.0077304800	0.0035007600	-0.0042606600	0.0149934000	0.0091083400	0.0002045010	0.0322752000	0.0077264800	-0.0371411000
65	HGDP00591.DG	Druze	Druze	Israel, modern 1	PROVISIONAL_PASS	-0.0558366000	0.1000980000	0.0101894000	0.0078156600	-0.0138682000	-0.0442537000	-0.0005817620	0.0061858700	0.0056958200	0.0022664800	-0.0051292100	0.0014054000	-0.0030761200	0.0255363000	0.0139012000	-0.0251600000	0.0226501000	-0.0057810300	0.0072752800	-0.0486592000
66	HGDP00591.HO	Druze	Druze	Israel, modern 1	Pass	-0.0557324000	0.0999837000	0.0102033000	0.0078764800	-0.0137721000	-0.0443461000	-0.0004584500	0.0062382500	0.0058934000	0.0023546700	-0.0052468500	0.0013901300	-0.0031177200	0.0255517000	0.0138524000	-0.0251654000	0.0224774000	-0.0056073200	0.0070728200	-0.0483952000
67	HGDP00594.DG	Druze	Druze	Israel, modern 1	PROVISIONAL_PASS	-0.0412400000	0.0738642000	0.0014862800	0.0061792900	-0.0223220000	-0.0093349700	-0.0242114000	0.0389108000	-0.0990490000	0.3268270000	0.0126026000	0.0278395000	-0.0397529000	-0.0019961300	-0.0376950000	-0.0889396000	0.0145585000	-0.0553850000	0.0246864000	-0.0229233000
68	HGDP00594.HO	Druze	Druze	Israel, modern 1	Pass	-0.0412803000	0.0739436000	0.0016686200	0.0064124700	-0.0225026000	-0.0093032500	-0.0236750000	0.0390236000	-0.0989859000	0.3268000000	0.0126197000	0.0280970000	-0.0395141000	-0.0018985200	-0.0375410000	-0.0888663000	0.0145414000	-0.0552764000	0.0246032000	-0.0227770000
69	HGDP00595.DG	Druze	Druze	Israel, modern 1	PROVISIONAL_PASS	-0.0494214000	0.0821024000	-0.0040845400	-0.0059787100	-0.0172859000	-0.0592795000	-0.0077919200	-0.0229698000	0.0483179000	-0.1063620000	0.0127922000	-0.0057773100	0.0158586000	0.0022556900	-0.0123123000	-0.0211775000	0.0300038000	-0.0454007000	0.0262285000	0.0337713000
70	HGDP00595.HO	Druze	Druze	Israel, modern 1	Pass	-0.0493173000	0.0822762000	-0.0039306900	-0.0057895800	-0.0171982000	-0.0593162000	-0.0075456400	-0.0231842000	0.0487093000	-0.1066460000	0.0127334000	-0.0055322400	0.0157262000	0.0021757700	-0.0120906000	-0.0210667000	0.0303602000	-0.0450275000	0.0260848000	0.0334774000
71	HGDP00597.DG	Druze	Druze	Israel, modern 1	PROVISIONAL_PASS	-0.0224453000	0.0005736920	-0.0283261000	-0.0585026000	0.5503380000	-0.0205946000	0.1253630000	-0.0028826300	0.0278086000	0.0204915000	-0.0022326200	0.0230299000	0.0099684200	-0.0062394100	0.0076147300	-0.0309840000	0.0017195400	0.0044873400	-0.0056800800	-0.0071330400
72	HGDP00597.HO	Druze	Druze	Israel, modern 1	Pass	-0.0221702000	0.0005755010	-0.0284247000	-0.0585451000	0.5499090000	-0.0205752000	0.1252850000	-0.0028639000	0.0278841000	0.0203979000	-0.0021117400	0.0230792000	0.0098969200	-0.0062407200	0.0078575800	-0.0310276000	0.0017124800	0.0045662000	-0.0055925400	-0.0069955700
73	HGDP00598.DG	Druze	Druze	Israel, modern 1	PROVISIONAL_PASS	-0.0369625000	0.0630606000	-0.0075033800	-0.0042777000	-0.0099054700	-0.0030909300	-0.0039521200	0.0103726000	0.0053732100	0.0219199000	0.0034763200	-0.0129718000	-0.0123160000	-0.0109652000	0.0428191000	0.0172855000	-0.0011497300	0.0164127000	-0.0039535100	0.0069120000
74	HGDP00598.HO	Druze	Druze	Israel, modern 1	Pass	-0.0370079000	0.0630336000	-0.0075122500	-0.0042540300	-0.0099550600	-0.0032569600	-0.0038790100	0.0102807000	0.0053577100	0.0219389000	0.0034507500	-0.0131256000	-0.0122810000	-0.0110689000	0.0427918000	0.0173365000	-0.0011363500	0.0165189000	-0.0041386400	0.0068741100
75	HGDP00599.DG	Druze	Druze	Israel, modern 1	PROVISIONAL_PASS	-0.0465312000	0.0767603000	0.0051056400	0.0029877500	0.0023867100	-0.0256997000	-0.0050921800	0.0029096200	-0.0084711500	0.0122369000	-0.0042847400	0.0069658700	0.0024601400	0.0214899000	0.0222743000	0.0296602000	0.0125296000	0.0359797000	-0.0250698000	-0.0167937000
76	HGDP00599.HO	Druze	Druze	Israel, modern 1	Pass	-0.0469417000	0.0767968000	0.0048861300	0.0033514000	0.0025869300	-0.0253019000	-0.0052786300	0.0030612800	-0.0086968300	0.0118012000	-0.0043740500	0.0071369900	0.0026879300	0.0213119000	0.0219319000	0.0297634000	0.0128756000	0.0360876000	-0.0255484000	-0.0166563000
77	HGDP00600.DG	Druze	Druze	Israel, modern 1	PROVISIONAL_PASS	-0.0095577300	0.0109384000	0.0086545900	0.0072671900	0.0077730400	0.0022892800	-0.0065339800	-0.0110502000	-0.0058140800	0.0075707500	0.0126333000	-0.0239423000	-0.0026241800	-0.0330502000	0.0011126000	0.0206609000	0.0230510000	-0.0226729000	-0.0000187008	0.0170879000
78	HGDP00600.HO	Druze	Druze	Israel, modern 1	Pass	-0.0096903500	0.0106836000	0.0089152300	0.0070035100	0.0076768500	0.0024339000	-0.0064788400	-0.0111910000	-0.0058145300	0.0073942400	0.0124198000	-0.0236864000	-0.0024845600	-0.0329740000	0.0007755110	0.0204515000	0.0232881000	-0.0228477000	0.0003342790	0.0170498000
79	HGDP00601.DG	Druze	Druze	Israel, modern 1	PROVISIONAL_PASS	-0.0427745000	0.0760271000	0.0028684000	-0.0000396345	-0.0011680700	-0.0398552000	-0.0204928000	-0.0284282000	0.0460291000	-0.0945634000	0.0018336100	-0.0058439200	-0.0151672000	-0.0211691000	-0.0162797000	-0.0148768000	0.0262092000	-0.0454579000	0.0358201000	0.0508143000
80	HGDP00601.HO	Druze	Druze	Israel, modern 1	Pass	-0.0427959000	0.0759625000	0.0029983100	-0.0002115160	-0.0010112300	-0.0396550000	-0.0204638000	-0.0284775000	0.0462326000	-0.0946030000	0.0018156100	-0.0059317900	-0.0151667000	-0.0211446000	-0.0162268000	-0.0150676000	0.0261925000	-0.0452372000	0.0359130000	0.0506795000
81	HGDP00602.DG	Druze	Druze	Israel, modern 1	PROVISIONAL_PASS	-0.0125748000	0.0025572500	-0.0016769700	0.0026813200	0.0163404000	0.0146886000	-0.0090795300	-0.0053885300	-0.0150041000	-0.0194540000	0.0011013200	-0.0298627000	-0.0074606400	-0.0304422000	-0.0121220000	-0.0087642800	0.0010948500	-0.0232750000	0.0006184530	0.0280931000
82	HGDP00602.HO	Druze	Druze	Israel, modern 1	Pass	-0.0130637000	0.0028123900	-0.0015096600	0.0027922600	0.0163017000	0.0145915000	-0.0090034400	-0.0055646300	-0.0149450000	-0.0191586000	0.0011937000	-0.0297305000	-0.0069236400	-0.0303737000	-0.0121695000	-0.0089000700	0.0008908560	-0.0235269000	0.0009814280	0.0281252000
83	HGDP00604.DG	Druze	Druze	Israel, modern 1	PROVISIONAL_PASS	-0.0695565000	0.1297410000	0.0014436200	0.0007622670	-0.0114178000	-0.0953405000	-0.0164812000	-0.0343419000	0.0822208000	-0.1294100000	-0.0011158600	0.0034801300	0.0193464000	-0.0277199000	-0.0277924000	-0.0176742000	0.0138993000	-0.0388949000	0.0462783000	0.0154195000
84	HGDP00604.HO	Druze	Druze	Israel, modern 1	Pass	-0.0695419000	0.1297330000	0.0014864800	0.0008125210	-0.0116743000	-0.0954973000	-0.0163212000	-0.0341462000	0.0822027000	-0.1294120000	-0.0010598100	0.0033842600	0.0193083000	-0.0276639000	-0.0278007000	-0.0178095000	0.0137800000	-0.0388548000	0.0459064000	0.0155542000
85	HGDP00606.DG	Druze	Druze	Israel, modern 1	PROVISIONAL_PASS	-0.0307957000	0.0555919000	-0.0084951200	0.0089148300	-0.0074200600	-0.0213873000	-0.0148778000	0.0254166000	-0.0394616000	0.0933886000	-0.0104567000	-0.0014670600	-0.0073423700	0.0191992000	0.0148148000	0.0467522000	0.1148840000	0.0152510000	0.0300470000	0.0819646000
86	HGDP00606.HO	Druze	Druze	Israel, modern 1	Pass	-0.0309067000	0.0556730000	-0.0086921100	0.0091473000	-0.0072178200	-0.0214678000	-0.0149569000	0.0255078000	-0.0396255000	0.0934062000	-0.0103752000	-0.0015858100	-0.0074401300	0.0192415000	0.0148024000	0.0466677000	0.1149720000	0.0151852000	0.0300250000	0.0820275000
87	S_Druze-1.DG	Druze	Druze	Israel, modern 1	PROVISIONAL_PASS	-0.0600251000	0.0968351000	0.0000313477	-0.0291131000	-0.0759254000	0.4186030000	0.3279840000	-0.0079141400	0.0441476000	0.0104092000	0.0035541800	0.0220293000	0.0055526200	-0.0100515000	-0.0027237200	-0.0158843000	0.0196024000	0.0180182000	0.0422104000	0.0146531000
88	S_Druze-2.DG	Druze	Druze	Israel, modern 1	PROVISIONAL_PASS	-0.0221992000	0.0006005180	-0.0278939000	-0.0584948000	0.5506240000	-0.0207150000	0.1259090000	-0.0031569800	0.0276868000	0.0203330000	-0.0022142500	0.0233685000	0.0097785100	-0.0059860900	0.0077339400	-0.0310445000	0.0008240190	0.0038083300	-0.0061097400	-0.0077881800
89	GREEKGRALPOP10.HO	Greek	Greek	Thessaloniki	Pass	-0.0199903000	-0.0398662000	0.0064459800	-0.0000648987	-0.0080072100	-0.0003242590	-0.0005434050	-0.0005025970	-0.0200806000	-0.0052611800	0.0001992290	0.0052257800	-0.0005010890	-0.0001990810	-0.0027788800	-0.0050558000	-0.0070054400	-0.0089311300	0.0027849700	0.0011982400
90	GREEKGRALPOP11.HO	Greek	Greek	Thessaloniki	Pass	-0.0210031000	-0.0374843000	0.0097320500	0.0051395400	-0.0024121900	-0.0041578500	0.0041013300	-0.0006212960	-0.0237618000	-0.0042077700	-0.0106192000	0.0070071000	-0.0062389600	-0.0056428700	-0.0025448900	-0.0044267000	0.0107848000	-0.0019250500	0.0075940400	0.0013656000
91	GREEKGRALPOP12.HO	Greek	Greek	Thessaloniki	Pass	-0.0226131000	-0.0366036000	0.0035408600	0.0033840700	-0.0073690600	0.0039445100	0.0048931100	-0.0058549600	-0.0271145000	-0.0064642800	-0.0008352120	0.0062981800	0.0045052600	0.0002558160	-0.0041317200	0.0014747400	-0.0013267500	0.0064759900	0.0017965100	-0.0055191200
92	GREEKGRALPOP13.HO	Greek	Greek	Thessaloniki	Pass	-0.0195226000	-0.0412960000	0.0028267200	0.0040323300	-0.0058533400	-0.0029718300	-0.0007949710	-0.0050796500	-0.0231406000	-0.0071170200	-0.0151410000	0.0138282000	0.0025741000	0.0012288500	-0.0046080700	-0.0044179700	-0.0059206900	0.0047770200	0.0037653800	-0.0030329800
93	GREEKGRALPOP14.HO	Greek	Greek	Thessaloniki	Pass	-0.0213223000	-0.0296200000	0.0058390900	-0.0045264600	-0.0029773400	-0.0029760900	0.0028957400	0.0051854900	-0.0202326000	-0.0070640700	0.0032708200	0.0107047000	-0.0028867600	-0.0033705200	0.0030241600	-0.0057327300	-0.0095147000	0.0040011200	0.0031232700	-0.0156895000
94	GREEKGRALPOP15.HO	Greek	Greek	Thessaloniki	Pass	-0.0209049000	-0.0361726000	0.0093473700	0.0048048800	-0.0044164800	-0.0060386500	0.0051907100	0.0007863070	-0.0192470000	-0.0098716000	-0.0098358500	0.0142303000	0.0060310700	-0.0009487150	-0.0018512200	0.0046068700	0.0120148000	0.0055909500	-0.0007678810	0.0006156740
95	GREEKGRALPOP16.HO	Greek	Greek	Thessaloniki	Pass	-0.0200442000	-0.0371145000	0.0078875500	0.0013609700	-0.0054124100	-0.0003419020	0.0020735100	0.0030511300	-0.0215536000	-0.0064602700	-0.0081703700	-0.0009468090	0.0129449000	0.0007180430	0.0045313100	-0.0015769400	-0.0020561900	0.0027684000	-0.0012196600	0.0009433460
96	GREEKGRALPOP17.HO	Greek	Greek	Thessaloniki	Pass	-0.0202718000	-0.0384845000	0.0027850000	0.0000368774	-0.0035896600	-0.0058241200	0.0038318900	-0.0006427720	-0.0207215000	-0.0085833000	0.0038268900	0.0078181500	0.0088891200	0.0005625090	0.0053331500	0.0005061180	-0.0019127600	0.0026978100	0.0036435800	-0.0122373000
97	GREEKGRALPOP18.HO	Greek	Greek	Thessaloniki	Pass	-0.0201185000	-0.0415854000	0.0043029700	-0.0036150100	-0.0078093000	-0.0093556900	0.0044695700	0.0035816400	-0.0213897000	-0.0061374400	-0.0037096800	0.0036028300	0.0033064800	0.0068274000	0.0019921500	-0.0024895100	0.0038222300	-0.0030986900	0.0046562900	0.0036586500
98	GREEKGRALPOP3.HO	Greek	Greek	Thessaloniki	Pass	-0.0208058000	-0.0419800000	0.0162433000	-0.0022923200	-0.0013451800	-0.0019432200	-0.0022735000	0.0021851200	-0.0253409000	-0.0137910000	-0.0115560000	0.0061799100	0.0092593400	-0.0044971000	-0.0036270200	-0.0000592638	-0.0035637200	0.0002194220	0.0064070000	0.0015486900
99	GREEKGRALPOP4.HO	Greek	Greek	Thessaloniki	Pass	-0.0247687000	-0.0333840000	0.0037533600	0.0005322590	-0.0063365200	-0.0071521700	0.0062376000	-0.0028621200	-0.0144239000	-0.0126789000	-0.0054616900	-0.0022919000	0.0042892700	0.0004830380	-0.0005698670	-0.0043443800	-0.0013101500	0.0065528200	-0.0028837200	0.0002010060
100	GREEKGRALPOP5.HO	Greek	Greek	Thessaloniki	Pass	-0.0232486000	-0.0376530000	0.0048253700	0.0038389500	-0.0062890800	0.0011064800	0.0064600100	-0.0021528900	-0.0180321000	-0.0098852900	-0.0111614000	0.0017245700	-0.0001387700	0.0034076900	-0.0053003000	0.0099966600	0.0019261400	-0.0001304560	0.0018848700	-0.0061386300
101	GREEKGRALPOP8.HO	Greek	Greek	Thessaloniki	Pass	-0.0229534000	-0.0364129000	0.0049170100	-0.0029914100	-0.0052262700	-0.0125881000	0.0101882000	-0.0009893940	-0.0186830000	-0.0109462000	-0.0073909000	0.0063171100	0.0052513500	-0.0020413600	0.0022801900	-0.0031935100	0.0033340100	0.0090282000	0.0021336200	-0.0029244600
102	GREEKGRALPOP9.HO	Greek	Greek	Thessaloniki	Pass	-0.0231092000	-0.0407310000	0.0102336000	-0.0010049900	-0.0079286800	-0.0025361200	0.0036476600	-0.0032717600	-0.0214022000	-0.0009982470	-0.0124859000	0.0063924800	0.0058149300	0.0058470900	0.0091580100	-0.0074954600	0.0030444500	0.0052201800	0.0021506300	-0.0015950100
103	NA17372.HO	Greek	Greek	Greece, modern	Pass	-0.0173479000	-0.0309647000	0.0022889900	0.0066879400	-0.0036721100	0.0010571200	0.0039894600	0.0050757000	-0.0104995000	-0.0028358200	-0.0033836900	0.0030715900	0.0073412100	0.0047171100	-0.0036167000	0.0000973578	-0.0005737770	-0.0026422700	-0.0010342400	-0.0053329600
104	NA17373.HO	Greek	Greek	Greece, modern	Pass	-0.0266300000	-0.0406614000	0.0058931300	-0.0045756600	-0.0078523600	-0.0025235500	0.0095639700	0.0004730580	-0.0151474000	-0.0127170000	-0.0048309000	0.0081414200	-0.0014204900	0.0017961000	0.0096112000	0.0018997300	-0.0011519700	0.0014157000	0.0041113800	-0.0025680500
105	NA17375.HO	Greek	Greek	Greece, modern	Pass	-0.0193384000	-0.0261093000	0.0045440700	-0.0005401750	0.0033318400	0.0020867200	0.0038680700	-0.0011299100	-0.0110680000	-0.0104197000	-0.0081189200	0.0025281700	0.0110869000	-0.0015340400	-0.0012068800	-0.0050370300	0.0033541600	-0.0036294200	0.0053528900	0.0060363800
106	NA17376.HO	Greek	Greek	Greece, modern	Pass	-0.0136919000	-0.0242674000	-0.0009702250	0.0037102800	-0.0062030000	0.0017557600	-0.0030502900	0.0061556400	-0.0200564000	-0.0012265000	0.0001210750	-0.0025314600	0.0047661400	0.0028773000	0.0000919556	0.0045829100	-0.0048629500	-0.0072936500	0.0061972500	0.0025981300
107	S_Greek-2.DG	Greek	Greek	Greece, modern	PROVISIONAL_PASS	-0.0110736000	-0.0108358000	-0.0019221100	0.0033556800	-0.0033175600	0.0105133000	-0.0042873800	-0.0045731200	-0.0156028000	-0.0058321400	0.0062670000	-0.0001891450	0.0087075200	-0.0036969100	-0.0086536800	0.0023899000	-0.0028235500	0.0004839800	-0.0060168400	0.0102708000
108	HGDP01147.HO	Italian_Bergamo	Italian_North	Italy, modern 2	Pass	-0.0266866000	-0.0449822000	0.0090211400	0.0007222430	-0.0104640000	-0.0050316700	0.0089228700	0.0028033000	-0.0188953000	-0.0021314700	-0.0149103000	0.0151936000	0.0137989000	-0.0016198000	-0.0007346860	-0.0075008000	-0.0106761000	0.0067782600	-0.0003333720	-0.0072207900
109	HGDP01149.DG	Italian_Bergamo	Italian_North	Italy, modern 2	PROVISIONAL_PASS	-0.0266157000	-0.0491789000	0.0034075900	0.0011071000	-0.0080566400	-0.0063611900	0.0055716200	0.0079922400	-0.0339792000	-0.0083114000	-0.0053298400	0.0120236000	0.0088601500	0.0043566200	0.0116854000	-0.0068541800	-0.0043467500	-0.0025562500	0.0000169045	0.0108045000
110	HGDP01151.DG	Italian_Bergamo	Italian_North	Italy, modern 2	PROVISIONAL_PASS	-0.0381383000	-0.0768102000	0.0097213000	0.0019627400	-0.0160787000	-0.0031374400	0.0096614300	0.0093585300	-0.0487409000	-0.0280601000	-0.0335580000	0.0129737000	0.0418269000	-0.0219972000	0.0031645500	-0.0172652000	0.0035047300	0.0216000000	0.0094316500	-0.0154430000
111	HGDP01151.HO	Italian_Bergamo	Italian_North	Italy, modern 2	Pass	-0.0381948000	-0.0767053000	0.0097449500	0.0020210200	-0.0162105000	-0.0031487900	0.0095535600	0.0092504300	-0.0486983000	-0.0280967000	-0.0334351000	0.0128645000	0.0416704000	-0.0219216000	0.0029858000	-0.0172654000	0.0035457800	0.0213936000	0.0092837500	-0.0154305000
112	HGDP01152.DG	Italian_Bergamo	Italian_North	Italy, modern 2	PROVISIONAL_PASS	-0.0387763000	-0.0731635000	0.0117542000	-0.0021377800	-0.0216543000	-0.0024168500	0.0119981000	0.0159141000	-0.0409945000	-0.0319033000	-0.0192551000	0.0110287000	0.0006200190	-0.0073008100	-0.0094717100	-0.0136754000	-0.0091112400	0.0075172300	0.0135311000	-0.0058718200
113	HGDP01152.HO	Italian_Bergamo	Italian_North	Italy, modern 2	Pass	-0.0389483000	-0.0728361000	0.0116669000	-0.0023086400	-0.0224038000	-0.0022031400	0.0118302000	0.0153782000	-0.0410129000	-0.0324560000	-0.0194954000	0.0114538000	0.0007347720	-0.0078896200	-0.0090924400	-0.0135226000	-0.0090133700	0.0073687100	0.0127698000	-0.0058733500
114	HGDP01153.DG	Italian_Bergamo	Italian_North	Italy, modern 2	PROVISIONAL_PASS	-0.0721636000	-0.1248320000	0.0444258000	0.0038738400	-0.0388190000	-0.0802023000	0.0835391000	0.4143230000	0.3273380000	0.0503306000	0.0408527000	-0.0465373000	-0.0400841000	-0.0007030090	-0.0079058000	0.0026046500	-0.0139982000	-0.0254708000	-0.0202030000	-0.0016137200
115	HGDP01153.HO	Italian_Bergamo	Italian_North	Italy, modern 2	Pass	-0.0722164000	-0.1249020000	0.0444283000	0.0039175500	-0.0387319000	-0.0802012000	0.0835017000	0.4142870000	0.3273840000	0.0503043000	0.0408268000	-0.0466084000	-0.0400827000	-0.0007207730	-0.0079217700	0.0027127900	-0.0138883000	-0.0255304000	-0.0201357000	-0.0015197500
116	HGDP01155.DG	Italian_Bergamo	Italian_North	Italy, modern 2	PROVISIONAL_PASS	-0.0353062000	-0.0756322000	0.0090659700	-0.0042501600	-0.0092980100	-0.0224606000	0.0100417000	0.0029011300	-0.0535664000	-0.0225234000	-0.0236095000	0.0428493000	0.0140739000	0.0119999000	-0.0062429800	-0.0216984000	-0.0070432000	0.0298981000	-0.0111909000	-0.0275243000
117	HGDP01155.HO	Italian_Bergamo	Italian_North	Italy, modern 2	Pass	-0.0353681000	-0.0754978000	0.0091714800	-0.0043382100	-0.0090549900	-0.0225731000	0.0101466000	0.0029708100	-0.0534174000	-0.0227549000	-0.0236611000	0.0428765000	0.0138700000	0.0118768000	-0.0061014900	-0.0218201000	-0.0069654100	0.0297780000	-0.0111577000	-0.0274378000
118	HGDP01156.DG	Italian_Bergamo	Italian_North	Italy, modern 2	PROVISIONAL_PASS	-0.0394913000	-0.0806035000	0.0131962000	0.0035979000	-0.0202046000	-0.0144949000	0.0127954000	0.0042170500	-0.0396336000	-0.0194600000	-0.0256633000	0.0185913000	0.0344346000	-0.0194233000	0.0069192400	-0.0140632000	-0.0015935100	0.0127886000	-0.0056570700	-0.0235060000
119	HGDP01156.HO	Italian_Bergamo	Italian_North	Italy, modern 2	Pass	-0.0393678000	-0.0803926000	0.0132781000	0.0036591700	-0.0201581000	-0.0145438000	0.0127376000	0.0042904100	-0.0397845000	-0.0195237000	-0.0256992000	0.0186398000	0.0344480000	-0.0193933000	0.0070306300	-0.0140808000	-0.0014874700	0.0127412000	-0.0056682100	-0.0234717000
120	HGDP01157.DG	Italian_Bergamo	Italian_North	Italy, modern 2	PROVISIONAL_PASS	-0.0363152000	-0.0713362000	0.0119560000	0.0010769700	-0.0114541000	-0.0150581000	-0.0024660000	0.0105758000	-0.0575579000	-0.0148741000	-0.0111646000	0.0324451000	0.0128205000	0.0228260000	0.0130096000	-0.0084281800	-0.0156989000	0.0335189000	-0.0107806000	-0.0221293000
121	HGDP01157.HO	Italian_Bergamo	Italian_North	Italy, modern 2	Pass	-0.0361423000	-0.0714966000	0.0119969000	0.0011619900	-0.0114680000	-0.0151396000	-0.0025134000	0.0104946000	-0.0573708000	-0.0149882000	-0.0110880000	0.0325299000	0.0127537000	0.0224531000	0.0130668000	-0.0081732700	-0.0154499000	0.0334390000	-0.0109129000	-0.0220673000
122	HGDP01171.DG	Italian_Bergamo	Italian_North	Italy, modern 2	PROVISIONAL_PASS	-0.0363238000	-0.0687195000	0.0170309000	-0.0027968700	-0.0163209000	-0.0149048000	0.0080534200	-0.0115196000	-0.0274477000	-0.0203441000	-0.0228823000	0.0289241000	-0.0112148000	0.0166524000	0.0116753000	-0.0054511300	-0.0060691600	0.0048439900	0.0071445400	0.0061563200
123	HGDP01171.HO	Italian_Bergamo	Italian_North	Italy, modern 2	Pass	-0.0363277000	-0.0686266000	0.0170351000	-0.0027911200	-0.0162333000	-0.0147245000	0.0081213300	-0.0116370000	-0.0277380000	-0.0203308000	-0.0228579000	0.0289766000	-0.0109655000	0.0167865000	0.0120660000	-0.0056311000	-0.0061185000	0.0047741700	0.0068780500	0.0063339900
124	HGDP01172.DG	Italian_Bergamo	Italian_North	Italy, modern 2	PROVISIONAL_PASS	-0.0593868000	-0.1437620000	0.0468459000	-0.0399089000	-0.0527041000	-0.0987919000	0.0892867000	-0.3868440000	0.3049740000	0.1574350000	0.0572425000	-0.0494167000	-0.0325168000	0.0301689000	-0.0003701420	0.0188592000	0.0025685000	-0.0100221000	-0.0124873000	0.0060775000
125	HGDP01172.HO	Italian_Bergamo	Italian_North	Italy, modern 2	Pass	-0.0594329000	-0.1436570000	0.0466283000	-0.0397959000	-0.0525601000	-0.0987322000	0.0892572000	-0.3866690000	0.3048870000	0.1576250000	0.0572117000	-0.0495948000	-0.0325955000	0.0302824000	-0.0004440790	0.0186757000	0.0026483800	-0.0102263000	-0.0123981000	0.0060881100
126	HGDP01173.DG	Italian_Bergamo	Italian_North	Italy, modern 2	PROVISIONAL_PASS	-0.0375745000	-0.0718000000	0.0090956500	-0.0008118410	0.0034981200	-0.0202419000	0.0154128000	-0.0050385500	-0.0304911000	-0.0258964000	-0.0206324000	0.0184458000	0.0213551000	-0.0036651700	0.0097492400	-0.0205292000	-0.0120388000	0.0142122000	0.0116778000	-0.0142994000
127	HGDP01173.HO	Italian_Bergamo	Italian_North	Italy, modern 2	Pass	-0.0374074000	-0.0718032000	0.0090277600	-0.0008316520	0.0033537900	-0.0204208000	0.0153370000	-0.0047098800	-0.0305414000	-0.0258876000	-0.0205712000	0.0182048000	0.0214354000	-0.0038820500	0.0099262800	-0.0205876000	-0.0117336000	0.0143254000	0.0119101000	-0.0139640000
128	HGDP01174.DG	Italian_Bergamo	Italian_North	Italy, modern 2	PROVISIONAL_PASS	-0.0371736000	-0.0679183000	0.0118196000	0.0014197200	-0.0119287000	-0.0070611200	0.0103906000	-0.0041007700	-0.0519748000	-0.0109259000	0.0042743400	0.0348328000	0.0164945000	0.0235939000	0.0108801000	-0.0223314000	-0.0292921000	0.0092712700	0.0213156000	0.0097573200
129	HGDP01174.HO	Italian_Bergamo	Italian_North	Italy, modern 2	Pass	-0.0373003000	-0.0680038000	0.0117888000	0.0014737000	-0.0121350000	-0.0072920900	0.0104002000	-0.0039249000	-0.0520059000	-0.0109830000	0.0043826200	0.0346863000	0.0163840000	0.0236006000	0.0111430000	-0.0223987000	-0.0292209000	0.0092578500	0.0212014000	0.0098519100
130	HGDP01177.DG	Italian_Bergamo	Italian_North	Italy, modern 2	PROVISIONAL_PASS	-0.0337472000	-0.0646508000	0.0151227000	0.0052479100	-0.0126724000	-0.0043011700	0.0258243000	-0.0026946300	-0.0413630000	-0.0131684000	-0.0177166000	0.0267580000	-0.0133974000	-0.0155606000	-0.0027097300	-0.0252939000	0.0033959400	-0.0070403000	0.0132720000	0.0231422000
131	HGDP01177.HO	Italian_Bergamo	Italian_North	Italy, modern 2	Pass	-0.0337356000	-0.0646468000	0.0150252000	0.0052292100	-0.0125684000	-0.0041508900	0.0258369000	-0.0027018000	-0.0412489000	-0.0132749000	-0.0177649000	0.0268500000	-0.0133054000	-0.0154291000	-0.0024550500	-0.0250933000	0.0034257300	-0.0070036300	0.0132357000	0.0233444000
132	S_Bergamo-1.DG	Italian_Bergamo	Italian_North	Italy, modern 2	PROVISIONAL_PASS	-0.0723959000	-0.1242730000	0.0444145000	0.0036711700	-0.0387481000	-0.0798041000	0.0829571000	0.4136120000	0.3264810000	0.0505735000	0.0415637000	-0.0463355000	-0.0397828000	0.0000447900	-0.0076659400	0.0029284300	-0.0133011000	-0.0257964000	-0.0199801000	-0.0015024400
133	S_Bergamo-2.DG	Italian_Bergamo	Italian_North	Italy, modern 2	PROVISIONAL_PASS	-0.0594215000	-0.1437200000	0.0468530000	-0.0398443000	-0.0524352000	-0.0988491000	0.0891775000	-0.3870910000	0.3051530000	0.1579710000	0.0576399000	-0.0491688000	-0.0326860000	0.0299433000	-0.0001050330	0.0182786000	0.0024142600	-0.0104233000	-0.0128531000	0.0062448700
134	PG128.HO	Italian_Central	Italian_Central	Perugia Case Nuove (Umbria, Perugia)	Pass	-0.0181260000	-0.0322418000	0.0102504000	0.0013927700	-0.0025744100	-0.0001471000	0.0077914700	-0.0029102300	-0.0208087000	-0.0056942700	-0.0023899100	0.0013622500	0.0096570000	-0.0004368250	0.0064469100	0.0025493900	-0.0024877200	0.0025231900	0.0020313900	0.0039975400
135	PG2012_242.HO	Italian_Central	Italian_Central	Castiglion Fiorentino (Southern Tuscany, Arezzo)	Pass	-0.0223906000	-0.0406612000	0.0027608000	0.0003746010	-0.0110351000	-0.0028708600	0.0008731060	0.0015849000	-0.0197467000	-0.0077444700	-0.0017745600	0.0073925600	0.0068621400	-0.0030697500	-0.0010659500	-0.0054632600	0.0039808900	-0.0138253000	-0.0034735600	0.0079984400
136	PG2012_477.HO	Italian_Central	Italian_Central	Bettolle (Southern Tuscany, Siena)	Pass	-0.0231113000	-0.0395723000	0.0082039000	0.0035402100	-0.0019289300	-0.0036752100	0.0006003550	0.0002659450	-0.0263080000	-0.0080433900	-0.0000798391	0.0124190000	0.0032917700	0.0030302100	-0.0073483700	0.0047827500	0.0065025000	0.0079841500	-0.0013367100	-0.0048027300
137	PG2012_625.HO	Italian_Central	Italian_Central	Perugia (Umbria, Perugia)	Pass	-0.0196401000	-0.0383162000	0.0067844900	0.0066941200	-0.0028607600	-0.0064523600	0.0072424300	0.0026874300	-0.0121672000	-0.0124513000	-0.0038666600	0.0064025900	0.0024447700	-0.0034059700	-0.0029917900	0.0000754767	0.0009122640	-0.0055889500	0.0040648500	0.0008334760
138	PG2012_639.HO	Italian_Central	Italian_Central	Arezzo (Southern Tuscany, Arezzo)	Pass	-0.0207865000	-0.0378268000	0.0081245000	0.0070678600	-0.0131596000	-0.0058867400	0.0048316200	-0.0008739810	-0.0224988000	-0.0085550100	-0.0033574500	0.0021927800	0.0097646100	-0.0071170500	-0.0009490110	0.0035487000	-0.0000930007	-0.0004265430	-0.0105031000	0.0070936100
139	PG2012_642.HO	Italian_Central	Italian_Central	Cupramontana (Marche, Ancona)	Pass	-0.0215107000	-0.0322190000	-0.0008115120	0.0017955800	-0.0036070600	-0.0021102300	0.0007151910	-0.0022504600	-0.0150356000	-0.0051811700	0.0001304040	0.0140743000	-0.0012478600	-0.0075348600	-0.0072304800	-0.0005124110	0.0027243400	0.0009739430	0.0045060600	-0.0013063000
140	PG2012_647.HO	Italian_Central	Italian_Central	Chiusi (Tuscany, Siena)	Pass	-0.0210682000	-0.0395322000	0.0028753300	-0.0011291600	-0.0012336700	-0.0046551800	0.0029539700	-0.0007690390	-0.0131489000	-0.0062983600	-0.0077724200	0.0079761200	0.0027027600	-0.0017803200	0.0009070510	-0.0069285700	-0.0059173200	-0.0007187700	-0.0016426600	-0.0016833600
141	PG470.HO	Italian_Central	Italian_Central	Ascoli Piceno (Marche, Ascoli Piceno)	Pass	-0.0173638000	-0.0345603000	0.0121076000	0.0071100300	0.0008546070	0.0045002500	0.0016487100	0.0010021600	-0.0249058000	-0.0080756000	-0.0074449900	0.0072046000	0.0072153100	0.0041556200	-0.0055662400	0.0022723600	-0.0149632000	-0.0021533700	-0.0012810000	-0.0023924200
142	PG720.HO	Italian_Central	Italian_Central	Ascoli Piceno (Marche, Ascoli Piceno)	Pass	-0.0188118000	-0.0333251000	0.0016787100	0.0025706600	-0.0029076900	-0.0044387500	0.0048619800	-0.0051099700	-0.0210365000	-0.0066315000	0.0011871600	0.0029607700	0.0032438100	0.0067824600	-0.0035661600	-0.0035772300	0.0000095928	-0.0026219100	0.0071697600	-0.0080916600
143	PG722.HO	Italian_Central	Italian_Central	Fabriano (Marche, Ancona)	Pass	-0.0201450000	-0.0321790000	-0.0011531300	0.0064499900	-0.0030974800	-0.0025068300	0.0059961000	-0.0018155000	-0.0168882000	-0.0043511800	-0.0101236000	0.0089893700	0.0088254400	-0.0044818600	-0.0011967700	0.0007161790	-0.0020214500	-0.0018747400	0.0020502800	-0.0072356700
144	PG723.HO	Italian_Central	Italian_Central	Perugia Montegrillo (Umbria, Perugia)	Pass	-0.0235895000	-0.0362386000	0.0103755000	0.0063836200	-0.0090787800	-0.0000137771	0.0031745500	-0.0025424900	-0.0247911000	-0.0100280000	-0.0067607100	0.0066527900	-0.0010046400	0.0006765880	-0.0089275200	-0.0024696300	-0.0042551300	0.0042172700	0.0007633050	-0.0030256200
145	PG731.HO	Italian_Central	Italian_Central	Montepulciano (Southern Tuscany, Siena)	Pass	-0.0160700000	-0.0352966000	0.0066054100	-0.0008061200	-0.0057409000	-0.0025699400	0.0074419600	0.0004265640	-0.0184803000	-0.0089634500	-0.0105546000	0.0046286500	0.0022032600	0.0013842700	-0.0037300900	-0.0100111000	-0.0004980880	-0.0001756050	-0.0066979100	0.0004411790
146	PG734.HO	Italian_Central	Italian_Central	Perugia (Umbria, Perugia)	Pass	-0.0227364000	-0.0362166000	-0.0017506700	-0.0038153000	-0.0035535300	0.0037218100	0.0026468700	0.0041568800	-0.0199466000	-0.0121014000	-0.0014763000	0.0022080100	0.0092814700	0.0050468800	-0.0011988400	-0.0038706000	-0.0005788500	0.0011523200	-0.0015464300	0.0000749460
147	PG739.HO	Italian_Central	Italian_Central	Ca' De Cio (Southern Tuscany, Arezzo)	Pass	-0.0222286000	-0.0383223000	0.0028253100	-0.0015867500	-0.0104671000	-0.0060053400	0.0070841400	0.0026533000	-0.0211713000	-0.0088937300	-0.0042396200	0.0044971300	0.0107017000	0.0026444500	-0.0003101000	-0.0067714400	-0.0055289300	-0.0047649200	-0.0068960200	-0.0051002400
148	PG775.HO	Italian_Central	Italian_Central	Perugia Stazione (Umbria, Perugia)	Pass	-0.0180052000	-0.0399073000	0.0017159100	0.0042082600	-0.0026985900	-0.0051403300	-0.0013687200	-0.0041258400	-0.0153098000	-0.0098788400	-0.0077347700	0.0013528100	0.0048834700	-0.0051556900	-0.0015290500	-0.0003941500	-0.0017645100	0.0039313000	-0.0062207600	-0.0094542900
149	VT035.HO	Italian_Central	Italian_Central	Bolsena (Northern Latium, Viterbo)	Pass	-0.0181658000	-0.0330071000	0.0083387900	-0.0037514500	-0.0084464500	0.0046284800	0.0051985800	0.0095780500	-0.0219585000	-0.0079247300	0.0034737100	0.0077878700	0.0013371500	-0.0026691100	-0.0013874400	0.0052074600	-0.0069533800	0.0093821700	-0.0017493800	0.0004772920
150	ALP108.HO	Italian_North	Italian_North	Treviso (Veneto, Treviso)	Pass	-0.0250441000	-0.0468314000	0.0073362400	0.0023906300	-0.0081605700	-0.0053126600	0.0127978000	0.0016817200	-0.0257181000	-0.0110462000	-0.0082878400	0.0111312000	-0.0046769100	0.0049191300	0.0006718670	-0.0027772300	0.0015101300	0.0031616600	0.0029448900	0.0000930287
151	ALP134.HO	Italian_North	Italian_North	Cremona (Lombardy)	Pass	-0.0288376000	-0.0457656000	0.0088309500	0.0050053700	-0.0082883300	-0.0053281300	0.0137737000	-0.0005687470	-0.0165655000	-0.0074809900	-0.0124676000	0.0137541000	0.0095291000	-0.0008209990	-0.0019309500	-0.0087529200	0.0017993800	0.0020389100	0.0029874400	-0.0082033000
152	ALP156.HO	Italian_North	Italian_North	Piacenza (Emilia-Romagna, Piacenza)	Pass	-0.0242613000	-0.0464309000	0.0100066000	0.0041627500	-0.0097145900	-0.0060354000	0.0120684000	0.0098819300	-0.0191560000	-0.0036864300	-0.0057694300	0.0043254800	0.0020260600	0.0046878200	0.0065026800	-0.0027406000	-0.0000168461	-0.0013634900	0.0079975900	0.0016722900
153	ALP202.HO	Italian_North	Italian_North	Bassano del Grappa (Veneto, Vicenza)	Pass	-0.0276885000	-0.0424487000	0.0130225000	0.0009155470	-0.0046924800	-0.0098486000	0.0024196900	0.0013046000	-0.0221314000	-0.0158730000	-0.0087199000	0.0175805000	0.0074163400	-0.0005734350	-0.0008512860	0.0010730800	0.0100697000	-0.0018676000	0.0083307900	-0.0037520400
154	ALP211.HO	Italian_North	Italian_North	Modena (Emilia-Romagna, Modena)	Pass	-0.0217829000	-0.0440578000	0.0053967700	-0.0022160300	-0.0082111200	-0.0048983800	0.0022391700	0.0039035700	-0.0203495000	-0.0090451100	0.0010139800	0.0028723000	0.0049419700	-0.0009885280	-0.0024998200	-0.0031383400	0.0000583471	-0.0087309000	0.0062380500	0.0023436200
155	ALP277.HO	Italian_North	Italian_North	Domodossola (Piedmont, Verbano-Cusio-Ossola)	Pass	-0.0270816000	-0.0456983000	0.0075113400	-0.0028944400	-0.0159926000	-0.0050579800	0.0050799400	-0.0011917300	-0.0227263000	-0.0156980000	-0.0017569800	0.0051116100	0.0034367500	-0.0030363700	0.0050752500	-0.0042679800	-0.0065708800	0.0001566850	0.0087404700	-0.0066649600
156	ALP278.HO	Italian_North	Italian_North	Borgonovo Val Tidone (Emilia-Romagna, Piacenza)	Pass	-0.0273383000	-0.0421091000	0.0068652500	0.0023185600	-0.0027712400	-0.0076298900	0.0026141800	0.0000816331	-0.0186836000	-0.0057557000	-0.0004092680	0.0114185000	-0.0002605130	0.0023244600	-0.0002465240	-0.0009156910	-0.0041911100	0.0058161000	0.0022372800	0.0079513400
157	ALP28.HO	Italian_North	Italian_North	Ferrara (Emilia-Romagna, Ferrara)	Pass	-0.0260519000	-0.0414851000	0.0065790100	0.0022378600	-0.0083736100	-0.0112307000	0.0051336700	-0.0042994700	-0.0219453000	-0.0046957800	-0.0038777100	0.0086203000	0.0024424700	-0.0001321080	-0.0098198900	-0.0061837600	-0.0047730700	0.0093052500	0.0089934900	-0.0040989800
158	ALP342.HO	Italian_North	Italian_North	Parma (Emilia-Romagna, Parma)	Pass	-0.0201402000	-0.0437598000	0.0069684800	-0.0016021100	-0.0079324300	0.0010219400	0.0040615300	-0.0006635240	-0.0186486000	-0.0147470000	-0.0034783500	0.0057650600	0.0079751800	0.0001047780	-0.0028126600	-0.0006298330	-0.0098509200	0.0042525700	0.0012174500	-0.0012147000
159	ALP392.HO	Italian_North	Italian_North	Busseto (Emilia-Romagna, Parma)	Pass	-0.0227951000	-0.0397198000	0.0036715200	0.0011287000	-0.0009145070	-0.0016471100	0.0006192550	0.0030153600	-0.0169208000	-0.0110030000	-0.0157381000	0.0090252300	0.0012787700	0.0058529400	-0.0058642000	0.0028833500	0.0029013300	0.0037602400	-0.0013878300	0.0012428800
160	ALP481.HO	Italian_North	Italian_North	Sappada (Veneto, Belluno)	Pass	-0.0310146000	-0.0488687000	0.0110626000	0.0023229000	-0.0094723800	-0.0138213000	0.0041291400	-0.0001474470	-0.0210705000	-0.0109122000	-0.0095634900	0.0073596600	0.0029245100	-0.0047527200	0.0016187100	0.0023663600	-0.0003645200	0.0044244000	-0.0033701100	-0.0111351000
161	ALP533.HO	Italian_North	Italian_North	Torino (Piedmont, Turin)	Pass	-0.0252838000	-0.0474433000	0.0107346000	0.0012322300	-0.0022755700	-0.0058259500	0.0049768900	0.0041695900	-0.0179187000	-0.0074005300	-0.0058268500	0.0097308500	0.0020305600	0.0068784400	0.0067445600	0.0031109200	0.0002806410	0.0072286800	-0.0009785120	-0.0042251100
162	ALP603.HO	Italian_North	Italian_North	Vernate (Lombardy, Milan)	Pass	-0.0246426000	-0.0459912000	0.0033988200	-0.0017845000	-0.0049575800	0.0006968810	0.0047996500	0.0061122500	-0.0199139000	-0.0081137000	-0.0070533900	0.0069686300	0.0032282400	0.0023431600	-0.0035449200	-0.0023169700	-0.0075985300	-0.0069224200	0.0052635400	-0.0065502300
163	ALP67.HO	Italian_North	Italian_North	Borgo Val di Taro (Emilia-Romagna, Parma)	Pass	-0.0295040000	-0.0438228000	0.0089732800	0.0050490100	-0.0035194500	-0.0105791000	0.0072755300	-0.0059943500	-0.0211858000	-0.0104897000	-0.0083826300	0.0074310600	0.0126953000	-0.0059774500	-0.0026386000	-0.0021999900	-0.0028721000	0.0028011600	0.0025436000	0.0057521200
164	ALP68.HO	Italian_North	Italian_North	Alessandria (Piedmont, Alessandria)	Pass	-0.0263097000	-0.0484842000	0.0078237300	-0.0008830550	-0.0085289400	-0.0010942200	0.0034352600	-0.0005260610	-0.0164850000	-0.0153176000	-0.0005418890	0.0087513800	0.0074436500	-0.0036925800	-0.0014983800	0.0032630200	0.0008618860	0.0106637000	0.0058268500	-0.0025452200
165	ALP73.HO	Italian_North	Italian_North	Cuneo (Piedmont, Cuneo)	Pass	-0.0300923000	-0.0467718000	0.0136634000	-0.0002154580	-0.0065590800	-0.0034661000	0.0106207000	0.0044058900	-0.0183907000	-0.0094697600	-0.0109192000	0.0148806000	-0.0005617350	-0.0022174500	0.0035694700	-0.0055507200	-0.0051934200	0.0016337900	0.0046602500	-0.0083202100
166	ALP76.HO	Italian_North	Italian_North	Bergamo (Lombardy, Bergamo)	Pass	-0.0273688000	-0.0421517000	0.0144476000	0.0050824500	-0.0064075400	-0.0066414700	0.0029665100	0.0016087700	-0.0212964000	-0.0146451000	-0.0082390100	0.0070809900	0.0069879400	-0.0002022120	-0.0000428922	0.0089022000	-0.0066486000	-0.0034104100	-0.0007975280	-0.0011862000
167	Nei18.HO	Italian_North	Italian_North	Taio (Trentino-Alto Adige, Trento)	Pass	-0.0329490000	-0.0461649000	0.0121376000	0.0009486590	-0.0060615100	-0.0007138200	-0.0019569500	0.0013909700	-0.0225619000	-0.0234973000	-0.0075389700	0.0103558000	0.0037056200	0.0025030700	0.0107526000	-0.0033213700	-0.0078031400	0.0052800600	0.0072888600	-0.0053051600
168	Nei27.HO	Italian_North	Italian_North	Nogarè (Trentino-Alto Adige, Trento)	Pass	-0.0292031000	-0.0498831000	0.0090623800	0.0020025200	-0.0099639200	-0.0104474000	0.0074710300	0.0019381400	-0.0214536000	-0.0114531000	-0.0115516000	0.0109180000	-0.0050448900	-0.0049494800	0.0005803360	-0.0085458800	-0.0038398300	0.0028115500	0.0053060200	0.0000708059
169	ALP129.HO	Italian_South	Italian_South	Reggio Calabria (Calabria, Reggio Calabria)	Pass	-0.0132673000	-0.0189140000	0.0057819400	0.0014436800	-0.0033299700	-0.0046870100	-0.0105912000	-0.0032305400	-0.0164805000	-0.0095510600	-0.0029156300	-0.0086053900	0.0041155900	-0.0056375300	-0.0030953100	0.0019019300	0.0014078300	-0.0029797600	-0.0039240100	-0.0058035100
170	ALP374.HO	Italian_South	Italian_South	Benevento (Campania, Benevento)	Pass	-0.0162526000	-0.0289306000	0.0070520200	0.0010436600	-0.0018075700	-0.0045145300	0.0073007600	-0.0068185500	-0.0119465000	-0.0056162100	0.0010643500	0.0006598700	-0.0027733200	-0.0003803590	0.0013208000	-0.0019509400	-0.0069828400	0.0038637500	0.0036273500	-0.0008462020
171	ALP597.HO	Italian_South	Italian_South	Cetraro (Calabria, of Cosenza Province)	Pass	-0.0131963000	-0.0212346000	0.0030576000	0.0022214900	-0.0031173300	-0.0004359880	-0.0040737800	-0.0035909500	-0.0168505000	-0.0005691910	-0.0052121600	0.0020123300	0.0051792100	-0.0012422800	-0.0019757000	0.0000029716	0.0012735600	-0.0017883300	-0.0010629400	0.0038595200
172	BEL57.HO	Italian_South	Italian_South	Belvedere (Cosenza)	Pass	-0.0133790000	-0.0296716000	-0.0011742900	0.0031902000	-0.0034676100	0.0025345900	0.0043944600	0.0017722500	-0.0187499000	0.0008770430	-0.0033208000	0.0001974310	-0.0024416600	0.0025584700	-0.0029143100	0.0058526600	-0.0012309000	0.0084697600	0.0042053100	-0.0003669030
173	ITS2.HO	Italian_South	Italian_South	Naples, modern 1	Pass	-0.0202223000	-0.0374314000	0.0016199200	0.0035064600	-0.0055916700	-0.0051099500	0.0040642000	-0.0010349400	-0.0264809000	-0.0066985400	-0.0048663900	0.0028174500	0.0002181850	0.0015678400	-0.0069278200	0.0055758900	0.0141126000	0.0106488000	0.0065401100	0.0012473400
174	ITS4.HO	Italian_South	Italian_South	Naples, modern 2	Pass	-0.0164304000	-0.0226171000	0.0002382510	-0.0006197110	-0.0002568360	0.0004865530	0.0026211700	-0.0027205900	-0.0199102000	-0.0098613800	0.0000926891	0.0071534300	-0.0069157500	-0.0074033900	0.0020380800	-0.0060556500	0.0032400700	-0.0010822600	-0.0042986100	0.0032899200
175	ITS5.HO	Italian_South	Italian_South	Salerno	Pass	-0.0195258000	-0.0396348000	0.0009849550	0.0030068600	-0.0066431700	-0.0030826400	0.0023216600	-0.0005947680	-0.0275427000	-0.0060778400	-0.0091604900	0.0053042400	-0.0004163910	0.0057883900	-0.0029999200	0.0034321000	0.0125916000	0.0103332000	0.0066130800	0.0053531800
176	ITS7.HO	Italian_South	Italian_South	Crispiano	Pass	-0.0161348000	-0.0279444000	0.0009844780	0.0001071000	-0.0041450600	-0.0037884500	-0.0029375700	-0.0090935300	-0.0113838000	-0.0130097000	-0.0069383400	0.0035889000	0.0033393200	-0.0032104500	-0.0022659800	0.0002416870	0.0025313300	-0.0099759600	-0.0083885500	0.0025914500
177	NaN129RT.HO	Italian_South	Italian_South	Portici (Campania, Naples)	Pass	-0.0175937000	-0.0330793000	0.0002494640	0.0044104300	-0.0013218700	-0.0048488100	0.0017508400	-0.0000160758	-0.0170832000	-0.0002130580	-0.0035585800	-0.0030261000	-0.0032950800	0.0010660300	-0.0012482300	0.0000520866	-0.0064072500	-0.0076733700	-0.0019584000	0.0032050300
178	PG2012_398.HO	Italian_South	Italian_South	Lamezia Terme (Calabria, Catanzaro)	Pass	-0.0142255000	-0.0236856000	0.0017571800	-0.0066038300	0.0002396970	0.0071826600	-0.0078746200	-0.0038728200	-0.0101200000	-0.0044267000	-0.0018767700	0.0058336200	-0.0073838500	0.0006135720	-0.0068181100	0.0054003800	-0.0014650200	0.0070868700	0.0032187200	-0.0031138100
179	PG2012_424.HO	Italian_South	Italian_South	Amendolara (Calabria, Cosenza)	Pass	-0.0126031000	-0.0299659000	0.0027131400	-0.0041872700	0.0000558001	-0.0005508810	0.0001666900	0.0047894700	-0.0195269000	-0.0055384800	-0.0008755180	0.0075510400	0.0069882200	-0.0081135100	-0.0077117700	0.0056868100	-0.0039071500	0.0053682600	0.0004530830	-0.0021775600
180	PG2012_699.HO	Italian_South	Italian_South	Mileto (Calabria, Vibo Valentia)	Pass	-0.0105800000	-0.0229500000	0.0088995900	0.0005141490	-0.0047856200	0.0050594900	-0.0022477500	-0.0012024100	-0.0065437300	-0.0064072300	-0.0025639300	-0.0035358000	-0.0000104512	0.0105765000	-0.0117188000	-0.0054756800	-0.0029043200	-0.0022274400	-0.0004166060	-0.0005274910
181	PuG12.HO	Italian_South	Italian_South	Soleto (Apulia, Lecce)	Pass	-0.0155431000	-0.0296528000	0.0016214200	0.0009241260	-0.0047682300	-0.0057542900	-0.0049353100	-0.0033766600	-0.0109970000	-0.0097024300	-0.0038945100	0.0079728600	0.0076503500	0.0080659300	-0.0008761330	0.0074181600	-0.0007334990	0.0012683700	-0.0010852000	-0.0051165000
182	PuG17.HO	Italian_South	Italian_South	Soleto (Apulia, Lecce)	Pass	-0.0193616000	-0.0380702000	0.0069192300	0.0021843600	-0.0015362300	-0.0021326300	-0.0018419100	-0.0021411500	-0.0212525000	-0.0031067700	0.0022383200	-0.0000890028	-0.0050994700	0.0035909800	0.0070614900	-0.0000832739	0.0151304000	0.0002070970	-0.0018782500	-0.0000935922
183	PuG20.HO	Italian_South	Italian_South	Calimera (Apulia, Lecce)	Pass	-0.0175013000	-0.0278243000	0.0094628900	0.0020728200	-0.0019957600	-0.0008840100	-0.0026139700	-0.0010826700	-0.0205292000	-0.0032519000	0.0040362000	-0.0076629100	0.0004750550	0.0080258000	0.0068430500	0.0029573300	0.0105453000	0.0026492500	-0.0134463000	0.0039487000
184	PuG28.HO	Italian_South	Italian_South	Martano (Apulia, Lecce)	Pass	-0.0203083000	-0.0276609000	0.0109133000	-0.0009091320	-0.0026823200	0.0038984300	-0.0036994100	0.0004188900	-0.0176600000	-0.0072840200	-0.0029034000	0.0039427900	-0.0041475600	-0.0046624200	0.0035236400	0.0056610400	-0.0019716500	0.0053907400	0.0055727000	0.0054025900
185	PuG33.HO	Italian_South	Italian_South	Sternatia (Apulia, Lecce)	Pass	-0.0163644000	-0.0303599000	-0.0013342800	-0.0054579900	0.0029996700	0.0012119700	-0.0066765800	-0.0025845000	-0.0116740000	-0.0120345000	-0.0042981200	0.0088484000	-0.0019723100	-0.0049516900	-0.0007360860	0.0008389980	-0.0013250900	-0.0023104300	0.0001535010	0.0007021260
186	PuG37.HO	Italian_South	Italian_South	Soleto (Apulia, Lecce)	Pass	-0.0126974000	-0.0310851000	0.0023890000	-0.0027724600	0.0007722330	0.0033988800	-0.0022739100	0.0026825600	-0.0195961000	-0.0022128700	-0.0091754300	-0.0001147310	0.0091694200	-0.0120877000	-0.0067444200	-0.0001115080	0.0022544800	0.0043116100	-0.0052832100	-0.0010750800
187	PuG46.HO	Italian_South	Italian_South	Martano (Apulia, Lecce)	Pass	-0.0184747000	-0.0306567000	0.0065605200	-0.0000263661	-0.0040840700	-0.0021559500	0.0043887000	-0.0008546340	-0.0180273000	-0.0071232800	-0.0034246000	0.0062701600	-0.0052340000	-0.0104659000	-0.0045036400	0.0013423000	0.0008975360	-0.0033695200	0.0026233700	0.0052751000
188	PuG58.HO	Italian_South	Italian_South	Martano (Apulia, Lecce)	Pass	-0.0120601000	-0.0329391000	0.0080564400	-0.0012626700	-0.0062604600	0.0002969520	-0.0000928314	-0.0010455300	-0.0227006000	-0.0078069400	-0.0036804800	0.0047325000	0.0060914900	0.0039832700	0.0005852770	-0.0013255400	-0.0038133700	-0.0013584500	0.0018783500	-0.0019137600
189	PuG66.HO	Italian_South	Italian_South	Zollino (Apulia, Lecce)	Pass	-0.0188537000	-0.0308153000	0.0058982200	0.0005488530	-0.0025757100	0.0014484300	-0.0007262690	0.0030292500	-0.0161271000	-0.0042310800	0.0008042560	0.0029712200	0.0023084600	-0.0105273000	-0.0029908200	0.0062703800	0.0008999490	-0.0012553300	0.0061365200	-0.0051978800
190	PuG74.HO	Italian_South	Italian_South	Zollino (Apulia, Lecce)	Pass	-0.0196085000	-0.0344408000	0.0061140800	0.0017458800	-0.0047331400	-0.0003620950	0.0043490400	0.0020865500	-0.0157327000	0.0001590070	0.0054822400	-0.0004020100	0.0103631000	-0.0096118600	0.0004174700	-0.0052030700	-0.0013562900	0.0082801100	0.0042034900	-0.0011464400
191	HGDP01161.DG	Italian_Tuscan	Italian_North	Italy, modern 3	PROVISIONAL_PASS	-0.0365724000	-0.0615363000	0.0081784500	0.0004003400	-0.0122414000	0.0010048600	0.0141024000	-0.0112697000	-0.0301794000	-0.0197208000	-0.0035056400	0.0293567000	0.0183684000	-0.0092482400	0.0069566300	0.0073515200	-0.0157583000	0.0009168520	0.0028162000	0.0108052000
192	HGDP01161.HO	Italian_Tuscan	Italian_North	Italy, modern 3	Pass	-0.0366034000	-0.0617714000	0.0079322400	0.0006285730	-0.0124208000	0.0008954630	0.0139644000	-0.0116229000	-0.0304785000	-0.0198726000	-0.0035574600	0.0291848000	0.0184959000	-0.0094725900	0.0068672500	0.0072470100	-0.0159068000	0.0010234000	0.0028630700	0.0110490000
193	HGDP01162.DG	Italian_Tuscan	Italian_North	Italy, modern 3	PROVISIONAL_PASS	-0.0341357000	-0.0740259000	0.0200033000	0.0089241000	-0.0069918300	-0.0084181800	0.0142962000	-0.0065056700	-0.0579062000	-0.0159140000	-0.0124908000	0.0439008000	0.0069492900	0.0056493000	-0.0048694300	0.0097345900	-0.0199272000	0.0335735000	-0.0036791500	-0.0319970000
194	HGDP01162.HO	Italian_Tuscan	Italian_North	Italy, modern 3	Pass	-0.0341569000	-0.0739274000	0.0198957000	0.0090097500	-0.0069395600	-0.0083716800	0.0143550000	-0.0066318700	-0.0578515000	-0.0158111000	-0.0125596000	0.0439674000	0.0069407500	0.0055701800	-0.0048631500	0.0097852600	-0.0198688000	0.0334826000	-0.0037184500	-0.0320489000
195	HGDP01163.DG	Italian_Tuscan	Italian_North	Italy, modern 3	PROVISIONAL_PASS	-0.0355983000	-0.0573219000	0.0214921000	-0.0109046000	-0.0000183807	-0.0011245000	0.0262528000	-0.0061678200	-0.0539448000	-0.0279627000	-0.0147367000	0.0293768000	0.0056735600	0.0051545100	0.0089807200	-0.0218998000	-0.0077127300	0.0090270600	0.0210903000	-0.0013575500
196	HGDP01164.DG	Italian_Tuscan	Italian_North	Italy, modern 3	PROVISIONAL_PASS	-0.0259894000	-0.0605489000	0.0107930000	0.0050512400	-0.0176591000	-0.0121034000	0.0218508000	-0.0074303300	-0.0560713000	-0.0140973000	-0.0075402800	0.0337419000	-0.0084058100	0.0048205900	-0.0075504800	-0.0267530000	-0.0202896000	0.0284530000	0.0107505000	-0.0018395600
197	HGDP01164.HO	Italian_Tuscan	Italian_North	Italy, modern 3	Pass	-0.0259829000	-0.0605057000	0.0107169000	0.0048892500	-0.0175353000	-0.0118925000	0.0219284000	-0.0075219200	-0.0561978000	-0.0143916000	-0.0074306100	0.0337606000	-0.0081258100	0.0050380600	-0.0071949800	-0.0266734000	-0.0205865000	0.0283926000	0.0108202000	-0.0019244900
198	HGDP01166.DG	Italian_Tuscan	Italian_North	Italy, modern 3	PROVISIONAL_PASS	-0.0375962000	-0.0603585000	0.0113697000	0.0037775100	-0.0068208700	-0.0016773300	0.0101602000	-0.0115161000	-0.0522373000	-0.0214236000	-0.0294787000	0.0212783000	0.0173625000	0.0200461000	0.0007139180	-0.0045909600	0.0171552000	-0.0015136900	-0.0091341300	-0.0296878000
199	HGDP01166.HO	Italian_Tuscan	Italian_North	Italy, modern 3	Pass	-0.0375841000	-0.0603757000	0.0113061000	0.0036709000	-0.0068591300	-0.0015584800	0.0103219000	-0.0113552000	-0.0524394000	-0.0213737000	-0.0295533000	0.0210592000	0.0174540000	0.0199638000	0.0008378850	-0.0046780200	0.0171798000	-0.0013737600	-0.0091051400	-0.0297751000
200	HGDP01167.DG	Italian_Tuscan	Italian_North	Italy, modern 3	PROVISIONAL_PASS	-0.0308049000	-0.0605130000	0.0154385000	0.0027344200	-0.0082097600	0.0031985400	0.0132073000	0.0083312300	-0.0372220000	-0.0330378000	-0.0209989000	0.0458391000	0.0043562800	0.0112523000	-0.0222480000	-0.0046584900	0.0188440000	0.0165850000	-0.0046068400	-0.0245801000
201	HGDP01167.HO	Italian_Tuscan	Italian_North	Italy, modern 3	Pass	-0.0308615000	-0.0604671000	0.0155012000	0.0026775400	-0.0080787200	0.0030019800	0.0133625000	0.0084250000	-0.0371707000	-0.0331745000	-0.0209284000	0.0458087000	0.0042329300	0.0112551000	-0.0225103000	-0.0047151300	0.0188180000	0.0166761000	-0.0045167500	-0.0246440000
202	HGDP01168.DG	Italian_Tuscan	Italian_North	Italy, modern 3	PROVISIONAL_PASS	-0.0306620000	-0.0654950000	0.0077864700	0.0082623000	-0.0107579000	-0.0095148700	0.0046886100	-0.0010873200	-0.0460527000	-0.0394160000	-0.0194891000	0.0360102000	0.0088333800	0.0271242000	0.0150749000	0.0079895500	0.0041462800	0.0101713000	0.0054992300	-0.0295521000
203	HGDP01169.DG	Italian_Tuscan	Italian_North	Italy, modern 3	PROVISIONAL_PASS	-0.0299529000	-0.0555611000	0.0187014000	-0.0060959000	-0.0205969000	-0.0065672400	0.0013297300	-0.0007937140	-0.0457684000	-0.0316910000	-0.0155815000	0.0220101000	0.0013625300	0.0022498200	0.0106716000	0.0082241000	0.0125627000	0.0093686200	-0.0326475000	-0.0220492000
204	HGDP01169.HO	Italian_Tuscan	Italian_North	Italy, modern 3	Pass	-0.0299722000	-0.0554888000	0.0186999000	-0.0059177300	-0.0205787000	-0.0065555000	0.0016122100	-0.0008550040	-0.0455759000	-0.0316523000	-0.0154469000	0.0217342000	0.0012680300	0.0022328000	0.0105255000	0.0079644100	0.0124260000	0.0092408300	-0.0324957000	-0.0220373000
205	S_Tuscan-1.DG	Italian_Tuscan	Italian_North	Italy, modern 3	PROVISIONAL_PASS	-0.0308300000	-0.0653066000	0.0076258900	0.0083784500	-0.0103951000	-0.0095126800	0.0049106000	-0.0009595340	-0.0461641000	-0.0392011000	-0.0194212000	0.0357317000	0.0091943700	0.0271064000	0.0157258000	0.0084370500	0.0043869100	0.0099700000	0.0060638000	-0.0296430000
206	S_Tuscan-2.DG	Italian_Tuscan	Italian_North	Italy, modern 3	PROVISIONAL_PASS	-0.0352569000	-0.0570574000	0.0216115000	-0.0112099000	-0.0000612670	-0.0010467700	0.0262336000	-0.0065297100	-0.0537106000	-0.0283981000	-0.0147700000	0.0297106000	0.0058415800	0.0049522100	0.0089787600	-0.0217525000	-0.0075854500	0.0093426900	0.0209235000	-0.0015787900
207	AshkenaziJew5704.HO	Jew_Ashkenazi	Jew_Ashkenazi	Poland, modern	Pass	-0.0091183600	-0.0262857000	0.0073843800	0.0043252400	-0.0077755000	-0.0007691290	-0.0013619700	0.0057002300	-0.0178364000	-0.0076155500	-0.0065722600	0.0064695400	-0.0093830900	-0.0000998958	0.0001982670	0.0022083500	-0.0011176600	-0.0063639800	-0.0085217600	-0.0015537800
208	AshkenaziJew5728.HO	Jew_Ashkenazi	Jew_Ashkenazi	Poland, modern	Pass	-0.0078788800	-0.0273901000	-0.0017236700	0.0065962400	0.0078297700	0.0000630800	-0.0039019900	-0.0009163170	-0.0142821000	-0.0066543700	0.0025490000	-0.0042357900	-0.0005187940	0.0027700300	0.0017268000	0.0046236600	0.0101635000	-0.0019348000	0.0065557100	0.0002818790
209	AshkenaziJew5779.HO	Jew_Ashkenazi	Jew_Ashkenazi	Poland, modern	Pass	-0.0090570100	-0.0224011000	0.0035595700	0.0008365030	0.0023999500	0.0035035800	-0.0045910700	-0.0086762500	-0.0118375000	0.0018002300	-0.0096604300	0.0009104330	0.0087688100	0.0010986500	0.0050823400	0.0023093000	-0.0085965200	-0.0006772800	-0.0061868600	0.0046802200
210	AshkenaziJew5782.HO	Jew_Ashkenazi	Jew_Ashkenazi	Poland, modern	Pass	-0.0147095000	-0.0300364000	0.0022659800	0.0023016300	-0.0058985900	0.0084435100	-0.0008879520	0.0046527400	-0.0151194000	-0.0075652800	0.0022749100	-0.0022716400	-0.0018711100	-0.0044666300	0.0085265900	0.0087661500	-0.0062519500	-0.0023996800	-0.0041821200	0.0055535700
211	AshkenaziJew5783.HO	Jew_Ashkenazi	Jew_Ashkenazi	Poland, modern	Pass	-0.0046400400	-0.0255779000	0.0001675110	0.0043807700	0.0008474470	0.0028085400	-0.0082917600	0.0037852500	-0.0147422000	-0.0044617200	-0.0103299000	0.0038647800	-0.0032131200	0.0010781300	-0.0007557730	0.0125930000	0.0014507400	0.0000334528	0.0107306000	0.0011687400
212	AshkenaziJew5788.HO	Jew_Ashkenazi	Jew_Ashkenazi	Poland, modern	Pass	-0.0112201000	-0.0266174000	0.0039642600	0.0081181800	0.0004086630	0.0009132220	-0.0028638500	0.0042241800	-0.0186136000	-0.0087617800	-0.0077957200	-0.0023799700	-0.0031114900	-0.0093077000	0.0046911900	-0.0008774090	0.0016696400	0.0005824970	-0.0028029400	0.0013720900
213	AshkenaziJew5790.HO	Jew_Ashkenazi	Jew_Ashkenazi	Poland, modern	Pass	-0.0115851000	-0.0306458000	0.0010485200	0.0033869700	0.0040431300	-0.0010436900	-0.0094595400	-0.0001593810	-0.0099786300	-0.0058199700	-0.0020911500	-0.0040062000	-0.0022795900	-0.0035260100	-0.0023720800	0.0038695900	0.0048164500	-0.0068630400	0.0022167300	0.0018617700
214	IraqiJew1417.HO	Jew_Iraqi	Jew_Iraqi	Iraq, modern 1	Pass	0.0059223100	-0.0042102500	-0.0057661300	0.0007808510	0.0023145100	0.0081354200	-0.0132982000	0.0028620800	-0.0101619000	0.0007507700	0.0069019200	-0.0150164000	0.0015561600	-0.0134576000	-0.0037899800	0.0103508000	-0.0068048100	-0.0061902600	0.0059006300	0.0184766000
215	IraqiJew1430.HO	Jew_Iraqi	Jew_Iraqi	Iraq, modern 1	Pass	0.0039194200	-0.0058206000	-0.0025863900	-0.0023679300	0.0034199900	0.0129572000	-0.0063430500	-0.0015363400	-0.0095903200	0.0036459400	0.0008797010	-0.0109509000	-0.0013946000	-0.0020182200	-0.0019909200	0.0031384200	-0.0126562000	0.0016505200	0.0001276010	0.0181276000
216	IraqiJew1771.HO	Jew_Iraqi	Jew_Iraqi	Iraq, modern 1	Pass	0.0005443240	-0.0089725000	-0.0069333700	-0.0056057300	-0.0003917910	0.0066363100	-0.0178593000	0.0071543400	-0.0255314000	0.0016863700	0.0010241300	-0.0205812000	0.0067825900	-0.0210308000	-0.0259405000	0.0376255000	-0.0181537000	-0.0420084000	-0.0069620100	0.0266326000
217	IraqiJew4061.HO	Jew_Iraqi	Jew_Iraqi	Iraq, modern 1	Pass	0.0033344000	-0.0044492400	-0.0119591000	-0.0027223000	0.0041927700	0.0054668400	-0.0033693400	-0.0039292200	-0.0004807400	0.0027265800	-0.0004707240	-0.0097665100	-0.0062410200	0.0037716100	-0.0067256900	0.0062918300	-0.0013585000	-0.0082681300	-0.0021349800	0.0148110000
218	IraqiJew4241.HO	Jew_Iraqi	Jew_Iraqi	Iraq, modern 1	Pass	0.0017428300	-0.0030996400	-0.0028309200	-0.0041963900	0.0045444900	0.0088044600	-0.0058067600	-0.0061742800	-0.0056831500	-0.0037411200	0.0014666900	-0.0101949000	-0.0060739900	-0.0107557000	-0.0100914000	0.0075639600	0.0016481900	-0.0096195000	0.0045051800	0.0085204400
219	IraqiJew4291.HO	Jew_Iraqi	Jew_Iraqi	Iraq, modern 1	Pass	0.0019675700	-0.0016777000	-0.0081583000	0.0093838000	-0.0068819900	0.0136917000	-0.0218592000	-0.0090304300	-0.0180603000	-0.0089460900	0.0120779000	-0.0273258000	-0.0232556000	-0.0040708000	-0.0037497200	0.0257237000	-0.0176779000	-0.0278687000	0.0232610000	0.0457084000
220	S_Iraqi_Jew-1.DG	Jew_Iraqi	Jew_Iraqi	Iraq, modern 1	PROVISIONAL_PASS	0.0003225130	-0.0091895800	-0.0068292800	-0.0056374700	-0.0001838360	0.0067896400	-0.0180812000	0.0068634900	-0.0253920000	0.0012968600	0.0006215620	-0.0202742000	0.0066980300	-0.0205380000	-0.0260351000	0.0377935000	-0.0180447000	-0.0420776000	-0.0068004000	0.0262224000
221	S_Iraqi_Jew-2.DG	Jew_Iraqi	Jew_Iraqi	Iraq, modern 1	PROVISIONAL_PASS	0.0022115200	-0.0017128500	-0.0082612900	0.0092487500	-0.0069843700	0.0138107000	-0.0218092000	-0.0091480800	-0.0181727000	-0.0086894600	0.0124186000	-0.0271409000	-0.0236852000	-0.0037278400	-0.0040335500	0.0262175000	-0.0181528000	-0.0276937000	0.0232763000	0.0456530000
222	SephardiJewTurkey4950.HO	Jew_Turkish	Jew_Turkish	Turkey, modern	Pass	-0.0097833500	-0.0220085000	-0.0012239200	0.0042793000	0.0047743400	0.0024571400	0.0033206900	0.0052909500	-0.0104318000	-0.0107489000	-0.0047660800	-0.0048106900	0.0012237300	0.0055528600	0.0060100100	-0.0018203900	-0.0038846400	0.0062515000	-0.0125918000	0.0017856800
223	SephardiJewTurkey4953.HO	Jew_Turkish	Jew_Turkish	Turkey, modern	Pass	-0.0031353700	-0.0165586000	0.0025944900	-0.0002741190	-0.0019539900	0.0078197700	-0.0079415900	0.0003338320	-0.0130869000	-0.0018149100	-0.0033713900	-0.0083807800	-0.0001551050	0.0036146900	0.0029288900	0.0057536200	-0.0036430400	-0.0072987700	0.0047440100	-0.0013967300
224	SephardiJewTurkey4955.HO	Jew_Turkish	Jew_Turkish	Turkey, modern	Pass	-0.0059580300	-0.0212222000	0.0008630930	0.0095213100	-0.0000720444	-0.0014035400	-0.0069198400	-0.0088820600	-0.0069219000	0.0003618200	0.0075831400	0.0031038500	0.0057532300	0.0110388000	-0.0004920430	0.0001291050	-0.0010125600	0.0051155400	0.0015416300	-0.0019095100
225	SephardiJewTurkey5033.HO	Jew_Turkish	Jew_Turkish	Turkey, modern	Pass	-0.0095086400	-0.0193088000	0.0029553800	-0.0017630700	0.0010646800	0.0070226700	-0.0036939400	0.0042793700	-0.0150647000	-0.0060196500	0.0069974300	-0.0101801000	0.0069233800	0.0034033700	0.0012827600	0.0050241700	-0.0048586700	-0.0027390900	-0.0041186100	-0.0059480900
226	SephardiJewTurkey5075.HO	Jew_Turkish	Jew_Turkish	Turkey, modern	Pass	-0.0096745300	-0.0232606000	-0.0013741800	0.0011513900	-0.0006504060	0.0085050400	-0.0024316400	0.0022292800	-0.0127777000	-0.0048198600	-0.0038211100	-0.0075040100	-0.0065241400	-0.0031705500	-0.0003792610	-0.0037465700	-0.0050366000	-0.0089364700	-0.0033746200	-0.0010037000
227	SephardiJewTurkey5832.HO	Jew_Turkish	Jew_Turkish	Turkey, modern	Pass	-0.0059378400	-0.0159057000	0.0003768550	0.0044931000	-0.0000278545	0.0065446800	-0.0119013000	0.0034263500	-0.0146257000	-0.0062117900	-0.0023696000	-0.0050618400	0.0002640290	0.0002164270	-0.0010343200	0.0035823800	-0.0053850900	-0.0014424600	-0.0066492500	0.0050820800
228	SephardiJewTurkey5877.HO	Jew_Turkish	Jew_Turkish	Turkey, modern	Pass	-0.0075661400	-0.0179901000	-0.0055251700	-0.0026855500	0.0083906000	0.0051934800	-0.0082343500	-0.0043547300	-0.0070473000	-0.0100379000	0.0066151200	-0.0021118600	0.0010328700	0.0066332200	-0.0024387400	0.0016372200	-0.0030368000	0.0008668560	-0.0055691200	0.0069209700
229	SephardiJewTurkey6077.HO	Jew_Turkish	Jew_Turkish	Turkey, modern	Pass	-0.0098959000	-0.0145998000	-0.0077095400	0.0027606500	-0.0078829200	0.0073052500	-0.0064093400	-0.0034847300	-0.0105660000	0.0022322300	-0.0012633800	-0.0075037700	0.0115932000	0.0088645300	-0.0123094000	-0.0030610000	-0.0000368953	-0.0064895000	-0.0033366700	-0.0061798500
230	S_Yemenite_Jew-1.DG	Jew_Yemenite	Jew_Yemenite	Yemen, modern 2	PROVISIONAL_PASS	0.0425461000	0.0228406000	-0.0117926000	0.0106950000	0.0241598000	0.0368591000	-0.0611529000	0.0041273600	-0.0089649400	0.0186601000	0.0397625000	-0.1532050000	-0.0632387000	-0.0445800000	-0.0156498000	0.1030650000	-0.2449690000	-0.0589575000	-0.0202674000	0.1061500000
231	S_Yemenite_Jew-2.DG	Jew_Yemenite	Jew_Yemenite	Yemen, modern 2	PROVISIONAL_PASS	0.0350984000	0.0284256000	-0.0244324000	0.0160215000	0.0175461000	0.0600204000	-0.0656725000	-0.0121833000	0.0203321000	0.0005486860	0.0248774000	-0.1504490000	-0.0410724000	-0.0410917000	-0.0055645100	0.0868821000	-0.2095100000	-0.1103390000	-0.0782492000	0.0712820000
232	YemeniteJew4667.HO	Jew_Yemenite	Jew_Yemenite	Yemen, modern 2	Pass	0.0278294000	0.0136340000	-0.0133303000	0.0108758000	0.0111936000	0.0311305000	-0.0337445000	-0.0015917900	0.0081384600	0.0050699400	0.0216268000	-0.0412522000	-0.0204775000	-0.0079451500	-0.0019009100	0.0288892000	-0.0541267000	-0.0145771000	-0.0030558100	0.0148950000
233	YemeniteJew4675.HO	Jew_Yemenite	Jew_Yemenite	Yemen, modern 2	Pass	0.0224397000	0.0079148900	-0.0089485300	-0.0003146100	0.0080172800	0.0213159000	-0.0205053000	-0.0062748700	-0.0055047200	0.0011748900	0.0109247000	-0.0339136000	-0.0020236700	-0.0131513000	-0.0097956400	0.0119015000	-0.0310562000	-0.0039043100	-0.0039284600	0.0136700000
234	YemeniteJew4684.HO	Jew_Yemenite	Jew_Yemenite	Yemen, modern 2	Pass	0.0243573000	0.0184919000	-0.0162972000	0.0049023900	0.0077380200	0.0229290000	-0.0342105000	0.0060795200	0.0054453700	0.0004717490	0.0175992000	-0.0587014000	-0.0249877000	-0.0161369000	-0.0094734400	0.0252757000	-0.0629298000	-0.0220561000	-0.0038487100	0.0240674000
235	YemeniteJew4695.HO	Jew_Yemenite	Jew_Yemenite	Yemen, modern 2	Pass	0.0420675000	0.0232476000	-0.0118683000	0.0107186000	0.0240019000	0.0363891000	-0.0612481000	0.0043721800	-0.0092315200	0.0185304000	0.0397167000	-0.1530160000	-0.0631678000	-0.0445593000	-0.0157466000	0.1023250000	-0.2445680000	-0.0597871000	-0.0198761000	0.1060230000
236	YemeniteJew4937.HO	Jew_Yemenite	Jew_Yemenite	Yemen, modern 2	Pass	0.0310983000	0.0154414000	-0.0039105400	0.0031445700	0.0081175200	0.0206797000	-0.0201999000	0.0002537390	0.0076690800	-0.0017269800	0.0092002300	-0.0454005000	-0.0094081200	-0.0134617000	-0.0096987000	0.0160907000	-0.0387175000	-0.0107079000	-0.0041406700	0.0152813000
237	YemeniteJew4938.HO	Jew_Yemenite	Jew_Yemenite	Yemen, modern 2	Pass	0.0246910000	0.0145582000	-0.0092357100	-0.0013311900	0.0130972000	0.0190860000	-0.0230210000	-0.0031778700	-0.0004639490	-0.0003125060	0.0143026000	-0.0387154000	-0.0176032000	-0.0070179600	0.0018560600	0.0114352000	-0.0331577000	-0.0099950600	-0.0121311000	0.0098771400
238	YemeniteJew4960.HO	Jew_Yemenite	Jew_Yemenite	Yemen, modern 2	Pass	0.0239263000	0.0108271000	-0.0126698000	0.0024290300	0.0051434800	0.0237541000	-0.0199044000	-0.0141230000	0.0070209000	0.0019640300	0.0125491000	-0.0380332000	-0.0112411000	-0.0091566500	-0.0009233890	0.0217994000	-0.0339330000	-0.0200048000	0.0058373800	0.0075895000
239	YemeniteJew5433.HO	Jew_Yemenite	Jew_Yemenite	Yemen, modern 2	Pass	0.0351184000	0.0284963000	-0.0244906000	0.0161841000	0.0175794000	0.0602990000	-0.0654430000	-0.0119973000	0.0202362000	0.0006971940	0.0243836000	-0.1505990000	-0.0411446000	-0.0410327000	-0.0055558300	0.0867892000	-0.2092360000	-0.1101370000	-0.0788232000	0.0719548000
240	Lebanon1.HO	Lebanese	Lebanese	Lebanon, modern	Pass	0.0007937270	-0.0034066700	-0.0054112100	0.0026643200	0.0044113600	0.0094851200	-0.0109981000	-0.0090675100	-0.0201511000	0.0008808390	0.0030534600	-0.0129128000	-0.0068860600	-0.0012850100	-0.0049957600	0.0005591050	-0.0021280600	-0.0126798000	-0.0048206200	0.0031018500
241	Lebanon2.HO	Lebanese	Lebanese	Lebanon, modern	Pass	0.0015182800	-0.0045140000	-0.0064754300	-0.0042997400	0.0024513300	0.0027858200	-0.0160968000	0.0015092300	-0.0068161600	-0.0030992800	0.0070725700	-0.0138479000	-0.0040857100	-0.0085180500	0.0036047200	-0.0035927100	-0.0121259000	0.0037964300	-0.0035860300	-0.0063072200
242	Lebanon3.HO	Lebanese	Lebanese	Lebanon, modern	Pass	0.0057575400	-0.0083705700	-0.0074509700	0.0045590900	0.0010787100	0.0055164100	-0.0046834600	-0.0053117100	-0.0080838900	-0.0035478000	0.0028719400	-0.0062734600	-0.0106120000	-0.0087757000	0.0064454600	0.0068326700	0.0048302800	-0.0011828200	0.0110535000	0.0083648700
243	Lebanon4.HO	Lebanese	Lebanese	Lebanon, modern	Pass	0.0221236000	0.0083860400	-0.0071964800	0.0018924200	0.0032444300	0.0141622000	-0.0295141000	-0.0011296200	-0.0022159100	0.0004057040	0.0037473900	-0.0178058000	-0.0110876000	0.0011735400	0.0004826940	0.0148083000	-0.0065238000	-0.0124172000	0.0065195900	0.0020831800
244	Lebanon5.HO	Lebanese	Lebanese	Lebanon, modern	Pass	0.0191737000	0.0150938000	-0.0084989400	0.0007131510	0.0037414400	0.0169930000	-0.0300762000	-0.0011614100	0.0122042000	0.0035367100	0.0070017700	-0.0247270000	-0.0045085100	0.0082612000	-0.0058147300	0.0145154000	0.0028083400	0.0077803400	0.0046156500	-0.0184328000
245	Lebanon6.HO	Lebanese	Lebanese	Lebanon, modern	Pass	-0.0016111500	-0.0044243700	-0.0035237200	-0.0001059160	-0.0059380200	0.0085127700	-0.0061059400	-0.0060679700	0.0012825500	-0.0016405100	-0.0050851400	-0.0063052400	-0.0050862400	0.0023561400	0.0030791700	0.0038949100	-0.0038800700	0.0036249100	0.0086619300	0.0042979400
246	Lebanon7.HO	Lebanese	Lebanese	Lebanon, modern	Pass	0.0055983900	-0.0000995946	-0.0020041200	0.0061280700	0.0045603700	0.0046342600	-0.0153477000	0.0027962000	-0.0170590000	-0.0054338500	0.0041610300	-0.0047835100	-0.0018063100	0.0042561800	-0.0028969400	0.0095683900	-0.0079402900	-0.0095065200	-0.0032902700	0.0008047820
247	Lebanon8.HO	Lebanese	Lebanese	Lebanon, modern	Pass	-0.0011642200	-0.0081536000	-0.0028993400	0.0012015300	0.0017872800	0.0048271100	0.0002122910	-0.0018111900	-0.0121155000	-0.0053643600	-0.0000632880	-0.0128783000	-0.0001940200	-0.0053453300	-0.0053026300	0.0062736700	0.0062827700	0.0026418500	-0.0015125700	0.0039412400
248	Lebanese10AR37.HO	Lebanese_Christian	Lebanese_Christian	Beirut	Pass	0.0057429100	-0.0095534600	-0.0051055800	0.0017121900	0.0000923487	0.0019050500	-0.0059915600	-0.0068684800	-0.0089591900	-0.0044687100	0.0004092170	-0.0105231000	0.0017958400	-0.0055614700	-0.0017689400	0.0030407600	-0.0000627492	-0.0102476000	0.0030728300	0.0085675400
249	Lebanese15AR37.HO	Lebanese_Christian	Lebanese_Christian	Beirut	Pass	0.0013290200	-0.0082005100	-0.0047114500	0.0006605910	0.0069413000	0.0140233000	-0.0098789100	-0.0041551100	-0.0077420200	-0.0105030000	0.0105330000	-0.0073154500	-0.0059602900	-0.0072262700	-0.0035188100	0.0015334300	-0.0087523600	-0.0071496300	0.0042248500	0.0043353400
250	Lebanese1AQ127.HO	Lebanese_Christian	Lebanese_Christian	Beirut	Pass	0.0037879400	-0.0076742000	-0.0060896200	0.0011939300	0.0074060300	0.0040372800	-0.0057892900	0.0011529700	-0.0100078000	0.0000909308	0.0045028300	-0.0106557000	-0.0058123100	-0.0102314000	-0.0045281200	0.0072878800	-0.0005483030	-0.0087389000	0.0018845900	0.0087624500
251	Lebanese1AQ170.HO	Lebanese_Christian	Lebanese_Christian	Beirut	Pass	-0.0033721600	-0.0043027700	-0.0025951200	0.0083231700	0.0018307500	0.0105811000	-0.0070946700	0.0017467900	-0.0123910000	-0.0006310710	-0.0012218600	-0.0084272500	-0.0054650900	-0.0057206600	-0.0017262400	0.0033507600	-0.0039995700	-0.0064606000	-0.0038051500	0.0073668800
252	Lebanese22BA23.HO	Lebanese_Christian	Lebanese_Christian	Beirut	Pass	0.0030754800	-0.0047078000	-0.0071654400	0.0002347300	0.0014525000	0.0076747800	-0.0117637000	0.0026247300	-0.0036592300	-0.0007090080	0.0089743600	-0.0086589900	-0.0001543390	-0.0026836900	0.0052369600	-0.0032426800	-0.0032731300	-0.0056952100	-0.0039456400	0.0027486100
253	Lebanese4AQ115.HO	Lebanese_Christian	Lebanese_Christian	Beirut	Pass	0.0020199600	-0.0022825300	-0.0054907000	-0.0002738370	-0.0040188500	0.0076229800	-0.0090114500	0.0010270300	-0.0086291800	0.0010390500	0.0059104900	-0.0070987600	-0.0034970400	0.0029488200	-0.0060436100	0.0068283900	-0.0058151500	-0.0068709900	-0.0025939500	0.0015654800
254	Lebanese6AQ115.HO	Lebanese_Christian	Lebanese_Christian	Beirut	Pass	0.0021003200	-0.0065353100	0.0001334760	0.0039211500	0.0027986100	-0.0029186300	-0.0056887800	-0.0044016000	-0.0076623600	-0.0016362300	0.0013488900	-0.0066562000	-0.0088016100	-0.0037502600	-0.0074529300	0.0042628400	0.0039770600	-0.0054834200	0.0025207800	0.0071218000
255	Lebanese6AQ170.HO	Lebanese_Christian	Lebanese_Christian	Beirut	Pass	0.0017350300	-0.0069236200	0.0031527600	-0.0046299200	0.0002682520	0.0066682800	-0.0074643000	0.0078385500	-0.0042110200	-0.0029200200	0.0027188900	-0.0078170400	-0.0006606990	-0.0003594590	-0.0016849200	0.0192665000	-0.0005222940	0.0015069500	0.0015846000	-0.0050859900
256	Lebanese8AS15.HO	Lebanese_Christian	Lebanese_Christian	Beirut	Pass	0.0007916930	-0.0091828500	-0.0080121900	0.0055733800	0.0122586000	0.0089328500	-0.0062346600	-0.0022008200	-0.0128966000	-0.0064072300	0.0007489590	-0.0069341500	0.0015926400	-0.0092799300	-0.0056750700	0.0004146370	0.0011484400	-0.0038236100	0.0008669100	0.0021915600
257	Lebanese10AQ127.HO	Lebanese_Muslim	Lebanese_Muslim	Beirut	Pass	0.0102130000	0.0018762000	-0.0024885000	0.0002943170	0.0019231100	0.0095194600	-0.0140200000	-0.0026591700	0.0007544720	-0.0018381100	0.0076964500	-0.0200847000	-0.0020615700	-0.0019811300	-0.0088830500	0.0137073000	0.0037878600	0.0017435700	0.0032137800	0.0026071000
258	Lebanese11AS14.HO	Lebanese_Muslim	Lebanese_Muslim	Beirut	Pass	-0.0001121540	-0.0076414200	-0.0013739100	-0.0029800000	0.0036304400	0.0035667900	-0.0079153600	0.0045735000	-0.0120029000	-0.0058903700	0.0035573500	-0.0127896000	-0.0000195711	-0.0036227400	0.0047567300	0.0050053200	0.0041217700	-0.0159078000	0.0027262000	0.0022374700
259	Lebanese20AR21.HO	Lebanese_Muslim	Lebanese_Muslim	Beirut	Pass	-0.0038698000	-0.0024377400	-0.0020776000	0.0072760500	0.0081621000	0.0085517600	-0.0071544000	-0.0025229300	-0.0020646200	0.0042998700	0.0130648000	-0.0144440000	-0.0079086200	-0.0057825000	-0.0140721000	0.0129746000	-0.0105023000	-0.0169244000	-0.0096787200	0.0073416200
260	Lebanese24AR27.HO	Lebanese_Muslim	Lebanese_Muslim	Beirut	Pass	0.0066207300	-0.0032993500	-0.0043613500	-0.0012867700	0.0015442500	0.0176206000	-0.0194917000	-0.0009425120	-0.0023016100	0.0037508600	0.0006255940	-0.0090337800	-0.0050998600	0.0034528100	-0.0004516890	0.0081280700	0.0015376800	-0.0013145500	0.0036231300	0.0039738900
261	Lebanese2AQ121.HO	Lebanese_Muslim	Lebanese_Muslim	Beirut	Pass	0.0063170500	-0.0042158500	-0.0040170700	0.0017591800	-0.0001999530	0.0169460000	-0.0111607000	0.0042421600	-0.0054104600	0.0003273410	0.0010083100	-0.0118205000	0.0002027020	0.0102379000	-0.0009506700	0.0025519500	0.0031546500	-0.0027934600	-0.0017042400	-0.0066656000
262	Lebanese2AQ127.HO	Lebanese_Muslim	Lebanese_Muslim	Beirut	Pass	0.0075976300	-0.0062378800	-0.0054357500	0.0078340500	-0.0032993300	0.0081207400	-0.0117879000	0.0054048100	-0.0061767400	0.0018623900	0.0073525400	-0.0173285000	0.0001553780	-0.0035684900	-0.0001578700	0.0120144000	0.0018625000	0.0083090300	0.0044537400	0.0023726600
263	Lebanese30AR21.HO	Lebanese_Muslim	Lebanese_Muslim	Beirut	Pass	0.0080883000	-0.0003215690	-0.0027853100	0.0023744600	0.0081940800	0.0163503000	-0.0170028000	0.0019174800	-0.0097461800	-0.0029323600	0.0055845900	-0.0051660200	0.0015703100	-0.0062659100	-0.0036921100	0.0057210400	0.0061543700	0.0001812460	0.0012846000	-0.0040409300
264	Lebanese6AS15.HO	Lebanese_Muslim	Lebanese_Muslim	Beirut	Pass	0.0015108400	-0.0087668300	-0.0048624400	-0.0039151900	0.0013511400	0.0074578100	-0.0013886000	0.0029129300	-0.0026332700	-0.0027843600	0.0116822000	-0.0132945000	-0.0028390900	-0.0022539800	0.0027219100	0.0108919000	0.0008257090	-0.0005423740	-0.0065521700	-0.0026084300
265	Lebanese7AQ150.HO	Lebanese_Muslim	Lebanese_Muslim	Beirut	Pass	0.0030398800	-0.0091497100	-0.0072343700	0.0055397800	0.0013612500	0.0025693600	-0.0135975000	-0.0040078100	-0.0105939000	-0.0116318000	0.0034983000	-0.0154054000	-0.0056046400	-0.0033022900	-0.0041307700	-0.0012101100	-0.0051205000	0.0028078100	-0.0062601000	0.0043376600
266	Lebanese7AR20.HO	Lebanese_Muslim	Lebanese_Muslim	Beirut	Pass	0.0022454500	-0.0068747800	-0.0033048200	-0.0035302500	0.0034045200	0.0070822000	-0.0084347700	-0.0102348000	-0.0109959000	-0.0032433600	0.0000077960	-0.0099527600	-0.0006924650	0.0010173400	0.0077468400	0.0134101000	-0.0056635400	0.0009483780	-0.0053033000	0.0035602700
267	Lebanese7AR23.HO	Lebanese_Muslim	Lebanese_Muslim	Beirut	Pass	0.0018372300	-0.0043355800	-0.0086032600	-0.0002012210	0.0002887680	0.0056546600	-0.0041156500	-0.0091438200	-0.0125509000	-0.0025645400	0.0135065000	-0.0196719000	-0.0105504000	-0.0045817500	-0.0024895600	0.0088794000	-0.0081455200	-0.0029060000	0.0073496600	0.0031657900
268	Malta12AM91.HO	Maltese	Maltese	La Valetta	Pass	-0.0085157400	-0.0255839000	-0.0021139400	0.0028729100	-0.0051684900	0.0061577800	-0.0084545600	0.0013668800	-0.0161414000	0.0038267600	-0.0017780600	0.0034464900	-0.0008831160	-0.0009218110	0.0006411650	-0.0002283840	-0.0016241500	-0.0037297500	0.0022985300	0.0007833390
269	Malta15AM91.HO	Maltese	Maltese	La Valetta	Pass	-0.0142034000	-0.0261167000	-0.0010518700	0.0000859540	-0.0011543900	0.0042967200	-0.0021394300	0.0041860700	-0.0170156000	-0.0051939600	-0.0039889100	-0.0031939000	-0.0030568000	0.0014414700	0.0028732500	-0.0003057660	0.0062480200	-0.0001339800	0.0018493200	-0.0086304600
270	Malta16AM91.HO	Maltese	Maltese	La Valetta	Pass	-0.0088292100	-0.0162733000	0.0040420300	0.0026873800	0.0019820500	0.0024920500	0.0049455200	0.0022040300	-0.0156186000	-0.0079216900	0.0004915680	-0.0055469600	-0.0017613600	0.0104747000	-0.0034685400	0.0061337600	0.0024716700	0.0030747000	0.0050839900	0.0129519000
271	Malta17AM91.HO	Maltese	Maltese	La Valetta	Pass	-0.0137632000	-0.0264480000	0.0007933770	0.0091848300	-0.0005879510	0.0031455900	-0.0030378100	-0.0002548910	-0.0171521000	-0.0115065000	-0.0011433500	0.0008868950	0.0080770800	-0.0078518900	0.0038422000	-0.0040224400	-0.0031228000	-0.0046511000	0.0127785000	-0.0035115300
272	Malta2AM91.HO	Maltese	Maltese	La Valetta	Pass	-0.0051375700	-0.0269740000	-0.0014733700	0.0023475900	-0.0044819600	0.0018483600	-0.0006786860	0.0022480200	-0.0209053000	-0.0011266800	-0.0058142200	-0.0006389280	0.0049230600	0.0023885300	-0.0068599800	0.0036550800	-0.0030273500	0.0067460600	-0.0048463800	-0.0025724300
273	Malta4AM91.HO	Maltese	Maltese	La Valetta	Pass	-0.0086763000	-0.0260288000	0.0037813900	0.0054391900	0.0001702190	0.0010702200	-0.0104134000	0.0037213800	-0.0163704000	-0.0000034807	0.0055153700	-0.0036401700	0.0002542030	-0.0076214800	-0.0051411000	0.0005387230	-0.0033068500	-0.0034497800	0.0042996700	-0.0014374000
274	Malta7AM91.HO	Maltese	Maltese	La Valetta	Pass	-0.0163905000	-0.0232048000	-0.0013066600	0.0062096300	-0.0029158500	0.0043445400	-0.0021352700	0.0071074300	-0.0180298000	-0.0063293000	0.0060945300	-0.0074610800	-0.0052308500	0.0037732300	-0.0116521000	0.0005719730	-0.0048037300	0.0064096400	0.0031612600	0.0035502400
275	Malta8AM91.HO	Maltese	Maltese	La Valetta	Pass	-0.0114588000	-0.0304083000	-0.0061535200	0.0055719900	-0.0006773110	0.0009649030	-0.0003087140	-0.0043201800	-0.0171867000	-0.0004197930	-0.0005289470	0.0041914500	0.0081683400	0.0027773000	-0.0113927000	-0.0004158190	0.0010222600	0.0023343100	0.0067218900	0.0040718300
276	HGDP00675.DG	Palestinian	Palestinian	Israel, modern 1	PROVISIONAL_PASS	0.1232140000	0.0217831000	0.0372644000	0.0735612000	-0.0044231200	-0.0192989000	0.0284306000	0.0045544300	0.0327582000	0.0243305000	-0.0650636000	0.0138145000	0.1125900000	0.0468116000	0.0686959000	-0.0623475000	-0.0131876000	-0.0178523000	0.0881999000	0.0776184000
277	HGDP00675.HO	Palestinian	Palestinian	Israel, modern 1	Pass	0.1227360000	0.0217100000	0.0371230000	0.0737337000	-0.0042892800	-0.0191554000	0.0284650000	0.0044472100	0.0328040000	0.0242593000	-0.0650281000	0.0133877000	0.1125400000	0.0465558000	0.0686600000	-0.0622555000	-0.0130973000	-0.0171941000	0.0883272000	0.0777111000
278	HGDP00676.DG	Palestinian	Palestinian	Israel, modern 1	PROVISIONAL_PASS	0.0599391000	0.0023284600	-0.0198854000	-0.0134996000	-0.0021605000	0.0410594000	-0.0481690000	0.0098591500	0.0364059000	-0.0010328900	0.0120506000	-0.0325718000	0.0052237400	-0.1077940000	-0.0179492000	-0.0458591000	0.0876643000	0.0378342000	-0.0135688000	0.0308887000
279	HGDP00676.HO	Palestinian	Palestinian	Israel, modern 1	Pass	0.0602341000	0.0018965800	-0.0200688000	-0.0133892000	-0.0026097200	0.0409981000	-0.0481708000	0.0097502100	0.0367072000	-0.0011941200	0.0121166000	-0.0327092000	0.0052699300	-0.1079680000	-0.0180360000	-0.0459284000	0.0874226000	0.0376778000	-0.0135775000	0.0306322000
280	HGDP00677.DG	Palestinian	Palestinian	Israel, modern 1	PROVISIONAL_PASS	0.1377500000	0.0264349000	0.0482154000	-0.0435509000	-0.0123066000	-0.0202889000	0.0374739000	0.0050585700	0.0380820000	0.0224372000	-0.0655667000	0.0597845000	0.1774000000	0.0122171000	0.0914549000	-0.0141505000	-0.1201200000	0.0547657000	0.0122826000	-0.0028402300
281	HGDP00677.HO	Palestinian	Palestinian	Israel, modern 1	Pass	0.1372290000	0.0259303000	0.0481649000	-0.0435237000	-0.0123682000	-0.0205039000	0.0372459000	0.0050263500	0.0384065000	0.0223257000	-0.0657869000	0.0597255000	0.1768910000	0.0121847000	0.0913301000	-0.0137500000	-0.1198620000	0.0543050000	0.0123603000	-0.0028272600
282	HGDP00678.DG	Palestinian	Palestinian	Israel, modern 1	PROVISIONAL_PASS	0.0564518000	0.0088513200	-0.0035596800	0.0180794000	0.0075508300	0.0364618000	-0.0416983000	0.0041106200	0.0393533000	-0.0081066000	-0.0906674000	0.0668388000	-0.0804479000	0.0805941000	0.0596948000	0.0194110000	0.0167976000	-0.0888149000	-0.0032791900	-0.0337902000
283	HGDP00679.DG	Palestinian	Palestinian	Israel, modern 1	PROVISIONAL_PASS	0.0799897000	0.0112320000	0.0069753200	0.0522423000	0.0086743900	0.0323728000	-0.0280563000	-0.0154951000	0.0445085000	0.0029624900	-0.0237530000	0.0422122000	0.0456936000	0.0579807000	0.0522874000	-0.0059814300	-0.0036623500	-0.0324569000	0.0049945600	0.1233240000
284	HGDP00679.HO	Palestinian	Palestinian	Israel, modern 1	Pass	0.0801490000	0.0109674000	0.0068975200	0.0520984000	0.0089323600	0.0322755000	-0.0279523000	-0.0155177000	0.0445089000	0.0029547000	-0.0239266000	0.0421003000	0.0458457000	0.0583286000	0.0518388000	-0.0058297600	-0.0034584600	-0.0324383000	0.0048632500	0.1235080000
285	HGDP00680.DG	Palestinian	Palestinian	Israel, modern 1	PROVISIONAL_PASS	0.0403722000	0.0145081000	-0.0190810000	0.0019455500	0.0166576000	0.0717524000	-0.0594451000	-0.0046686300	0.0069114200	0.0172594000	0.0278086000	-0.1097230000	-0.0253368000	-0.0227690000	-0.0322826000	0.1091040000	-0.2831660000	-0.1442550000	0.0761448000	-0.1932430000
286	HGDP00680.HO	Palestinian	Palestinian	Israel, modern 1	Pass	0.0401528000	0.0146782000	-0.0191716000	0.0020840000	0.0165035000	0.0717240000	-0.0592536000	-0.0048492200	0.0066128500	0.0174119000	0.0278237000	-0.1099190000	-0.0247300000	-0.0232130000	-0.0327192000	0.1093030000	-0.2832750000	-0.1436040000	0.0765236000	-0.1929370000
287	HGDP00682.DG	Palestinian	Palestinian	Israel, modern 1	PROVISIONAL_PASS	0.0400405000	0.0093784600	-0.0110062000	-0.0002193600	0.0049765500	0.0160453000	-0.0234849000	-0.0031233800	0.0106842000	0.0033392800	-0.0040750600	-0.0068407000	0.0065343300	-0.0069769000	0.0052680000	-0.0014389200	0.0173601000	-0.0123787000	-0.0013495400	0.0079932100
288	HGDP00683.DG	Palestinian	Palestinian	Israel, modern 1	PROVISIONAL_PASS	0.0825179000	0.0065469100	0.0067071600	-0.0353338000	0.0121617000	0.0428085000	-0.0705905000	-0.0238325000	0.0793023000	-0.0272851000	-0.1736710000	0.0143631000	-0.2415910000	-0.2082610000	-0.1464190000	-0.0097804300	-0.0228561000	0.2678670000	0.0171714000	0.0371162000
289	HGDP00683.HO	Palestinian	Palestinian	Israel, modern 1	Pass	0.0823142000	0.0067550000	0.0066609700	-0.0351864000	0.0121273000	0.0425194000	-0.0704690000	-0.0236812000	0.0791903000	-0.0274601000	-0.1738110000	0.0141526000	-0.2413790000	-0.2081750000	-0.1463900000	-0.0099504400	-0.0227707000	0.2677900000	0.0174605000	0.0374273000
290	HGDP00684.DG	Palestinian	Palestinian	Israel, modern 1	PROVISIONAL_PASS	0.0385452000	-0.0073213000	-0.0257732000	0.0185277000	0.0135957000	0.0525552000	-0.0656818000	0.0038713400	-0.0084323300	-0.0161178000	0.1178550000	-0.2229290000	-0.0893443000	0.1901680000	0.1609790000	-0.2460910000	0.0155849000	0.1344810000	0.0554561000	-0.1079570000
291	HGDP00684.HO	Palestinian	Palestinian	Israel, modern 1	Pass	0.0385055000	-0.0074128900	-0.0256928000	0.0184568000	0.0133595000	0.0525570000	-0.0653209000	0.0040084800	-0.0083548900	-0.0162817000	0.1176400000	-0.2228080000	-0.0892648000	0.1898670000	0.1610080000	-0.2463480000	0.0153739000	0.1343970000	0.0558641000	-0.1078710000
292	HGDP00685.DG	Palestinian	Palestinian	Israel, modern 1	PROVISIONAL_PASS	0.0576873000	0.0152176000	-0.0015618700	0.0267645000	0.0155790000	0.0121826000	-0.0310176000	-0.0073166900	0.0204216000	-0.0059925200	-0.0326472000	0.0038399900	-0.0350353000	0.0180950000	-0.0027433100	0.0089495600	-0.0027790700	0.0155187000	-0.0094762400	-0.0105749000
293	HGDP00686.DG	Palestinian	Palestinian	Israel, modern 1	PROVISIONAL_PASS	0.0409009000	0.0002603330	-0.0198694000	0.0176899000	0.0079641000	0.0671185000	-0.0730858000	-0.0034123700	0.0033367700	-0.0517202000	0.1223650000	-0.2297010000	-0.0932561000	0.2036920000	0.1073000000	-0.2499590000	-0.0070239600	0.1567970000	-0.0133799000	-0.0193358000
294	HGDP00686.HO	Palestinian	Palestinian	Israel, modern 1	Pass	0.0405934000	-0.0003069220	-0.0201882000	0.0178784000	0.0075424000	0.0672790000	-0.0735190000	-0.0035572100	0.0036296300	-0.0521623000	0.1222840000	-0.2298990000	-0.0931159000	0.2037200000	0.1072170000	-0.2501540000	-0.0070598900	0.1570460000	-0.0135336000	-0.0194969000
295	HGDP00687.DG	Palestinian	Palestinian	Israel, modern 1	PROVISIONAL_PASS	0.0314560000	0.0026371700	-0.0128632000	0.0136069000	-0.0020737000	0.0180459000	-0.0237592000	-0.0066852300	0.0141912000	-0.0003590450	0.0161222000	0.0087213500	0.0012973200	-0.0048120200	0.0138868000	-0.0013901000	0.0289494000	-0.0168879000	-0.0227239000	0.0155140000
296	HGDP00688.DG	Palestinian	Palestinian	Israel, modern 1	PROVISIONAL_PASS	0.0481691000	0.0081875700	-0.0094941600	0.0138737000	0.0115836000	0.0656572000	-0.1023810000	-0.0074602000	0.0329363000	-0.0364138000	0.3411230000	0.2928850000	-0.0573576000	0.0021245500	-0.0042758600	0.0022780800	-0.0503177000	0.0417045000	-0.0136213000	0.0410851000
297	HGDP00688.HO	Palestinian	Palestinian	Israel, modern 1	Pass	0.0480136000	0.0081810000	-0.0095867800	0.0138545000	0.0113893000	0.0657378000	-0.1022580000	-0.0074317400	0.0329441000	-0.0364667000	0.3412650000	0.2927170000	-0.0574054000	0.0021012400	-0.0042407100	0.0023679300	-0.0503937000	0.0416982000	-0.0135094000	0.0412792000
298	HGDP00689.DG	Palestinian	Palestinian	Israel, modern 1	PROVISIONAL_PASS	0.0859002000	0.0165387000	0.0254568000	0.0774475000	0.0046454200	-0.0209007000	0.0262979000	0.0117253000	-0.0073650900	-0.0085827800	0.0061175100	-0.0069170700	0.0220107000	0.0354372000	0.0486305000	-0.0090768700	-0.0149696000	-0.0298881000	0.0662186000	0.0905117000
299	HGDP00689.HO	Palestinian	Palestinian	Israel, modern 1	Pass	0.0863719000	0.0163094000	0.0258833000	0.0780537000	0.0050386800	-0.0207977000	0.0269713000	0.0119462000	-0.0075986300	-0.0084657300	0.0064819800	-0.0070117500	0.0221645000	0.0351147000	0.0486222000	-0.0090606500	-0.0143714000	-0.0294912000	0.0666788000	0.0906529000
300	HGDP00690.DG	Palestinian	Palestinian	Israel, modern 1	PROVISIONAL_PASS	0.0935271000	0.0072336100	0.0021935000	0.0080987800	0.0110487000	0.0386206000	-0.0711926000	-0.0130578000	0.0759067000	-0.0240564000	-0.2076570000	0.1011060000	-0.2605790000	-0.0814217000	-0.0485053000	-0.0146977000	0.0067687600	0.1361150000	0.0062754400	-0.0068223300
301	HGDP00690.HO	Palestinian	Palestinian	Israel, modern 1	Pass	0.0934909000	0.0072563700	0.0021133700	0.0082263600	0.0108117000	0.0384517000	-0.0711539000	-0.0131503000	0.0758806000	-0.0237941000	-0.2073100000	0.1007180000	-0.2603590000	-0.0813303000	-0.0483134000	-0.0148598000	0.0072740300	0.1358060000	0.0064010300	-0.0068101300
302	HGDP00691.DG	Palestinian	Palestinian	Israel, modern 1	PROVISIONAL_PASS	0.0662974000	0.0097242500	-0.0013131200	0.0217667000	0.0109281000	0.0298928000	-0.0529139000	0.0058847100	0.0481414000	0.0310261000	0.0168652000	-0.0582732000	0.1063530000	0.0015186500	-0.2992620000	0.0026969800	0.0731658000	0.0361110000	0.1530990000	-0.1561350000
303	HGDP00691.HO	Palestinian	Palestinian	Israel, modern 1	Pass	0.0663790000	0.0098134400	-0.0013105900	0.0217194000	0.0111573000	0.0299948000	-0.0527084000	0.0057341000	0.0480474000	0.0310730000	0.0167219000	-0.0585664000	0.1061380000	0.0012458700	-0.2993610000	0.0026475500	0.0731248000	0.0361133000	0.1529860000	-0.1559800000
304	HGDP00692.DG	Palestinian	Palestinian	Israel, modern 1	PROVISIONAL_PASS	0.0500197000	0.0088808300	-0.0230634000	0.0095339400	0.0043435300	0.0183528000	-0.0373769000	-0.0057514100	0.0169664000	0.0009727450	0.0160253000	-0.0282499000	0.0111528000	-0.0110383000	-0.0038612200	-0.0072841800	0.0078817000	-0.0015271800	-0.0104112000	-0.0268564000
305	HGDP00693.DG	Palestinian	Palestinian	Israel, modern 1	PROVISIONAL_PASS	0.0371472000	0.0050085800	-0.0148617000	0.0096395200	0.0064057400	0.0145687000	-0.0205382000	-0.0010513900	0.0179065000	-0.0090208700	0.0091822800	0.0002622000	0.0094495000	0.0006299130	0.0136598000	0.0041027000	0.0109509000	0.0002409650	-0.0174798000	0.0322545000
306	HGDP00694.DG	Palestinian	Palestinian	Israel, modern 1	PROVISIONAL_PASS	0.0777844000	0.0123457000	0.0136158000	-0.0420814000	-0.0063975900	0.0084523900	-0.0215241000	-0.0088380200	0.0326079000	0.0075913500	-0.0477225000	-0.0361539000	0.1363370000	-0.0294393000	0.0968637000	0.0236568000	-0.1084780000	0.0393179000	-0.0416888000	0.0309473000
307	HGDP00694.HO	Palestinian	Palestinian	Israel, modern 1	Pass	0.0776842000	0.0122378000	0.0138532000	-0.0419593000	-0.0064492900	0.0085126700	-0.0214932000	-0.0089446200	0.0325687000	0.0074279300	-0.0475383000	-0.0362589000	0.1361950000	-0.0294107000	0.0967388000	0.0236601000	-0.1083350000	0.0394559000	-0.0416038000	0.0307926000
308	HGDP00696.DG	Palestinian	Palestinian	Israel, modern 1	PROVISIONAL_PASS	0.0870978000	0.0115550000	-0.0032118000	-0.0400628000	-0.0164656000	0.0071995100	-0.0439750000	-0.0080101100	0.0411710000	0.0227288000	-0.0286597000	0.0105317000	0.0479117000	-0.2545370000	0.0938245000	-0.2386010000	0.0956566000	-0.0914831000	-0.0629993000	-0.0642414000
309	HGDP00696.HO	Palestinian	Palestinian	Israel, modern 1	Pass	0.0870498000	0.0113062000	-0.0034949900	-0.0405415000	-0.0160967000	0.0068824800	-0.0436902000	-0.0077656300	0.0413662000	0.0229429000	-0.0286743000	0.0105894000	0.0481573000	-0.2551110000	0.0938344000	-0.2389930000	0.0957733000	-0.0916182000	-0.0629441000	-0.0643382000
310	HGDP00697.DG	Palestinian	Palestinian	Israel, modern 1	PROVISIONAL_PASS	0.1068500000	0.0141689000	0.0191420000	-0.0181071000	-0.0103173000	-0.0033793000	-0.0298365000	0.0061801000	0.0374673000	0.0514998000	-0.0181353000	0.0398291000	0.2166280000	0.0374697000	0.0175463000	0.0010884500	-0.0051565800	-0.0110102000	-0.0559844000	-0.0223711000
311	HGDP00697.HO	Palestinian	Palestinian	Israel, modern 1	Pass	0.1067680000	0.0140728000	0.0189439000	-0.0180256000	-0.0103000000	-0.0031313200	-0.0296503000	0.0065195000	0.0376173000	0.0512433000	-0.0181025000	0.0398276000	0.2165070000	0.0374675000	0.0176016000	0.0012187300	-0.0050423100	-0.0109981000	-0.0561535000	-0.0225283000
312	HGDP00698.DG	Palestinian	Palestinian	Israel, modern 1	PROVISIONAL_PASS	0.0321250000	-0.0040242900	-0.0256398000	0.0008021180	0.0234964000	0.0361011000	-0.0528847000	0.0137171000	0.0141672000	-0.0016149200	0.0687279000	-0.0916443000	0.0398367000	-0.0704229000	0.2585620000	0.3652110000	0.2184700000	0.1295120000	0.2938340000	-0.0608397000
313	HGDP00698.HO	Palestinian	Palestinian	Israel, modern 1	Pass	0.0321402000	-0.0042594700	-0.0252981000	0.0008025650	0.0238063000	0.0363457000	-0.0528637000	0.0134931000	0.0142770000	-0.0014238900	0.0687077000	-0.0915988000	0.0395490000	-0.0704246000	0.2585060000	0.3652060000	0.2185040000	0.1297400000	0.2938940000	-0.0606682000
314	HGDP00699.DG	Palestinian	Palestinian	Israel, modern 1	PROVISIONAL_PASS	0.0492546000	0.0030647200	-0.0093432200	0.0048263500	0.0033550400	0.0511823000	-0.0503175000	0.0087011800	0.0334405000	-0.0146003000	-0.0455963000	0.0066462900	-0.0975793000	-0.0155678000	-0.0224211000	0.0070118300	0.0506345000	-0.0094478500	0.0011068700	0.0464250000
315	HGDP00699.HO	Palestinian	Palestinian	Israel, modern 1	Pass	0.0491762000	0.0026902600	-0.0094085800	0.0046483200	0.0032413700	0.0509152000	-0.0500348000	0.0087450300	0.0333015000	-0.0145954000	-0.0457075000	0.0068522800	-0.0974641000	-0.0157041000	-0.0221071000	0.0069898600	0.0507876000	-0.0092080900	0.0011283700	0.0463958000
316	HGDP00700.DG	Palestinian	Palestinian	Israel, modern 1	PROVISIONAL_PASS	0.0520414000	0.0121796000	-0.0217285000	0.0059508200	0.0210049000	0.0326896000	-0.0581513000	-0.0000126599	-0.0035028000	0.0189258000	0.0436039000	-0.0558985000	-0.0183679000	0.0025568300	-0.0380782000	0.1421930000	0.1846690000	-0.1398620000	-0.1847690000	-0.2821010000
317	HGDP00700.HO	Palestinian	Palestinian	Israel, modern 1	Pass	0.0519874000	0.0120367000	-0.0216335000	0.0061366600	0.0209253000	0.0325917000	-0.0582584000	0.0001607460	-0.0035239000	0.0189690000	0.0435397000	-0.0558556000	-0.0187019000	0.0028499100	-0.0379965000	0.1420230000	0.1845950000	-0.1399100000	-0.1849990000	-0.2818980000
318	HGDP00722.DG	Palestinian	Palestinian	Israel, modern 1	PROVISIONAL_PASS	0.0776146000	-0.0191149000	-0.5290240000	-0.0672028000	-0.0709428000	-0.1113390000	0.1294970000	0.0089879600	-0.0045807800	0.0052389700	-0.0061589900	0.0298681000	-0.0086568400	0.0167714000	-0.0084176600	-0.0056840000	-0.0247725000	0.0101711000	0.0111095000	-0.0006319570
319	HGDP00722.HO	Palestinian	Palestinian	Israel, modern 1	Pass	0.0775245000	-0.0191447000	-0.5286190000	-0.0671954000	-0.0709503000	-0.1112510000	0.1293260000	0.0090847400	-0.0044895400	0.0052412500	-0.0062434300	0.0297235000	-0.0086553500	0.0168034000	-0.0085541400	-0.0056685200	-0.0246998000	0.0102211000	0.0110848000	-0.0003813980
320	HGDP00723.DG	Palestinian	Palestinian	Israel, modern 1	PROVISIONAL_PASS	0.0453231000	0.0083889700	-0.0086671300	0.0049151300	0.0029774000	0.0229207000	-0.0286061000	-0.0006015110	0.0145544000	0.0070501100	-0.0041244800	-0.0069626100	0.0057143100	-0.0152009000	0.0145210000	-0.0032539600	0.0126006000	-0.0118371000	0.0033887600	0.0088490700
321	HGDP00724.DG	Palestinian	Palestinian	Israel, modern 1	PROVISIONAL_PASS	0.1375040000	0.0280955000	0.0635485000	-0.1557680000	-0.0370005000	-0.0240698000	0.0232767000	0.0091371800	0.0231162000	0.0150729000	-0.0410050000	-0.0083561200	0.1380490000	-0.1307550000	0.0698891000	-0.0003575490	-0.1462140000	0.1156610000	-0.0353822000	-0.0006414180
322	HGDP00724.HO	Palestinian	Palestinian	Israel, modern 1	Pass	0.1372530000	0.0281638000	0.0634916000	-0.1557010000	-0.0369090000	-0.0241083000	0.0232317000	0.0092438500	0.0230637000	0.0153060000	-0.0407264000	-0.0083671100	0.1378610000	-0.1304050000	0.0696854000	-0.0003198070	-0.1461280000	0.1156470000	-0.0353293000	-0.0007292760
323	HGDP00725.DG	Palestinian	Palestinian	Israel, modern 1	PROVISIONAL_PASS	0.1948090000	0.0375655000	0.1513520000	-0.3988150000	-0.0540585000	-0.1240900000	0.1411010000	0.0320728000	-0.1054730000	-0.0305096000	0.0917816000	-0.0257016000	-0.1311750000	0.0659603000	-0.0463665000	0.0285632000	0.0575230000	-0.0461519000	0.0233821000	0.0029121900
324	HGDP00725.HO	Palestinian	Palestinian	Israel, modern 1	Pass	0.1947170000	0.0375808000	0.1513570000	-0.3988480000	-0.0540598000	-0.1240510000	0.1411160000	0.0321055000	-0.1054210000	-0.0304609000	0.0918000000	-0.0256746000	-0.1311790000	0.0658917000	-0.0463691000	0.0286064000	0.0576031000	-0.0461352000	0.0233151000	0.0028196200
325	HGDP00726.DG	Palestinian	Palestinian	Israel, modern 1	PROVISIONAL_PASS	0.0763165000	0.0139452000	0.0045718300	0.0253571000	0.0100403000	0.0241263000	-0.0405952000	0.0038506400	0.0577961000	0.0315152000	-0.0202476000	-0.0118566000	0.0938540000	0.1268930000	-0.1861250000	-0.0195081000	0.0800652000	0.0684472000	0.0797909000	0.0363860000
326	HGDP00726.HO	Palestinian	Palestinian	Israel, modern 1	Pass	0.0760763000	0.0140048000	0.0045472700	0.0252420000	0.0099363700	0.0240819000	-0.0403256000	0.0038220200	0.0577419000	0.0312756000	-0.0202424000	-0.0119545000	0.0938028000	0.1268140000	-0.1860510000	-0.0194567000	0.0800292000	0.0686193000	0.0795476000	0.0361861000
327	HGDP00727.DG	Palestinian	Palestinian	Israel, modern 1	PROVISIONAL_PASS	0.0580382000	0.0126072000	-0.0108254000	0.0185792000	0.0112551000	0.0587073000	-0.1053230000	-0.0021867200	0.0701975000	-0.0417211000	0.3472860000	0.2926200000	-0.0250277000	-0.0230284000	-0.0535109000	-0.0183829000	-0.0558692000	0.0297993000	-0.0018307000	0.0108687000
328	HGDP00727.HO	Palestinian	Palestinian	Israel, modern 1	Pass	0.0580400000	0.0126068000	-0.0108093000	0.0185671000	0.0113676000	0.0586832000	-0.1052820000	-0.0022624700	0.0703440000	-0.0418818000	0.3476520000	0.2930050000	-0.0250070000	-0.0227146000	-0.0538133000	-0.0182720000	-0.0561603000	0.0297982000	-0.0013700700	0.0109585000
329	HGDP00729.DG	Palestinian	Palestinian	Israel, modern 1	PROVISIONAL_PASS	0.0795078000	0.0151443000	-0.0092328600	0.0209698000	-0.0017941800	0.0255289000	-0.0568355000	-0.0088545800	0.0474021000	0.0235422000	-0.0003653290	-0.0124322000	0.1029940000	-0.0862599000	-0.1623740000	-0.0620127000	-0.0071001500	-0.0149489000	0.1447670000	-0.1675900000
330	HGDP00729.HO	Palestinian	Palestinian	Israel, modern 1	Pass	0.0794451000	0.0151876000	-0.0092598300	0.0210042000	-0.0018563600	0.0255306000	-0.0567910000	-0.0089854200	0.0473015000	0.0234370000	-0.0003495570	-0.0123289000	0.1029730000	-0.0861433000	-0.1625010000	-0.0619963000	-0.0069780500	-0.0149374000	0.1447810000	-0.1675470000
331	HGDP00730.DG	Palestinian	Palestinian	Israel, modern 1	PROVISIONAL_PASS	0.0622294000	0.0114308000	-0.0006612130	-0.0053416500	-0.0161452000	0.0186054000	-0.0304335000	-0.0086744600	0.0280973000	0.0062864700	-0.0321144000	-0.0068874500	0.0468637000	-0.2147350000	0.0898910000	-0.2140140000	0.0790083000	-0.1128880000	-0.0266842000	-0.0492212000
332	HGDP00730.HO	Palestinian	Palestinian	Israel, modern 1	Pass	0.0620856000	0.0112442000	-0.0009065190	-0.0052216000	-0.0160868000	0.0185452000	-0.0304813000	-0.0087584200	0.0281016000	0.0062116500	-0.0321606000	-0.0064655300	0.0470105000	-0.2148310000	0.0897376000	-0.2139200000	0.0789917000	-0.1127360000	-0.0268700000	-0.0491447000
333	HGDP00731.DG	Palestinian	Palestinian	Israel, modern 1	PROVISIONAL_PASS	0.0628688000	0.0163970000	-0.0050221000	0.0039689000	0.0001893110	0.0323676000	-0.0406364000	0.0042027200	0.0240250000	0.0076901900	-0.0089353300	-0.0135252000	0.0541741000	-0.0043939200	-0.0794366000	-0.0045796200	0.0142737000	0.0142698000	0.0376654000	-0.0274126000
334	HGDP00732.DG	Palestinian	Palestinian	Israel, modern 1	PROVISIONAL_PASS	0.1221430000	0.0220850000	0.0238799000	-0.0093430700	0.0011078500	0.0209877000	-0.0377426000	0.0059311000	0.0629325000	0.0216992000	-0.1613180000	0.1476180000	0.0164067000	0.1556330000	0.1102030000	0.0052437200	-0.0241895000	-0.0748565000	-0.0032901500	-0.0171925000
335	HGDP00732.HO	Palestinian	Palestinian	Israel, modern 1	Pass	0.1219700000	0.0221522000	0.0240187000	-0.0093544200	0.0012745000	0.0210367000	-0.0379416000	0.0058633200	0.0629682000	0.0219473000	-0.1612550000	0.1477440000	0.0162674000	0.1556750000	0.1101630000	0.0055421100	-0.0240538000	-0.0748641000	-0.0034689800	-0.0172044000
336	HGDP00733.DG	Palestinian	Palestinian	Israel, modern 1	PROVISIONAL_PASS	0.1035480000	0.0144653000	0.0160227000	-0.0150879000	-0.0022175400	0.0068821300	-0.0255249000	0.0096987600	0.0325679000	0.0341782000	-0.0613606000	0.0419263000	0.2152820000	0.1347840000	-0.0407306000	0.0232846000	0.0118743000	0.0599138000	-0.0953085000	0.0477283000
337	HGDP00733.HO	Palestinian	Palestinian	Israel, modern 1	Pass	0.1033440000	0.0143651000	0.0158622000	-0.0146492000	-0.0021219200	0.0068132400	-0.0253611000	0.0095593200	0.0325320000	0.0343032000	-0.0610118000	0.0417398000	0.2153550000	0.1347660000	-0.0403578000	0.0229892000	0.0118268000	0.0599242000	-0.0953848000	0.0476075000
338	HGDP00734.DG	Palestinian	Palestinian	Israel, modern 1	PROVISIONAL_PASS	0.0520827000	0.0054044700	-0.0152756000	0.0128924000	0.0150310000	0.0491405000	-0.0428444000	0.0092167500	0.0481904000	0.0327320000	-0.0135924000	0.0396722000	-0.0606030000	0.0853184000	0.0806425000	0.0612783000	0.0210889000	-0.1022850000	0.1369100000	0.0528842000
339	HGDP00734.HO	Palestinian	Palestinian	Israel, modern 1	Pass	0.0518733000	0.0053246200	-0.0152477000	0.0126980000	0.0148782000	0.0491024000	-0.0427395000	0.0093068200	0.0480930000	0.0327720000	-0.0135653000	0.0398859000	-0.0603687000	0.0854783000	0.0807007000	0.0608682000	0.0211519000	-0.1022720000	0.1367290000	0.0528900000
340	HGDP00735.DG	Palestinian	Palestinian	Israel, modern 1	PROVISIONAL_PASS	0.0820239000	0.0102189000	-0.0095477700	0.0228944000	0.0089890700	0.0647392000	-0.0769256000	-0.0087734300	0.0828694000	-0.0080004200	-0.2057990000	0.1736880000	-0.1987940000	0.2016860000	0.1320190000	0.0226610000	0.0249820000	-0.1855040000	-0.0077077600	-0.0820022000
341	HGDP00735.HO	Palestinian	Palestinian	Israel, modern 1	Pass	0.0819682000	0.0099062400	-0.0095093100	0.0229045000	0.0091047700	0.0645475000	-0.0768550000	-0.0087868400	0.0830460000	-0.0075403400	-0.2064980000	0.1738020000	-0.1987570000	0.2019410000	0.1326470000	0.0227532000	0.0250662000	-0.1856010000	-0.0077333100	-0.0818705000
342	HGDP00736.DG	Palestinian	Palestinian	Israel, modern 1	PROVISIONAL_PASS	0.0287870000	-0.0015080400	-0.0350572000	-0.0180639000	0.0174903000	0.0365024000	-0.0369757000	0.0100551000	0.0113438000	0.0065049500	0.0428141000	-0.0278522000	0.0288175000	-0.0366065000	-0.0118047000	0.0087289400	0.0444554000	0.0135971000	-0.0434782000	0.0073269100
343	HGDP00736.HO	Palestinian	Palestinian	Israel, modern 1	Pass	0.0288220000	-0.0015124300	-0.0350481000	-0.0180253000	0.0174421000	0.0365346000	-0.0365745000	0.0099739800	0.0112200000	0.0065074800	0.0427144000	-0.0277497000	0.0288325000	-0.0366999000	-0.0119888000	0.0089083900	0.0444384000	0.0136610000	-0.0436019000	0.0073058100
344	HGDP00737.DG	Palestinian	Palestinian	Israel, modern 1	PROVISIONAL_PASS	0.2226710000	0.0410771000	0.0873038000	0.3529580000	-0.0157317000	-0.1631310000	0.2699600000	-0.0141712000	-0.0714885000	-0.0286953000	0.0620697000	-0.0222823000	-0.0908165000	-0.0308719000	-0.0294176000	0.0303033000	0.0066793800	0.0131903000	-0.0317838000	-0.0366773000
345	HGDP00737.HO	Palestinian	Palestinian	Israel, modern 1	Pass	0.2225220000	0.0410596000	0.0874374000	0.3528130000	-0.0157715000	-0.1629660000	0.2697980000	-0.0141606000	-0.0714132000	-0.0287366000	0.0621249000	-0.0223137000	-0.0908343000	-0.0307764000	-0.0294560000	0.0302618000	0.0066988500	0.0131956000	-0.0318963000	-0.0366158000
346	HGDP00738.DG	Palestinian	Palestinian	Israel, modern 1	PROVISIONAL_PASS	0.0316751000	0.0114518000	-0.0142531000	0.0072408500	0.0036123700	0.0273343000	-0.0275477000	-0.0101080000	0.0070902100	0.0034064000	0.0111940000	-0.0264758000	-0.0052364600	0.0011834500	0.0003895890	0.0074976000	-0.0034227700	-0.0055595100	-0.0072089400	0.0114169000
347	HGDP00739.DG	Palestinian	Palestinian	Israel, modern 1	PROVISIONAL_PASS	0.0582880000	0.0081066600	-0.0198634000	0.0186277000	0.0211983000	0.0505158000	-0.0664747000	0.0132855000	0.0310467000	-0.0144137000	-0.0482712000	-0.0569539000	0.0663080000	0.2038480000	-0.2133500000	0.0795954000	0.1200170000	0.1344300000	-0.2004060000	0.1144280000
348	HGDP00739.HO	Palestinian	Palestinian	Israel, modern 1	Pass	0.0583979000	0.0080107400	-0.0199972000	0.0185890000	0.0213393000	0.0505456000	-0.0664300000	0.0133520000	0.0309463000	-0.0141444000	-0.0484084000	-0.0570032000	0.0663190000	0.2036840000	-0.2138050000	0.0798461000	0.1198300000	0.1346870000	-0.2004920000	0.1146660000
349	HGDP00740.DG	Palestinian	Palestinian	Israel, modern 1	PROVISIONAL_PASS	0.0867078000	0.0134709000	0.0259976000	0.0674023000	0.0038217700	-0.0015370700	0.0158760000	0.0083703900	0.0233510000	0.0019138200	0.0083900600	0.0172161000	0.0296888000	-0.0408067000	0.0691347000	-0.0687506000	0.0142673000	-0.0275870000	0.0752629000	0.0543356000
350	HGDP00740.HO	Palestinian	Palestinian	Israel, modern 1	Pass	0.0865835000	0.0134441000	0.0261012000	0.0673470000	0.0037731400	-0.0013902600	0.0161244000	0.0084033300	0.0234257000	0.0020733500	0.0085093200	0.0173904000	0.0297585000	-0.0408127000	0.0691710000	-0.0689032000	0.0142269000	-0.0276080000	0.0751828000	0.0543801000
351	HGDP00741.DG	Palestinian	Palestinian	Israel, modern 1	PROVISIONAL_PASS	0.0170384000	-0.0035082400	-0.0061634200	0.0029403300	0.0073303400	0.0123038000	-0.0196091000	-0.0006727540	0.0014654500	0.0049130200	0.0121816000	-0.0177291000	0.0050776300	-0.0081384500	-0.0008409130	0.0079269000	-0.0001143930	0.0004414690	-0.0000650525	0.0008830440
352	HGDP00744.DG	Palestinian	Palestinian	Israel, modern 1	PROVISIONAL_PASS	0.0334727000	0.0130721000	-0.0116393000	0.0081337000	0.0123254000	0.0209858000	-0.0269816000	0.0057000200	-0.0087004300	-0.0002499450	0.0080543400	-0.0278406000	-0.0020775300	-0.0050359500	-0.0018693200	0.0185302000	-0.0046021200	0.0175242000	-0.0081615500	-0.0115526000
353	HGDP00745.DG	Palestinian	Palestinian	Israel, modern 1	PROVISIONAL_PASS	0.0389602000	0.0036198200	-0.0373182000	0.0086693000	-0.0089853900	0.0411827000	-0.0286581000	-0.0038979100	0.0291782000	-0.0049340800	0.0824128000	-0.0481671000	0.0149341000	-0.1221330000	0.1462420000	0.0791553000	0.2127200000	0.0066687300	-0.3308800000	0.0491088000
354	HGDP00745.HO	Palestinian	Palestinian	Israel, modern 1	Pass	0.0389480000	0.0036348400	-0.0372757000	0.0088709600	-0.0089686500	0.0410642000	-0.0285474000	-0.0039163600	0.0290397000	-0.0046501900	0.0828404000	-0.0481138000	0.0151050000	-0.1224150000	0.1462030000	0.0790947000	0.2126940000	0.0068908700	-0.3313800000	0.0492435000
355	HGDP00746.DG	Palestinian	Palestinian	Israel, modern 1	PROVISIONAL_PASS	0.0516738000	0.0063741700	-0.0022820300	0.0088609600	0.0036414800	0.0191931000	-0.0251190000	0.0046714800	0.0241833000	0.0063254300	0.0209194000	-0.0127955000	0.0448687000	-0.0003735290	-0.0893338000	-0.0044386400	0.0111085000	0.0041739500	0.0591918000	-0.0593896000
356	S_Palestinian-1.DG	Palestinian	Palestinian	Israel, modern 1	PROVISIONAL_PASS	0.0778129000	-0.0190364000	-0.5299660000	-0.0673211000	-0.0710528000	-0.1113750000	0.1294220000	0.0088618700	-0.0047594400	0.0051366500	-0.0060726300	0.0302302000	-0.0084773900	0.0169727000	-0.0086970100	-0.0052801200	-0.0245390000	0.0100916000	0.0115689000	-0.0005170910
357	S_Palestinian-2.DG	Palestinian	Palestinian	Israel, modern 1	PROVISIONAL_PASS	0.1944730000	0.0375230000	0.1512810000	-0.3989660000	-0.0540729000	-0.1241800000	0.1409030000	0.0323135000	-0.1054000000	-0.0306242000	0.0918216000	-0.0256946000	-0.1310730000	0.0662116000	-0.0457887000	0.0283742000	0.0571134000	-0.0465895000	0.0230211000	0.0028530900
358	S_Palestinian-3.DG	Palestinian	Palestinian	Israel, modern 1	PROVISIONAL_PASS	0.2229440000	0.0410902000	0.0872102000	0.3526750000	-0.0154466000	-0.1627200000	0.2692180000	-0.0143498000	-0.0714225000	-0.0282078000	0.0620256000	-0.0219288000	-0.0906147000	-0.0307357000	-0.0290907000	0.0301886000	0.0071473300	0.0127727000	-0.0319125000	-0.0372799000
359	SR23.HO	Sicilian	Sicilian	Siracusa	Pass	-0.0139848000	-0.0301982000	-0.0005856530	-0.0072249300	0.0017875300	-0.0017479300	0.0011784500	0.0061193200	-0.0150494000	-0.0041629500	-0.0013800900	0.0058766500	0.0097580400	0.0010529100	-0.0004670990	-0.0054886300	-0.0074883500	-0.0063322700	0.0061330400	-0.0033489500
360	SR44.HO	Sicilian	Sicilian	Siracusa	Pass	-0.0141744000	-0.0316874000	0.0037561700	0.0013739100	-0.0059861500	0.0015385900	-0.0042353000	-0.0043425800	-0.0125183000	-0.0022017400	0.0026797800	-0.0004243740	0.0033580600	0.0020231000	-0.0026341400	-0.0008584500	-0.0045392500	0.0033212000	0.0042453400	-0.0019910600
361	SR48R.HO	Sicilian	Sicilian	Siracusa	Pass	-0.0139371000	-0.0334293000	0.0040255800	-0.0044420600	-0.0024380400	-0.0013542600	-0.0006785510	-0.0026604000	-0.0207254000	-0.0108650000	0.0006740050	-0.0075689500	-0.0073045000	-0.0075177300	-0.0007197960	-0.0055583800	-0.0003357540	-0.0023718400	-0.0027882800	-0.0073800300
362	SR60.HO	Sicilian	Sicilian	Siracusa	Pass	-0.0178512000	-0.0261700000	0.0058379600	0.0047632200	-0.0059698100	-0.0018436600	-0.0008390930	0.0092611300	-0.0143750000	-0.0082104200	0.0028647200	-0.0125957000	0.0019699800	0.0038841000	0.0000301573	-0.0046236900	0.0007257640	-0.0022927900	-0.0154591000	-0.0131575000
363	SR64.HO	Sicilian	Sicilian	Siracusa	Pass	-0.0092803500	-0.0275725000	0.0074717000	0.0007639820	-0.0051733000	0.0013422000	-0.0018701900	0.0038942400	-0.0248507000	-0.0082578200	-0.0024338100	0.0056189300	-0.0008006990	-0.0089277400	-0.0047383300	-0.0019663400	-0.0071373000	0.0059758300	0.0105220000	-0.0025444400
364	TP04.HO	Sicilian	Sicilian	Trapani	Pass	-0.0175547000	-0.0350642000	0.0036375200	0.0007338280	-0.0038490000	-0.0023850000	0.0002819220	-0.0031901500	-0.0179319000	-0.0195389000	-0.0059913400	0.0041395600	0.0009115010	-0.0001144240	0.0021779100	0.0002821680	0.0003630400	0.0088254900	0.0039449900	-0.0014294600
365	TP05.HO	Sicilian	Sicilian	Trapani	Pass	-0.0137264000	-0.0300049000	0.0061917300	-0.0009864370	0.0002016500	-0.0009760200	-0.0024418600	-0.0048971100	-0.0129831000	0.0002609470	0.0034651100	0.0039463700	-0.0009074000	0.0069943400	-0.0119548000	0.0036542400	-0.0017218700	0.0028986200	0.0120589000	0.0004398240
366	TP06.HO	Sicilian	Sicilian	Trapani	Pass	-0.0160019000	-0.0307274000	0.0060166900	0.0019751100	-0.0008011340	-0.0038765900	-0.0011384400	-0.0008536760	-0.0154902000	-0.0054684300	0.0019371600	0.0017863400	-0.0016559800	-0.0032696000	0.0018053000	0.0052176800	0.0032041300	-0.0036412900	0.0032430400	0.0014877400
367	TP07.HO	Sicilian	Sicilian	Trapani	Pass	-0.0091600100	-0.0313659000	0.0043342000	-0.0006632630	-0.0090901200	0.0056344600	-0.0040825900	0.0007544010	-0.0107617000	-0.0048008000	0.0010027000	-0.0018236000	-0.0024577100	0.0042276600	-0.0003639530	0.0012939900	-0.0082061300	-0.0040463400	-0.0014081100	-0.0004918750
368	TP08.HO	Sicilian	Sicilian	Trapani	Pass	-0.0147077000	-0.0326612000	0.0038839300	-0.0026041100	0.0035982000	0.0043372600	-0.0032587300	0.0002532190	-0.0164889000	-0.0005218700	-0.0058614600	0.0093712200	0.0007348560	-0.0012559900	-0.0048321900	0.0033513500	0.0014729500	-0.0086618700	0.0064416900	0.0186626000
369	TP25.HO	Sicilian	Sicilian	Trapani	Pass	-0.0123777000	-0.0294848000	0.0033150800	0.0066109000	0.0049462300	-0.0007009110	0.0021052000	-0.0044966200	-0.0108739000	-0.0101018000	-0.0053562800	-0.0026813800	-0.0020536900	-0.0031310300	0.0017664500	0.0053444800	0.0068066400	0.0062495900	0.0039543900	-0.0032111000
